0	1	!ard\prefabs_Buildings_Altan_al_shingle_new_roof_1_1_nocenter.Xvx.ard
1	1	!ard\prefabs_Buildings_Altan_al_shingle_new_roof_2_1_nocenter.Xvx.ard
2	1	!ard\prefabs_Buildings_Altan_al_wood_new_basement_1_1_nocenter.Xvx.ard
3	1	!ard\prefabs_Buildings_Altan_al_wood_new_roof_1_1_nocenter.Xvx.ard
4	1	!ard\prefabs_Buildings_Altan_al_wood_new_wall_1_1_nocenter.Xvx.ard
5	1	!ard\prefabs_Buildings_Altan_al_wood_new_wall_2_1_nocenter.Xvx.ard
6	1	!ard\prefabs_Buildings_Altan_al_wood_old_basement_1_1_nocenter.Xvx.ard
7	1	!ard\prefabs_Buildings_Altan_al_wood_old_roof_1_1_nocenter.Xvx.ard
8	1	!ard\prefabs_Buildings_Altan_al_wood_old_wall_1_1_nocenter.Xvx.ard
9	1	!ard\prefabs_Buildings_Altan_al_wood_old_wall_2_1_nocenter.Xvx.ard
10	1	!ard\prefabs_Buildings_Altan_al_wood_painted_basement_1_1_nocenter.Xvx.ard
11	1	!ard\prefabs_Buildings_Altan_al_wood_painted_roof_1_1_nocenter.Xvx.ard
12	1	!ard\prefabs_Buildings_Altan_al_wood_painted_wall_1_1_nocenter.Xvx.ard
13	1	!ard\prefabs_Buildings_Altan_al_wood_painted_wall_2_1_nocenter.Xvx.ard
14	1	!ard\prefabs_Buildings_Altan_LOD1_LOD1_al_wood_new_basement_1_1_nocenter.Xvx.ard
15	1	!ard\prefabs_Buildings_Altan_LOD1_LOD1_al_wood_new_roof_1_1_nocenter.Xvx.ard
16	1	!ard\prefabs_Buildings_Altan_LOD1_LOD1_al_wood_new_wall_1_1_nocenter.Xvx.ard
17	1	!ard\prefabs_Buildings_Altan_LOD1_LOD1_al_wood_new_wall_2_1_nocenter.Xvx.ard
18	1	!ard\prefabs_Buildings_Altan_LOD1_LOD1_al_wood_old_basement_1_1_nocenter.Xvx.ard
19	1	!ard\prefabs_Buildings_Altan_LOD1_LOD1_al_wood_old_roof_1_1_nocenter.Xvx.ard
20	1	!ard\prefabs_Buildings_Altan_LOD1_LOD1_al_wood_old_wall_1_1_nocenter.Xvx.ard
21	1	!ard\prefabs_Buildings_Altan_LOD1_LOD1_al_wood_old_wall_2_1_nocenter.Xvx.ard
22	1	!ard\prefabs_Buildings_Altan_LOD1_LOD1_al_wood_painted_basement_1_1_nocenter.Xvx.ard
23	1	!ard\prefabs_Buildings_Altan_LOD1_LOD1_al_wood_painted_roof_1_1_nocenter.Xvx.ard
24	1	!ard\prefabs_Buildings_Altan_LOD1_LOD1_al_wood_painted_wall_1_1_nocenter.Xvx.ard
25	1	!ard\prefabs_Buildings_Altan_LOD1_LOD1_al_wood_painted_wall_2_1_nocenter.Xvx.ard
26	1	!ard\prefabs_Buildings_Annex_an_airbrick_fixed_wall_1_1_nocenter.Xvx.ard
27	1	!ard\prefabs_Buildings_Annex_an_airbrick_fixed_wall_1_2_nocenter.Xvx.ard
28	1	!ard\prefabs_Buildings_Annex_an_airbrick_fixed_wall_door_1_2_nocenter.Xvx.ard
29	1	!ard\prefabs_Buildings_Annex_an_airbrick_fixed_wall_front_1_1_nocenter.Xvx.ard
30	1	!ard\prefabs_Buildings_Annex_an_airbrick_fixed_wall_front_1_2_nocenter.Xvx.ard
31	1	!ard\prefabs_Buildings_Annex_an_airbrick_fixed_wall_window_1_1_nocenter.Xvx.ard
32	1	!ard\prefabs_Buildings_Annex_an_airbrick_fixed_wall_window_1_2_nocenter.Xvx.ard
33	1	!ard\prefabs_Buildings_Annex_an_airbrick_new_wall_1_1_nocenter.Xvx.ard
34	1	!ard\prefabs_Buildings_Annex_an_airbrick_new_wall_door_1_1_nocenter.Xvx.ard
35	1	!ard\prefabs_Buildings_Annex_an_airbrick_new_wall_front_1_1_nocenter.Xvx.ard
36	1	!ard\prefabs_Buildings_Annex_an_airbrick_new_wall_window_1_1_nocenter.Xvx.ard
37	1	!ard\prefabs_Buildings_Annex_an_airbrick_old_wall_1_2_nocenter.Xvx.ard
38	1	!ard\prefabs_Buildings_Annex_an_airbrick_old_wall_door_1_1_nocenter.Xvx.ard
39	1	!ard\prefabs_Buildings_Annex_an_airbrick_old_wall_door_1_2_nocenter.Xvx.ard
40	1	!ard\prefabs_Buildings_Annex_an_airbrick_old_wall_front_1_2_nocenter.Xvx.ard
41	1	!ard\prefabs_Buildings_Annex_an_airbrick_old_wall_window_1_2_nocenter.Xvx.ard
42	1	!ard\prefabs_Buildings_Annex_an_bitumen_fixed_roof_1_1_nocenter.Xvx.ard
43	1	!ard\prefabs_Buildings_Annex_an_bitumen_new_roof_2_1_nocenter.Xvx.ard
44	1	!ard\prefabs_Buildings_Annex_an_bitumen_new_roof_green_2_1_nocenter.Xvx.ard
45	1	!ard\prefabs_Buildings_Annex_an_brick_fixed_wall_1_1_nocenter.Xvx.ard
46	1	!ard\prefabs_Buildings_Annex_an_brick_fixed_wall_1_2_nocenter.xvx.ard
47	1	!ard\prefabs_Buildings_Annex_an_brick_fixed_wall_door_1_1_nocenter.Xvx.ard
48	1	!ard\prefabs_Buildings_Annex_an_brick_fixed_wall_door_1_2_nocenter.Xvx.ard
49	1	!ard\prefabs_Buildings_Annex_an_brick_fixed_wall_front_1_1_nocenter.Xvx.ard
50	1	!ard\prefabs_Buildings_Annex_an_brick_fixed_wall_front_1_2_nocenter.Xvx.ard
51	1	!ard\prefabs_Buildings_Annex_an_brick_fixed_wall_window_1_1_nocenter.Xvx.ard
52	1	!ard\prefabs_Buildings_Annex_an_brick_fixed_wall_window_1_2_nocenter.Xvx.ard
53	1	!ard\prefabs_Buildings_Annex_an_brick_new_wall_1_1_nocenter.Xvx.ard
54	1	!ard\prefabs_Buildings_Annex_an_brick_new_wall_door_1_1_nocenter.xvx.ard
55	1	!ard\prefabs_Buildings_Annex_an_brick_new_wall_front_1_1_nocenter.xvx.ard
56	1	!ard\prefabs_Buildings_Annex_an_brick_new_wall_window_1_1_nocenter.xvx.ard
57	1	!ard\prefabs_Buildings_Annex_an_brick_old_wall_1_2_nocenter.Xvx.ard
58	1	!ard\prefabs_Buildings_Annex_an_brick_old_wall_door_1_2_nocenter.Xvx.ard
59	1	!ard\prefabs_Buildings_Annex_an_brick_old_wall_front_1_2_nocenter.Xvx.ard
60	1	!ard\prefabs_Buildings_Annex_an_brick_old_wall_window_1_2_nocenter.Xvx.ard
61	1	!ard\prefabs_Buildings_Annex_an_brick_painted_wall_door_1_1_nocenter.Xvx.ard
62	1	!ard\prefabs_Buildings_Annex_an_brick_plaster_wall_1_1_nocenter.Xvx.ard
63	1	!ard\prefabs_Buildings_Annex_an_ceramic_new_roof_1_1_nocenter.Xvx.ard
64	1	!ard\prefabs_Buildings_Annex_an_metal_new_roof_1_1_nocenter.Xvx.ard
65	1	!ard\prefabs_Buildings_Annex_an_metal_new_roof_2_1_nocenter.Xvx.ard
66	1	!ard\prefabs_Buildings_Annex_an_plaster_new_wall_front_1_1_nocenter.Xvx.ard
67	1	!ard\prefabs_Buildings_Annex_an_plaster_old_wall_window_1_1_nocenter.Xvx.ard
68	1	!ard\prefabs_Buildings_Annex_an_PV_new_roof_2_1_nocenter.Xvx.ard
69	1	!ard\prefabs_Buildings_Annex_an_wood_fixed_pylon_1_1_nocenter.Xvx.ard
70	1	!ard\prefabs_Buildings_Annex_an_wood_fixed_roof_1_1_nocenter.Xvx.ard
71	1	!ard\prefabs_Buildings_Annex_an_wood_fixed_wall_1_1_nocenter.Xvx.ard
72	1	!ard\prefabs_Buildings_Annex_an_wood_fixed_wall_1_2_nocenter.Xvx.ard
73	1	!ard\prefabs_Buildings_Annex_an_wood_fixed_wall_door_1_1_nocenter.Xvx.ard
74	1	!ard\prefabs_Buildings_Annex_an_wood_fixed_wall_door_1_2_nocenter.Xvx.ard
75	1	!ard\prefabs_Buildings_Annex_an_wood_fixed_wall_front_1_1_nocenter.Xvx.ard
76	1	!ard\prefabs_Buildings_Annex_an_wood_fixed_wall_front_1_2_nocenter.Xvx.ard
77	1	!ard\prefabs_Buildings_Annex_an_wood_fixed_wall_window_1_1_nocenter.Xvx.ard
78	1	!ard\prefabs_Buildings_Annex_an_wood_fixed_wall_window_1_2_nocenter.Xvx.ard
79	1	!ard\prefabs_Buildings_Annex_an_wood_new_pylon_1_1_nocenter.Xvx.ard
80	1	!ard\prefabs_Buildings_Annex_an_wood_new_wall_1_1_nocenter.Xvx.ard
81	1	!ard\prefabs_Buildings_Annex_an_wood_new_wall_door_1_1_nocenter.Xvx.ard
82	1	!ard\prefabs_Buildings_Annex_an_wood_new_wall_front_1_1_nocenter.Xvx.ard
83	1	!ard\prefabs_Buildings_Annex_an_wood_new_wall_window_1_1_nocenter.Xvx.ard
84	1	!ard\prefabs_Buildings_Annex_an_wood_old_wall_1_2_nocenter.Xvx.ard
85	1	!ard\prefabs_Buildings_Annex_an_wood_old_wall_door_1_2_nocenter.Xvx.ard
86	1	!ard\prefabs_Buildings_Annex_an_wood_old_wall_front_1_2_nocenter.Xvx.ard
87	1	!ard\prefabs_Buildings_Annex_an_wood_old_wall_window_1_2_nocenter.Xvx.ard
88	1	!ard\prefabs_Buildings_Annex_an_wood_painted_pylon_1_1_nocenter.Xvx.ard
89	1	!ard\prefabs_Buildings_Annex_an_wood_painted_wall_1_1_nocenter.Xvx.ard
90	1	!ard\prefabs_Buildings_Annex_an_wood_painted_wall_door_1_1_nocenter.Xvx.ard
91	1	!ard\prefabs_Buildings_Annex_an_wood_painted_wall_front_1_1_nocenter.Xvx.ard
92	1	!ard\prefabs_Buildings_Annex_an_wood_painted_wall_window_1_1_nocenter.Xvx.ard
93	1	!ard\prefabs_Buildings_Annex_LOD1_LOD1_an_wood_fixed_wall_1_1_nocenter.Xvx.ard
94	1	!ard\prefabs_Buildings_Annex_LOD1_LOD1_an_wood_fixed_wall_1_2_nocenter.Xvx.ard
95	1	!ard\prefabs_Buildings_Annex_LOD1_LOD1_an_wood_fixed_wall_door_1_1_nocenter.Xvx.ard
96	1	!ard\prefabs_Buildings_Annex_LOD1_LOD1_an_wood_fixed_wall_door_1_2_nocenter.Xvx.ard
97	1	!ard\prefabs_Buildings_Annex_LOD1_LOD1_an_wood_fixed_wall_front_1_1_nocenter.Xvx.ard
98	1	!ard\prefabs_Buildings_Annex_LOD1_LOD1_an_wood_fixed_wall_front_1_2_nocenter.Xvx.ard
99	1	!ard\prefabs_Buildings_Annex_LOD1_LOD1_an_wood_fixed_wall_window_1_1_nocenter.Xvx.ard
100	1	!ard\prefabs_Buildings_Annex_LOD1_LOD1_an_wood_fixed_wall_window_1_2_nocenter.Xvx.ard
101	1	!ard\prefabs_Buildings_Annex_LOD1_LOD1_an_wood_new_wall_1_1_nocenter.Xvx.ard
102	1	!ard\prefabs_Buildings_Annex_LOD1_LOD1_an_wood_new_wall_door_1_1_nocenter.Xvx.ard
103	1	!ard\prefabs_Buildings_Annex_LOD1_LOD1_an_wood_new_wall_front_1_1_nocenter.Xvx.ard
104	1	!ard\prefabs_Buildings_Annex_LOD1_LOD1_an_wood_new_wall_window_1_1_nocenter.Xvx.ard
105	1	!ard\prefabs_Buildings_Annex_LOD1_LOD1_an_wood_old_wall_1_2_nocenter.Xvx.ard
106	1	!ard\prefabs_Buildings_Annex_LOD1_LOD1_an_wood_old_wall_door_1_2_nocenter.Xvx.ard
107	1	!ard\prefabs_Buildings_Annex_LOD1_LOD1_an_wood_old_wall_front_1_2_nocenter.Xvx.ard
108	1	!ard\prefabs_Buildings_Annex_LOD1_LOD1_an_wood_old_wall_window_1_2_nocenter.Xvx.ard
109	1	!ard\prefabs_Buildings_Annex_LOD1_LOD1_an_wood_painted_wall_1_1_nocenter.Xvx.ard
110	1	!ard\prefabs_Buildings_Annex_LOD1_LOD1_an_wood_painted_wall_door_1_1_nocenter.Xvx.ard
111	1	!ard\prefabs_Buildings_Annex_LOD1_LOD1_an_wood_painted_wall_front_1_1_nocenter.Xvx.ard
112	1	!ard\prefabs_Buildings_Annex_LOD1_LOD1_an_wood_painted_wall_window_1_1_nocenter.Xvx.ard
113	1	!ard\prefabs_Buildings_Annex_LOD2_LOD2_an_airbrick_fixed_wall_1_1_nocenter.Xvx.ard
114	1	!ard\prefabs_Buildings_Annex_LOD2_LOD2_an_airbrick_fixed_wall_1_2_nocenter.Xvx.ard
115	1	!ard\prefabs_Buildings_Annex_LOD2_LOD2_an_airbrick_fixed_wall_door_1_2_nocenter.Xvx.ard
116	1	!ard\prefabs_Buildings_Annex_LOD2_LOD2_an_airbrick_fixed_wall_front_1_1_nocenter.Xvx.ard
117	1	!ard\prefabs_Buildings_Annex_LOD2_LOD2_an_airbrick_fixed_wall_front_1_2_nocenter.Xvx.ard
118	1	!ard\prefabs_Buildings_Annex_LOD2_LOD2_an_airbrick_fixed_wall_window_1_1_nocenter.Xvx.ard
119	1	!ard\prefabs_Buildings_Annex_LOD2_LOD2_an_airbrick_fixed_wall_window_1_2_nocenter.Xvx.ard
120	1	!ard\prefabs_Buildings_Annex_LOD2_LOD2_an_airbrick_new_wall_1_1_nocenter.Xvx.ard
121	1	!ard\prefabs_Buildings_Annex_LOD2_LOD2_an_airbrick_new_wall_door_1_1_nocenter.Xvx.ard
122	1	!ard\prefabs_Buildings_Annex_LOD2_LOD2_an_airbrick_new_wall_front_1_1_nocenter.Xvx.ard
123	1	!ard\prefabs_Buildings_Annex_LOD2_LOD2_an_airbrick_new_wall_window_1_1_nocenter.Xvx.ard
124	1	!ard\prefabs_Buildings_Annex_LOD2_LOD2_an_airbrick_old_wall_1_2_nocenter.Xvx.ard
125	1	!ard\prefabs_Buildings_Annex_LOD2_LOD2_an_airbrick_old_wall_door_1_1_nocenter.Xvx.ard
126	1	!ard\prefabs_Buildings_Annex_LOD2_LOD2_an_airbrick_old_wall_door_1_2_nocenter.Xvx.ard
127	1	!ard\prefabs_Buildings_Annex_LOD2_LOD2_an_airbrick_old_wall_front_1_2_nocenter.Xvx.ard
128	1	!ard\prefabs_Buildings_Annex_LOD2_LOD2_an_airbrick_old_wall_window_1_2_nocenter.Xvx.ard
129	1	!ard\prefabs_Buildings_Annex_LOD2_LOD2_an_bitumen_fixed_roof_1_1_nocenter.Xvx.ard
130	1	!ard\prefabs_Buildings_Annex_LOD2_LOD2_an_bitumen_new_roof_2_1_nocenter.Xvx.ard
131	1	!ard\prefabs_Buildings_Annex_LOD2_LOD2_an_brick_fixed_wall_1_1_nocenter.Xvx.ard
132	1	!ard\prefabs_Buildings_Annex_LOD2_LOD2_an_brick_fixed_wall_1_2_nocenter.Xvx.ard
133	1	!ard\prefabs_Buildings_Annex_LOD2_LOD2_an_brick_fixed_wall_door_1_1_nocenter.Xvx.ard
134	1	!ard\prefabs_Buildings_Annex_LOD2_LOD2_an_brick_fixed_wall_door_1_2_nocenter.Xvx.ard
135	1	!ard\prefabs_Buildings_Annex_LOD2_LOD2_an_brick_fixed_wall_front_1_1_nocenter.Xvx.ard
136	1	!ard\prefabs_Buildings_Annex_LOD2_LOD2_an_brick_fixed_wall_front_1_2_nocenter.Xvx.ard
137	1	!ard\prefabs_Buildings_Annex_LOD2_LOD2_an_brick_fixed_wall_window_1_1_nocenter.Xvx.ard
138	1	!ard\prefabs_Buildings_Annex_LOD2_LOD2_an_brick_fixed_wall_window_1_2_nocenter.Xvx.ard
139	1	!ard\prefabs_Buildings_Annex_LOD2_LOD2_an_brick_new_wall_1_1_nocenter.Xvx.ard
140	1	!ard\prefabs_Buildings_Annex_LOD2_LOD2_an_brick_new_wall_door_1_1_nocenter.Xvx.ard
141	1	!ard\prefabs_Buildings_Annex_LOD2_LOD2_an_brick_new_wall_front_1_1_nocenter.Xvx.ard
142	1	!ard\prefabs_Buildings_Annex_LOD2_LOD2_an_brick_new_wall_window_1_1_nocenter.Xvx.ard
143	1	!ard\prefabs_Buildings_Annex_LOD2_LOD2_an_brick_old_wall_1_2_nocenter.Xvx.ard
144	1	!ard\prefabs_Buildings_Annex_LOD2_LOD2_an_brick_old_wall_door_1_2_nocenter.Xvx.ard
145	1	!ard\prefabs_Buildings_Annex_LOD2_LOD2_an_brick_old_wall_front_1_2_nocenter.Xvx.ard
146	1	!ard\prefabs_Buildings_Annex_LOD2_LOD2_an_brick_old_wall_window_1_2_nocenter.Xvx.ard
147	1	!ard\prefabs_Buildings_Annex_LOD2_LOD2_an_brick_painted_wall_door_1_1_nocenter.Xvx.ard
148	1	!ard\prefabs_Buildings_Annex_LOD2_LOD2_an_brick_plaster_wall_1_1_nocenter.Xvx.ard
149	1	!ard\prefabs_Buildings_Annex_LOD2_LOD2_an_ceramic_new_roof_1_1_nocenter.Xvx.ard
150	1	!ard\prefabs_Buildings_Annex_LOD2_LOD2_an_metal_new_roof_1_1_nocenter.Xvx.ard
151	1	!ard\prefabs_Buildings_Annex_LOD2_LOD2_an_metal_new_roof_2_1_nocenter.Xvx.ard
152	1	!ard\prefabs_Buildings_Annex_LOD2_LOD2_an_plaster_new_wall_front_1_1_nocenter.Xvx.ard
153	1	!ard\prefabs_Buildings_Annex_LOD2_LOD2_an_plaster_old_wall_window_1_1_nocenter.Xvx.ard
154	1	!ard\prefabs_Buildings_Annex_LOD2_LOD2_an_wood_fixed_wall_1_1_nocenter.Xvx.ard
155	1	!ard\prefabs_Buildings_Annex_LOD2_LOD2_an_wood_fixed_wall_1_2_nocenter.Xvx.ard
156	1	!ard\prefabs_Buildings_Annex_LOD2_LOD2_an_wood_fixed_wall_door_1_1_nocenter.Xvx.ard
157	1	!ard\prefabs_Buildings_Annex_LOD2_LOD2_an_wood_fixed_wall_door_1_2_nocenter.Xvx.ard
158	1	!ard\prefabs_Buildings_Annex_LOD2_LOD2_an_wood_fixed_wall_front_1_1_nocenter.Xvx.ard
159	1	!ard\prefabs_Buildings_Annex_LOD2_LOD2_an_wood_fixed_wall_front_1_2_nocenter.Xvx.ard
160	1	!ard\prefabs_Buildings_Annex_LOD2_LOD2_an_wood_fixed_wall_window_1_1_nocenter.Xvx.ard
161	1	!ard\prefabs_Buildings_Annex_LOD2_LOD2_an_wood_fixed_wall_window_1_2_nocenter.Xvx.ard
162	1	!ard\prefabs_Buildings_Annex_LOD2_LOD2_an_wood_new_wall_1_1_nocenter.Xvx.ard
163	1	!ard\prefabs_Buildings_Annex_LOD2_LOD2_an_wood_new_wall_door_1_1_nocenter.Xvx.ard
164	1	!ard\prefabs_Buildings_Annex_LOD2_LOD2_an_wood_new_wall_front_1_1_nocenter.Xvx.ard
165	1	!ard\prefabs_Buildings_Annex_LOD2_LOD2_an_wood_new_wall_window_1_1_nocenter.Xvx.ard
166	1	!ard\prefabs_Buildings_Annex_LOD2_LOD2_an_wood_old_wall_1_2_nocenter.Xvx.ard
167	1	!ard\prefabs_Buildings_Annex_LOD2_LOD2_an_wood_old_wall_door_1_2_nocenter.Xvx.ard
168	1	!ard\prefabs_Buildings_Annex_LOD2_LOD2_an_wood_old_wall_front_1_2_nocenter.Xvx.ard
169	1	!ard\prefabs_Buildings_Annex_LOD2_LOD2_an_wood_old_wall_window_1_2_nocenter.Xvx.ard
170	1	!ard\prefabs_Buildings_Annex_LOD2_LOD2_an_wood_painted_wall_1_1_nocenter.Xvx.ard
171	1	!ard\prefabs_Buildings_Annex_LOD2_LOD2_an_wood_painted_wall_door_1_1_nocenter.Xvx.ard
172	1	!ard\prefabs_Buildings_Annex_LOD2_LOD2_an_wood_painted_wall_front_1_1_nocenter.Xvx.ard
173	1	!ard\prefabs_Buildings_Annex_LOD2_LOD2_an_wood_painted_wall_window_1_1_nocenter.Xvx.ard
174	1	!ard\prefabs_Buildings_Barns_bn_airbrick_fixed_wall_1_1_nocenter.Xvx.ard
175	1	!ard\prefabs_Buildings_Barns_bn_airbrick_fixed_wall_1_2_nocenter.Xvx.ard
176	1	!ard\prefabs_Buildings_Barns_bn_airbrick_fixed_wall_1_3_nocenter.Xvx.ard
177	1	!ard\prefabs_Buildings_Barns_bn_airbrick_fixed_wall_2_1_nocenter.Xvx.ard
178	1	!ard\prefabs_Buildings_Barns_bn_airbrick_fixed_wall_corner_1_1_nocenter.Xvx.ard
179	1	!ard\prefabs_Buildings_Barns_bn_airbrick_fixed_wall_corner_1_2_nocenter.Xvx.ard
180	1	!ard\prefabs_Buildings_Barns_bn_airbrick_fixed_wall_corner_2_1_nocenter.Xvx.ard
181	1	!ard\prefabs_Buildings_Barns_bn_airbrick_fixed_wall_corner_2_2_nocenter.Xvx.ard
182	1	!ard\prefabs_Buildings_Barns_bn_airbrick_fixed_wall_door_1_1_nocenter.Xvx.ard
183	1	!ard\prefabs_Buildings_Barns_bn_airbrick_fixed_wall_door_1_2_nocenter.Xvx.ard
184	1	!ard\prefabs_Buildings_Barns_bn_airbrick_fixed_wall_door_1_3_nocenter.Xvx.ard
185	1	!ard\prefabs_Buildings_Barns_bn_airbrick_fixed_wall_gate_1_1_nocenter.Xvx.ard
186	1	!ard\prefabs_Buildings_Barns_bn_airbrick_fixed_wall_gate_1_2_nocenter.Xvx.ard
187	1	!ard\prefabs_Buildings_Barns_bn_airbrick_fixed_wall_gate_2_1_nocenter.Xvx.ard
188	1	!ard\prefabs_Buildings_Barns_bn_airbrick_fixed_wall_gate_2_2_nocenter.Xvx.ard
189	1	!ard\prefabs_Buildings_Barns_bn_airbrick_new_wall_1_1_nocenter.Xvx.ard
190	1	!ard\prefabs_Buildings_Barns_bn_airbrick_new_wall_2_1_nocenter.Xvx.ard
191	1	!ard\prefabs_Buildings_Barns_bn_airbrick_new_wall_corner_1_1_nocenter.Xvx.ard
192	1	!ard\prefabs_Buildings_Barns_bn_airbrick_new_wall_corner_2_1_nocenter.Xvx.ard
193	1	!ard\prefabs_Buildings_Barns_bn_airbrick_new_wall_door_1_1_nocenter.Xvx.ard
194	1	!ard\prefabs_Buildings_Barns_bn_airbrick_new_wall_gate_1_1_nocenter.Xvx.ard
195	1	!ard\prefabs_Buildings_Barns_bn_airbrick_new_wall_gate_2_1_nocenter.Xvx.ard
196	1	!ard\prefabs_Buildings_Barns_bn_airbrick_old_wall_1_2_nocenter.Xvx.ard
197	1	!ard\prefabs_Buildings_Barns_bn_airbrick_old_wall_1_3_nocenter.Xvx.ard
198	1	!ard\prefabs_Buildings_Barns_bn_airbrick_old_wall_corner_1_2_nocenter.Xvx.ard
199	1	!ard\prefabs_Buildings_Barns_bn_airbrick_old_wall_corner_2_2_nocenter.Xvx.ard
200	1	!ard\prefabs_Buildings_Barns_bn_airbrick_old_wall_door_1_2_nocenter.Xvx.ard
201	1	!ard\prefabs_Buildings_Barns_bn_airbrick_old_wall_door_1_3_nocenter.Xvx.ard
202	1	!ard\prefabs_Buildings_Barns_bn_airbrick_old_wall_gate_1_2_nocenter.Xvx.ard
203	1	!ard\prefabs_Buildings_Barns_bn_airbrick_old_wall_gate_2_2_nocenter.Xvx.ard
204	1	!ard\prefabs_Buildings_Barns_bn_bitumen_fixed_front_roof_3_1_nocenter.Xvx.ard
205	1	!ard\prefabs_Buildings_Barns_bn_bitumen_fixed_front_roof_4_1_nocenter.Xvx.ard
206	1	!ard\prefabs_Buildings_Barns_bn_bitumen_fixed_roof_1_1_nocenter.Xvx.ard
207	1	!ard\prefabs_Buildings_Barns_bn_bitumen_fixed_roof_1_2_nocenter.Xvx.ard
208	1	!ard\prefabs_Buildings_Barns_bn_bitumen_fixed_roof_2_1_nocenter.Xvx.ard
209	1	!ard\prefabs_Buildings_Barns_bn_bitumen_fixed_roof_2_2_nocenter.Xvx.ard
210	1	!ard\prefabs_Buildings_Barns_bn_bitumen_fixed_roof_3_2_nocenter.Xvx.ard
211	1	!ard\prefabs_Buildings_Barns_bn_bitumen_fixed_roof_4_2_nocenter.Xvx.ard
212	1	!ard\prefabs_Buildings_Barns_bn_bitumen_new_front_roof_3_2_nocenter.Xvx.ard
213	1	!ard\prefabs_Buildings_Barns_bn_bitumen_new_front_roof_4_2_nocenter.Xvx.ard
214	1	!ard\prefabs_Buildings_Barns_bn_bitumen_new_front_roof_green_3_2_nocenter.Xvx.ard
215	1	!ard\prefabs_Buildings_Barns_bn_bitumen_new_front_roof_green_4_2_nocenter.Xvx.ard
216	1	!ard\prefabs_Buildings_Barns_bn_bitumen_new_roof_1_2_nocenter.xvx.ard
217	1	!ard\prefabs_Buildings_Barns_bn_bitumen_new_roof_2_2_nocenter.xvx.ard
218	1	!ard\prefabs_Buildings_Barns_bn_bitumen_new_roof_green_1_2_nocenter.Xvx.ard
219	1	!ard\prefabs_Buildings_Barns_bn_bitumen_new_roof_green_2_2_nocenter.Xvx.ard
220	1	!ard\prefabs_Buildings_Barns_bn_bitumen_old_roof_1_1_nocenter.Xvx.ard
221	1	!ard\prefabs_Buildings_Barns_bn_bitumen_old_roof_1_2_nocenter.Xvx.ard
222	1	!ard\prefabs_Buildings_Barns_bn_bitumen_old_roof_1_3_nocenter.Xvx.ard
223	1	!ard\prefabs_Buildings_Barns_bn_bitumen_old_roof_1_4_nocenter.Xvx.ard
224	1	!ard\prefabs_Buildings_Barns_bn_bitumen_old_roof_2_1_nocenter.Xvx.ard
225	1	!ard\prefabs_Buildings_Barns_bn_bitumen_old_roof_2_2_nocenter.Xvx.ard
226	1	!ard\prefabs_Buildings_Barns_bn_bitumen_old_roof_2_3_nocenter.Xvx.ard
227	1	!ard\prefabs_Buildings_Barns_bn_bitumen_old_roof_2_4_nocenter.Xvx.ard
228	1	!ard\prefabs_Buildings_Barns_bn_brick_fixed_wall_1_1_nocenter.Xvx.ard
229	1	!ard\prefabs_Buildings_Barns_bn_brick_fixed_wall_1_4_nocenter.Xvx.ard
230	1	!ard\prefabs_Buildings_Barns_bn_brick_fixed_wall_1_5_nocenter.Xvx.ard
231	1	!ard\prefabs_Buildings_Barns_bn_brick_fixed_wall_2_1_nocenter.Xvx.ard
232	1	!ard\prefabs_Buildings_Barns_bn_brick_fixed_wall_corner_1_1_nocenter.Xvx.ard
233	1	!ard\prefabs_Buildings_Barns_bn_brick_fixed_wall_corner_1_2_nocenter.Xvx.ard
234	1	!ard\prefabs_Buildings_Barns_bn_brick_fixed_wall_corner_2_1_nocenter.Xvx.ard
235	1	!ard\prefabs_Buildings_Barns_bn_brick_fixed_wall_corner_2_1_nocenter001.Xvx.ard
236	1	!ard\prefabs_Buildings_Barns_bn_brick_fixed_wall_door_1_1_nocenter.Xvx.ard
237	1	!ard\prefabs_Buildings_Barns_bn_brick_fixed_wall_door_1_1_nocenter001.Xvx.ard
238	1	!ard\prefabs_Buildings_Barns_bn_brick_fixed_wall_door_1_2_nocenter.Xvx.ard
239	1	!ard\prefabs_Buildings_Barns_bn_brick_fixed_wall_door_1_3_nocenter.Xvx.ard
240	1	!ard\prefabs_Buildings_Barns_bn_brick_fixed_wall_gate_1_1_nocenter.Xvx.ard
241	1	!ard\prefabs_Buildings_Barns_bn_brick_fixed_wall_gate_2_1_nocenter.Xvx.ard
242	1	!ard\prefabs_Buildings_Barns_bn_brick_new_wall_1_1_nocenter.Xvx.ard
243	1	!ard\prefabs_Buildings_Barns_bn_brick_new_wall_2_1_nocenter.Xvx.ard
244	1	!ard\prefabs_Buildings_Barns_bn_brick_new_wall_corner_1_1_nocenter.Xvx.ard
245	1	!ard\prefabs_Buildings_Barns_bn_brick_new_wall_corner_2_1_nocenter.Xvx.ard
246	1	!ard\prefabs_Buildings_Barns_bn_brick_new_wall_door_1_1_nocenter.Xvx.ard
247	1	!ard\prefabs_Buildings_Barns_bn_brick_new_wall_gate_1_1_nocenter.Xvx.ard
248	1	!ard\prefabs_Buildings_Barns_bn_brick_new_wall_gate_2_1_nocenter.Xvx.ard
249	1	!ard\prefabs_Buildings_Barns_bn_brick_old_wall_1_2_nocenter.Xvx.ard
250	1	!ard\prefabs_Buildings_Barns_bn_brick_old_wall_1_3_nocenter.Xvx.ard
251	1	!ard\prefabs_Buildings_Barns_bn_brick_old_wall_1_4_nocenter.Xvx.ard
252	1	!ard\prefabs_Buildings_Barns_bn_brick_old_wall_1_5_nocenter.Xvx.ard
253	1	!ard\prefabs_Buildings_Barns_bn_brick_old_wall_2_1_nocenter.Xvx.ard
254	1	!ard\prefabs_Buildings_Barns_bn_brick_old_wall_corner_1_1_nocenter.Xvx.ard
255	1	!ard\prefabs_Buildings_Barns_bn_brick_old_wall_corner_1_2_nocenter.Xvx.ard
256	1	!ard\prefabs_Buildings_Barns_bn_brick_old_wall_corner_2_1_nocenter.Xvx.ard
257	1	!ard\prefabs_Buildings_Barns_bn_brick_old_wall_door_1_1_nocenter.Xvx.ard
258	1	!ard\prefabs_Buildings_Barns_bn_brick_old_wall_door_1_2_nocenter.Xvx.ard
259	1	!ard\prefabs_Buildings_Barns_bn_brick_old_wall_door_1_3_nocenter.Xvx.ard
260	1	!ard\prefabs_Buildings_Barns_bn_ceramic_new_front_roof_3_1_nocenter.Xvx.ard
261	1	!ard\prefabs_Buildings_Barns_bn_ceramic_new_front_roof_4_1_nocenter.Xvx.ard
262	1	!ard\prefabs_Buildings_Barns_bn_ceramic_new_roof_1_1_nocenter.Xvx.ard
263	1	!ard\prefabs_Buildings_Barns_bn_ceramic_new_roof_2_1_nocenter.Xvx.ard
264	1	!ard\prefabs_Buildings_Barns_bn_chaffcutter_nocenter.Xvx.ard
265	1	!ard\prefabs_Buildings_Barns_bn_concrete_fixed_pavement_1_1_nocenter.Xvx.ard
266	1	!ard\prefabs_Buildings_Barns_bn_metal_new_door_1_1_nocenter.Xvx.ard
267	1	!ard\prefabs_Buildings_Barns_bn_metal_new_front_roof_3_1_nocenter.Xvx.ard
268	1	!ard\prefabs_Buildings_Barns_bn_metal_new_front_roof_3_2_nocenter.Xvx.ard
269	1	!ard\prefabs_Buildings_Barns_bn_metal_new_front_roof_4_1_nocenter.Xvx.ard
270	1	!ard\prefabs_Buildings_Barns_bn_metal_new_front_roof_4_2_nocenter.Xvx.ard
271	1	!ard\prefabs_Buildings_Barns_bn_metal_new_gateL_1_1_nocenter.Xvx.ard
272	1	!ard\prefabs_Buildings_Barns_bn_metal_new_gateR_1_1_nocenter.Xvx.ard
273	1	!ard\prefabs_Buildings_Barns_bn_metal_new_roof_1_1_nocenter.Xvx.ard
274	1	!ard\prefabs_Buildings_Barns_bn_metal_new_roof_1_2_nocenter.Xvx.ard
275	1	!ard\prefabs_Buildings_Barns_bn_metal_new_roof_2_1_nocenter.Xvx.ard
276	1	!ard\prefabs_Buildings_Barns_bn_metal_new_roof_2_2_nocenter.Xvx.ard
277	1	!ard\prefabs_Buildings_Barns_bn_plaster_new_wall_1_1_nocenter.Xvx.ard
278	1	!ard\prefabs_Buildings_Barns_bn_plaster_new_wall_2_1_nocenter.Xvx.ard
279	1	!ard\prefabs_Buildings_Barns_bn_plaster_new_wall_corner_1_1_nocenter.Xvx.ard
280	1	!ard\prefabs_Buildings_Barns_bn_plaster_new_wall_corner_2_1_nocenter.Xvx.ard
281	1	!ard\prefabs_Buildings_Barns_bn_plaster_new_wall_door_1_1_nocenter.Xvx.ard
282	1	!ard\prefabs_Buildings_Barns_bn_plaster_new_wall_gate_1_1_nocenter.Xvx.ard
283	1	!ard\prefabs_Buildings_Barns_bn_plaster_new_wall_gate_2_1_nocenter.Xvx.ard
284	1	!ard\prefabs_Buildings_Barns_bn_PV_new_roof_1_2_nocenter.Xvx.ard
285	1	!ard\prefabs_Buildings_Barns_bn_PV_new_roof_2_2_nocenter.Xvx.ard
286	1	!ard\prefabs_Buildings_Barns_bn_PV_new_roof_3_2_nocenter.Xvx.ard
287	1	!ard\prefabs_Buildings_Barns_bn_PV_new_roof_4_2_nocenter.Xvx.ard
288	1	!ard\prefabs_Buildings_Barns_bn_rope001.Xvx.ard
289	1	!ard\prefabs_Buildings_Barns_bn_rope002.Xvx.ard
290	1	!ard\prefabs_Buildings_Barns_bn_straw001.Xvx.ard
291	1	!ard\prefabs_Buildings_Barns_bn_straw002.Xvx.ard
292	1	!ard\prefabs_Buildings_Barns_bn_straw003.Xvx.ard
293	1	!ard\prefabs_Buildings_Barns_bn_wood_fixed_door_1_1_nocenter.Xvx.ard
294	1	!ard\prefabs_Buildings_Barns_bn_wood_fixed_door_1_2_nocenter.Xvx.ard
295	1	!ard\prefabs_Buildings_Barns_bn_wood_fixed_door_1_3_nocenter.Xvx.ard
296	1	!ard\prefabs_Buildings_Barns_bn_wood_fixed_front_1_1_nocenter.Xvx.ard
297	1	!ard\prefabs_Buildings_Barns_bn_wood_fixed_front_1_2_nocenter.Xvx.ard
298	1	!ard\prefabs_Buildings_Barns_bn_wood_fixed_front_1_3_nocenter.Xvx.ard
299	1	!ard\prefabs_Buildings_Barns_bn_wood_fixed_front_roof_3_1_nocenter.Xvx.ard
300	1	!ard\prefabs_Buildings_Barns_bn_wood_fixed_front_roof_4_1_nocenter.Xvx.ard
301	1	!ard\prefabs_Buildings_Barns_bn_wood_fixed_gateL_1_1_nocenter.Xvx.ard
302	1	!ard\prefabs_Buildings_Barns_bn_wood_fixed_gateL_1_2_nocenter.Xvx.ard
303	1	!ard\prefabs_Buildings_Barns_bn_wood_fixed_gateL_2_1_nocenter.Xvx.ard
304	1	!ard\prefabs_Buildings_Barns_bn_wood_fixed_gateL_2_2_nocenter.Xvx.ard
305	1	!ard\prefabs_Buildings_Barns_bn_wood_fixed_gateL_3_1_nocenter.Xvx.ard
306	1	!ard\prefabs_Buildings_Barns_bn_wood_fixed_gateL_3_2_nocenter.Xvx.ard
307	1	!ard\prefabs_Buildings_Barns_bn_wood_fixed_gateR_1_1_nocenter.Xvx.ard
308	1	!ard\prefabs_Buildings_Barns_bn_wood_fixed_gateR_1_2_nocenter.Xvx.ard
309	1	!ard\prefabs_Buildings_Barns_bn_wood_fixed_gateR_2_1_nocenter.Xvx.ard
310	1	!ard\prefabs_Buildings_Barns_bn_wood_fixed_gateR_2_2_nocenter.Xvx.ard
311	1	!ard\prefabs_Buildings_Barns_bn_wood_fixed_gateR_3_1_nocenter.Xvx.ard
312	1	!ard\prefabs_Buildings_Barns_bn_wood_fixed_gateR_3_2_nocenter.Xvx.ard
313	1	!ard\prefabs_Buildings_Barns_bn_wood_fixed_pylon_1_1_nocenter.Xvx.ard
314	1	!ard\prefabs_Buildings_Barns_bn_wood_fixed_pylon_1_2_nocenter.Xvx.ard
315	1	!ard\prefabs_Buildings_Barns_bn_wood_fixed_pylon_2_1_nocenter.xvx.ard
316	1	!ard\prefabs_Buildings_Barns_bn_wood_fixed_pylon_2_2_nocenter.Xvx.ard
317	1	!ard\prefabs_Buildings_Barns_bn_wood_fixed_pylon_3_1_nocenter.Xvx.ard
318	1	!ard\prefabs_Buildings_Barns_bn_wood_fixed_roof_1_1_nocenter.Xvx.ard
319	1	!ard\prefabs_Buildings_Barns_bn_wood_fixed_roof_1_2_nocenter.Xvx.ard
320	1	!ard\prefabs_Buildings_Barns_bn_wood_fixed_roof_1_3_nocenter.Xvx.ard
321	1	!ard\prefabs_Buildings_Barns_bn_wood_fixed_roof_2_1_nocenter.Xvx.ard
322	1	!ard\prefabs_Buildings_Barns_bn_wood_fixed_roof_2_2_nocenter.Xvx.ard
323	1	!ard\prefabs_Buildings_Barns_bn_wood_fixed_roof_2_3_nocenter.Xvx.ard
324	1	!ard\prefabs_Buildings_Barns_bn_wood_fixed_wall_1_1_nocenter.Xvx.ard
325	1	!ard\prefabs_Buildings_Barns_bn_wood_fixed_wall_1_2_nocenter.Xvx.ard
326	1	!ard\prefabs_Buildings_Barns_bn_wood_fixed_wall_1_3_nocenter.Xvx.ard
327	1	!ard\prefabs_Buildings_Barns_bn_wood_fixed_wall_1_4_nocenter.Xvx.ard
328	1	!ard\prefabs_Buildings_Barns_bn_wood_fixed_wall_1_5_nocenter.Xvx.ard
329	1	!ard\prefabs_Buildings_Barns_bn_wood_fixed_wall_3_1_nocenter.Xvx.ard
330	1	!ard\prefabs_Buildings_Barns_bn_wood_fixed_wall_3_2_nocenter.Xvx.ard
331	1	!ard\prefabs_Buildings_Barns_bn_wood_fixed_wall_corner_1_1_nocenter.Xvx.ard
332	1	!ard\prefabs_Buildings_Barns_bn_wood_fixed_wall_corner_1_2_nocenter.Xvx.ard
333	1	!ard\prefabs_Buildings_Barns_bn_wood_fixed_wall_corner_1_3_nocenter.Xvx.ard
334	1	!ard\prefabs_Buildings_Barns_bn_wood_fixed_wall_corner_2_1_nocenter.Xvx.ard
335	1	!ard\prefabs_Buildings_Barns_bn_wood_fixed_wall_corner_2_2_nocenter.Xvx.ard
336	1	!ard\prefabs_Buildings_Barns_bn_wood_fixed_wall_corner_2_3_nocenter.Xvx.ard
337	1	!ard\prefabs_Buildings_Barns_bn_wood_fixed_wall_door_1_1_nocenter.Xvx.ard
338	1	!ard\prefabs_Buildings_Barns_bn_wood_fixed_wall_door_1_2_nocenter.Xvx.ard
339	1	!ard\prefabs_Buildings_Barns_bn_wood_fixed_wall_gate_1_1_nocenter.Xvx.ard
340	1	!ard\prefabs_Buildings_Barns_bn_wood_fixed_wall_gate_1_2_nocenter.Xvx.ard
341	1	!ard\prefabs_Buildings_Barns_bn_wood_fixed_wall_gate_1_3_nocenter.Xvx.ard
342	1	!ard\prefabs_Buildings_Barns_bn_wood_fixed_wall_gate_2_1_nocenter.Xvx.ard
343	1	!ard\prefabs_Buildings_Barns_bn_wood_fixed_wall_gate_2_2_nocenter.Xvx.ard
344	1	!ard\prefabs_Buildings_Barns_bn_wood_fixed_wall_gate_2_3_nocenter.Xvx.ard
345	1	!ard\prefabs_Buildings_Barns_bn_wood_new_door_1_1_nocenter.Xvx.ard
346	1	!ard\prefabs_Buildings_Barns_bn_wood_new_front_1_1_nocenter.Xvx.ard
347	1	!ard\prefabs_Buildings_Barns_bn_wood_new_front_roof_3_1_nocenter.Xvx.ard
348	1	!ard\prefabs_Buildings_Barns_bn_wood_new_front_roof_4_1_nocenter.Xvx.ard
349	1	!ard\prefabs_Buildings_Barns_bn_wood_new_gateL_1_1_nocenter.Xvx.ard
350	1	!ard\prefabs_Buildings_Barns_bn_wood_new_gateL_2_1_nocenter.Xvx.ard
351	1	!ard\prefabs_Buildings_Barns_bn_wood_new_gateL_3_1_nocenter.Xvx.ard
352	1	!ard\prefabs_Buildings_Barns_bn_wood_new_gateR_1_1_nocenter.Xvx.ard
353	1	!ard\prefabs_Buildings_Barns_bn_wood_new_gateR_2_1_nocenter.Xvx.ard
354	1	!ard\prefabs_Buildings_Barns_bn_wood_new_gateR_3_1_nocenter.Xvx.ard
355	1	!ard\prefabs_Buildings_Barns_bn_wood_new_pavement_2_1_nocenter.Xvx.ard
356	1	!ard\prefabs_Buildings_Barns_bn_wood_new_pylon_1_1_nocenter.Xvx.ard
357	1	!ard\prefabs_Buildings_Barns_bn_wood_new_pylon_2_1_nocenter.Xvx.ard
358	1	!ard\prefabs_Buildings_Barns_bn_wood_new_pylon_3_1_nocenter.Xvx.ard
359	1	!ard\prefabs_Buildings_Barns_bn_wood_new_roof_1_1_nocenter.Xvx.ard
360	1	!ard\prefabs_Buildings_Barns_bn_wood_new_roof_2_1_nocenter.Xvx.ard
361	1	!ard\prefabs_Buildings_Barns_bn_wood_new_wall_1_1_nocenter.Xvx.ard
362	1	!ard\prefabs_Buildings_Barns_bn_wood_new_wall_3_1_nocenter.Xvx.ard
363	1	!ard\prefabs_Buildings_Barns_bn_wood_new_wall_corner_1_1_nocenter.Xvx.ard
364	1	!ard\prefabs_Buildings_Barns_bn_wood_new_wall_corner_2_1_nocenter.Xvx.ard
365	1	!ard\prefabs_Buildings_Barns_bn_wood_new_wall_door_1_1_nocenter.Xvx.ard
366	1	!ard\prefabs_Buildings_Barns_bn_wood_new_wall_gate_1_1_nocenter.Xvx.ard
367	1	!ard\prefabs_Buildings_Barns_bn_wood_new_wall_gate_2_1_nocenter.Xvx.ard
368	1	!ard\prefabs_Buildings_Barns_bn_wood_old_door_1_2_nocenter.Xvx.ard
369	1	!ard\prefabs_Buildings_Barns_bn_wood_old_door_1_3_nocenter.Xvx.ard
370	1	!ard\prefabs_Buildings_Barns_bn_wood_old_front_1_2_nocenter.Xvx.ard
371	1	!ard\prefabs_Buildings_Barns_bn_wood_old_front_1_3_nocenter.Xvx.ard
372	1	!ard\prefabs_Buildings_Barns_bn_wood_old_front_roof_3_1_nocenter.Xvx.ard
373	1	!ard\prefabs_Buildings_Barns_bn_wood_old_front_roof_4_1_nocenter.Xvx.ard
374	1	!ard\prefabs_Buildings_Barns_bn_wood_old_gateL_1_2_nocenter.Xvx.ard
375	1	!ard\prefabs_Buildings_Barns_bn_wood_old_gateL_2_2_nocenter.Xvx.ard
376	1	!ard\prefabs_Buildings_Barns_bn_wood_old_gateL_3_2_nocenter.Xvx.ard
377	1	!ard\prefabs_Buildings_Barns_bn_wood_old_gateR_1_2_nocenter.Xvx.ard
378	1	!ard\prefabs_Buildings_Barns_bn_wood_old_gateR_2_2_nocenter.Xvx.ard
379	1	!ard\prefabs_Buildings_Barns_bn_wood_old_gateR_3_2_nocenter.Xvx.ard
380	1	!ard\prefabs_Buildings_Barns_bn_wood_old_pavement_2_1_nocenter.Xvx.ard
381	1	!ard\prefabs_Buildings_Barns_bn_wood_old_pylon_1_2_nocenter.Xvx.ard
382	1	!ard\prefabs_Buildings_Barns_bn_wood_old_pylon_2_2_nocenter.Xvx.ard
383	1	!ard\prefabs_Buildings_Barns_bn_wood_old_roof_1_2_nocenter.Xvx.ard
384	1	!ard\prefabs_Buildings_Barns_bn_wood_old_roof_1_3_nocenter.Xvx.ard
385	1	!ard\prefabs_Buildings_Barns_bn_wood_old_roof_2_2_nocenter.Xvx.ard
386	1	!ard\prefabs_Buildings_Barns_bn_wood_old_roof_2_3_nocenter.Xvx.ard
387	1	!ard\prefabs_Buildings_Barns_bn_wood_old_wall_1_2_nocenter.Xvx.ard
388	1	!ard\prefabs_Buildings_Barns_bn_wood_old_wall_1_3_nocenter.Xvx.ard
389	1	!ard\prefabs_Buildings_Barns_bn_wood_old_wall_1_4_nocenter.Xvx.ard
390	1	!ard\prefabs_Buildings_Barns_bn_wood_old_wall_1_5_nocenter.Xvx.ard
391	1	!ard\prefabs_Buildings_Barns_bn_wood_old_wall_3_2_nocenter.Xvx.ard
392	1	!ard\prefabs_Buildings_Barns_bn_wood_old_wall_corner_1_2_nocenter.Xvx.ard
393	1	!ard\prefabs_Buildings_Barns_bn_wood_old_wall_corner_1_3_nocenter.Xvx.ard
394	1	!ard\prefabs_Buildings_Barns_bn_wood_old_wall_corner_2_2_nocenter.Xvx.ard
395	1	!ard\prefabs_Buildings_Barns_bn_wood_old_wall_corner_2_3_nocenter.Xvx.ard
396	1	!ard\prefabs_Buildings_Barns_bn_wood_old_wall_door_1_2_nocenter.Xvx.ard
397	1	!ard\prefabs_Buildings_Barns_bn_wood_old_wall_gate_1_2_nocenter.xvx.ard
398	1	!ard\prefabs_Buildings_Barns_bn_wood_old_wall_gate_1_3_nocenter.Xvx.ard
399	1	!ard\prefabs_Buildings_Barns_bn_wood_old_wall_gate_2_2_nocenter.Xvx.ard
400	1	!ard\prefabs_Buildings_Barns_bn_wood_old_wall_gate_2_3_nocenter.Xvx.ard
401	1	!ard\prefabs_Buildings_Barns_bn_wood_painted_door_1_1_nocenter.Xvx.ard
402	1	!ard\prefabs_Buildings_Barns_bn_wood_painted_front_1_1_nocenter.Xvx.ard
403	1	!ard\prefabs_Buildings_Barns_bn_wood_painted_front_roof_3_1_nocenter.Xvx.ard
404	1	!ard\prefabs_Buildings_Barns_bn_wood_painted_front_roof_4_1_nocenter.Xvx.ard
405	1	!ard\prefabs_Buildings_Barns_bn_wood_painted_gateL_1_1_nocenter.Xvx.ard
406	1	!ard\prefabs_Buildings_Barns_bn_wood_painted_gateL_2_1_nocenter.xvx.ard
407	1	!ard\prefabs_Buildings_Barns_bn_wood_painted_gateL_3_1_nocenter.Xvx.ard
408	1	!ard\prefabs_Buildings_Barns_bn_wood_painted_gateR_1_1_nocenter.Xvx.ard
409	1	!ard\prefabs_Buildings_Barns_bn_wood_painted_gateR_2_1_nocenter.xvx.ard
410	1	!ard\prefabs_Buildings_Barns_bn_wood_painted_gateR_3_1_nocenter.Xvx.ard
411	1	!ard\prefabs_Buildings_Barns_bn_wood_painted_pavement_2_1_nocenter.Xvx.ard
412	1	!ard\prefabs_Buildings_Barns_bn_wood_painted_pylon_1_1_nocenter.Xvx.ard
413	1	!ard\prefabs_Buildings_Barns_bn_wood_painted_pylon_2_1_nocenter.Xvx.ard
414	1	!ard\prefabs_Buildings_Barns_bn_wood_painted_pylon_3_1_nocenter.Xvx.ard
415	1	!ard\prefabs_Buildings_Barns_bn_wood_painted_roof_1_1_nocenter.Xvx.ard
416	1	!ard\prefabs_Buildings_Barns_bn_wood_painted_roof_2_1_nocenter.Xvx.ard
417	1	!ard\prefabs_Buildings_Barns_bn_wood_painted_wall_1_1_nocenter.Xvx.ard
418	1	!ard\prefabs_Buildings_Barns_bn_wood_painted_wall_3_1_nocenter.Xvx.ard
419	1	!ard\prefabs_Buildings_Barns_bn_wood_painted_wall_corner_1_1_nocenter.Xvx.ard
420	1	!ard\prefabs_Buildings_Barns_bn_wood_painted_wall_corner_2_1_nocenter.Xvx.ard
421	1	!ard\prefabs_Buildings_Barns_bn_wood_painted_wall_door_1_1_nocenter.Xvx.ard
422	1	!ard\prefabs_Buildings_Barns_bn_wood_painted_wall_gate_1_1_nocenter.Xvx.ard
423	1	!ard\prefabs_Buildings_Barns_bn_wood_painted_wall_gate_2_1_nocenter.Xvx.ard
424	1	!ard\prefabs_Buildings_Barns_gr_airbrick_painted_wall_corner_1_1_nocenter.Xvx.ard
425	1	!ard\prefabs_Buildings_Barns_gr_airbrick_painted_wall_corner_2_1_nocenter.Xvx.ard
426	1	!ard\prefabs_Buildings_Barns_gr_airbrick_painted_wall_corner_widow_1_1_nocenter.Xvx.ard
427	1	!ard\prefabs_Buildings_Barns_gr_airbrick_painted_wall_corner_window_2_2_nocenter.Xvx.ard
428	1	!ard\prefabs_Buildings_Barns_LOD1_LOD1_bn_airbrick_fixed_wall_2_1_nocenter.Xvx.ard
429	1	!ard\prefabs_Buildings_Barns_LOD1_LOD1_bn_airbrick_fixed_wall_corner_2_1_nocenter.Xvx.ard
430	1	!ard\prefabs_Buildings_Barns_LOD1_LOD1_bn_airbrick_fixed_wall_corner_2_2_nocenter.Xvx.ard
431	1	!ard\prefabs_Buildings_Barns_LOD1_LOD1_bn_airbrick_fixed_wall_door_1_1_nocenter.Xvx.ard
432	1	!ard\prefabs_Buildings_Barns_LOD1_LOD1_bn_airbrick_fixed_wall_gate_1_1_nocenter.Xvx.ard
433	1	!ard\prefabs_Buildings_Barns_LOD1_LOD1_bn_airbrick_fixed_wall_gate_1_2_nocenter.Xvx.ard
434	1	!ard\prefabs_Buildings_Barns_LOD1_LOD1_bn_airbrick_fixed_wall_gate_2_1_nocenter.Xvx.ard
435	1	!ard\prefabs_Buildings_Barns_LOD1_LOD1_bn_airbrick_fixed_wall_gate_2_2_nocenter.Xvx.ard
436	1	!ard\prefabs_Buildings_Barns_LOD1_LOD1_bn_airbrick_new_wall_2_1_nocenter.Xvx.ard
437	1	!ard\prefabs_Buildings_Barns_LOD1_LOD1_bn_airbrick_new_wall_corner_2_1_nocenter.Xvx.ard
438	1	!ard\prefabs_Buildings_Barns_LOD1_LOD1_bn_airbrick_new_wall_door_1_1_nocenter.Xvx.ard
439	1	!ard\prefabs_Buildings_Barns_LOD1_LOD1_bn_airbrick_new_wall_gate_1_1_nocenter.Xvx.ard
440	1	!ard\prefabs_Buildings_Barns_LOD1_LOD1_bn_airbrick_new_wall_gate_2_1_nocenter.Xvx.ard
441	1	!ard\prefabs_Buildings_Barns_LOD1_LOD1_bn_airbrick_old_wall_gate_1_2_nocenter.Xvx.ard
442	1	!ard\prefabs_Buildings_Barns_LOD1_LOD1_bn_airbrick_old_wall_gate_2_2_nocenter.Xvx.ard
443	1	!ard\prefabs_Buildings_Barns_LOD1_LOD1_bn_bitumen_fixed_front_roof_3_1_nocenter.Xvx.ard
444	1	!ard\prefabs_Buildings_Barns_LOD1_LOD1_bn_bitumen_fixed_front_roof_4_1_nocenter.Xvx.ard
445	1	!ard\prefabs_Buildings_Barns_LOD1_LOD1_bn_bitumen_fixed_roof_4_2_nocenter.Xvx.ard
446	1	!ard\prefabs_Buildings_Barns_LOD1_LOD1_bn_bitumen_new_front_roof_3_2_nocenter.Xvx.ard
447	1	!ard\prefabs_Buildings_Barns_LOD1_LOD1_bn_bitumen_new_front_roof_4_2_nocenter.Xvx.ard
448	1	!ard\prefabs_Buildings_Barns_LOD1_LOD1_bn_bitumen_new_roof_1_2_nocenter.Xvx.ard
449	1	!ard\prefabs_Buildings_Barns_LOD1_LOD1_bn_bitumen_new_roof_2_2_nocenter.Xvx.ard
450	1	!ard\prefabs_Buildings_Barns_LOD1_LOD1_bn_bitumen_old_roof_1_1_nocenter.Xvx.ard
451	1	!ard\prefabs_Buildings_Barns_LOD1_LOD1_bn_bitumen_old_roof_1_2_nocenter.Xvx.ard
452	1	!ard\prefabs_Buildings_Barns_LOD1_LOD1_bn_bitumen_old_roof_1_3_nocenter.Xvx.ard
453	1	!ard\prefabs_Buildings_Barns_LOD1_LOD1_bn_bitumen_old_roof_1_4_nocenter.Xvx.ard
454	1	!ard\prefabs_Buildings_Barns_LOD1_LOD1_bn_bitumen_old_roof_2_1_nocenter.Xvx.ard
455	1	!ard\prefabs_Buildings_Barns_LOD1_LOD1_bn_bitumen_old_roof_2_2_nocenter.Xvx.ard
456	1	!ard\prefabs_Buildings_Barns_LOD1_LOD1_bn_bitumen_old_roof_2_3_nocenter.Xvx.ard
457	1	!ard\prefabs_Buildings_Barns_LOD1_LOD1_bn_bitumen_old_roof_2_4_nocenter.Xvx.ard
458	1	!ard\prefabs_Buildings_Barns_LOD1_LOD1_bn_brick_fixed_wall_2_1_nocenter.Xvx.ard
459	1	!ard\prefabs_Buildings_Barns_LOD1_LOD1_bn_brick_fixed_wall_corner_2_1_nocenter.Xvx.ard
460	1	!ard\prefabs_Buildings_Barns_LOD1_LOD1_bn_brick_fixed_wall_gate_1_1_nocenter.Xvx.ard
461	1	!ard\prefabs_Buildings_Barns_LOD1_LOD1_bn_brick_fixed_wall_gate_2_1_nocenter.Xvx.ard
462	1	!ard\prefabs_Buildings_Barns_LOD1_LOD1_bn_brick_new_wall_2_1_nocenter.Xvx.ard
463	1	!ard\prefabs_Buildings_Barns_LOD1_LOD1_bn_brick_new_wall_corner_2_1_nocenter.Xvx.ard
464	1	!ard\prefabs_Buildings_Barns_LOD1_LOD1_bn_brick_new_wall_gate_1_1_nocenter.Xvx.ard
465	1	!ard\prefabs_Buildings_Barns_LOD1_LOD1_bn_brick_new_wall_gate_2_1_nocenter.Xvx.ard
466	1	!ard\prefabs_Buildings_Barns_LOD1_LOD1_bn_brick_old_wall_2_1_nocenter.Xvx.ard
467	1	!ard\prefabs_Buildings_Barns_LOD1_LOD1_bn_ceramic_new_front_roof_3_1_nocenter.Xvx.ard
468	1	!ard\prefabs_Buildings_Barns_LOD1_LOD1_bn_ceramic_new_front_roof_4_1_nocenter.Xvx.ard
469	1	!ard\prefabs_Buildings_Barns_LOD1_LOD1_bn_ceramic_new_roof_1_1_nocenter.Xvx.ard
470	1	!ard\prefabs_Buildings_Barns_LOD1_LOD1_bn_ceramic_new_roof_2_1_nocenter.Xvx.ard
471	1	!ard\prefabs_Buildings_Barns_LOD1_LOD1_bn_metal_new_door_1_1_nocenter.Xvx.ard
472	1	!ard\prefabs_Buildings_Barns_LOD1_LOD1_bn_metal_new_front_roof_3_1_nocenter.Xvx.ard
473	1	!ard\prefabs_Buildings_Barns_LOD1_LOD1_bn_metal_new_front_roof_3_2_nocenter.Xvx.ard
474	1	!ard\prefabs_Buildings_Barns_LOD1_LOD1_bn_metal_new_front_roof_4_1_nocenter.Xvx.ard
475	1	!ard\prefabs_Buildings_Barns_LOD1_LOD1_bn_metal_new_front_roof_4_2_nocenter.Xvx.ard
476	1	!ard\prefabs_Buildings_Barns_LOD1_LOD1_bn_metal_new_gateL_1_1_nocenter.Xvx.ard
477	1	!ard\prefabs_Buildings_Barns_LOD1_LOD1_bn_metal_new_gateR_1_1_nocenter.Xvx.ard
478	1	!ard\prefabs_Buildings_Barns_LOD1_LOD1_bn_metal_new_roof_1_1_nocenter.Xvx.ard
479	1	!ard\prefabs_Buildings_Barns_LOD1_LOD1_bn_metal_new_roof_1_2_nocenter.Xvx.ard
480	1	!ard\prefabs_Buildings_Barns_LOD1_LOD1_bn_metal_new_roof_2_1_nocenter.Xvx.ard
481	1	!ard\prefabs_Buildings_Barns_LOD1_LOD1_bn_metal_new_roof_2_2_nocenter.Xvx.ard
482	1	!ard\prefabs_Buildings_Barns_LOD1_LOD1_bn_plaster_new_wall_2_1_nocenter.Xvx.ard
483	1	!ard\prefabs_Buildings_Barns_LOD1_LOD1_bn_plaster_new_wall_corner_2_1_nocenter.Xvx.ard
484	1	!ard\prefabs_Buildings_Barns_LOD1_LOD1_bn_plaster_new_wall_door_1_1_nocenter.Xvx.ard
485	1	!ard\prefabs_Buildings_Barns_LOD1_LOD1_bn_plaster_new_wall_gate_1_1_nocenter.Xvx.ard
486	1	!ard\prefabs_Buildings_Barns_LOD1_LOD1_bn_plaster_new_wall_gate_2_1_nocenter.Xvx.ard
487	1	!ard\prefabs_Buildings_Barns_LOD1_LOD1_bn_wood_fixed_door_1_1_nocenter.Xvx.ard
488	1	!ard\prefabs_Buildings_Barns_LOD1_LOD1_bn_wood_fixed_door_1_2_nocenter.Xvx.ard
489	1	!ard\prefabs_Buildings_Barns_LOD1_LOD1_bn_wood_fixed_door_1_3_nocenter.Xvx.ard
490	1	!ard\prefabs_Buildings_Barns_LOD1_LOD1_bn_wood_fixed_front_1_1_nocenter.Xvx.ard
491	1	!ard\prefabs_Buildings_Barns_LOD1_LOD1_bn_wood_fixed_front_1_2_nocenter.Xvx.ard
492	1	!ard\prefabs_Buildings_Barns_LOD1_LOD1_bn_wood_fixed_front_1_3_nocenter.Xvx.ard
493	1	!ard\prefabs_Buildings_Barns_LOD1_LOD1_bn_wood_fixed_front_roof_3_1_nocenter.Xvx.ard
494	1	!ard\prefabs_Buildings_Barns_LOD1_LOD1_bn_wood_fixed_front_roof_4_1_nocenter.Xvx.ard
495	1	!ard\prefabs_Buildings_Barns_LOD1_LOD1_bn_wood_fixed_gateL_1_1_nocenter.Xvx.ard
496	1	!ard\prefabs_Buildings_Barns_LOD1_LOD1_bn_wood_fixed_gateL_1_2_nocenter.Xvx.ard
497	1	!ard\prefabs_Buildings_Barns_LOD1_LOD1_bn_wood_fixed_gateL_2_1_nocenter.Xvx.ard
498	1	!ard\prefabs_Buildings_Barns_LOD1_LOD1_bn_wood_fixed_gateL_2_2_nocenter.Xvx.ard
499	1	!ard\prefabs_Buildings_Barns_LOD1_LOD1_bn_wood_fixed_gateL_3_1_nocenter.Xvx.ard
500	1	!ard\prefabs_Buildings_Barns_LOD1_LOD1_bn_wood_fixed_gateL_3_2_nocenter.Xvx.ard
501	1	!ard\prefabs_Buildings_Barns_LOD1_LOD1_bn_wood_fixed_gateR_1_2_nocenter.Xvx.ard
502	1	!ard\prefabs_Buildings_Barns_LOD1_LOD1_bn_wood_fixed_gateR_2_1_nocenter.Xvx.ard
503	1	!ard\prefabs_Buildings_Barns_LOD1_LOD1_bn_wood_fixed_gateR_2_2_nocenter.Xvx.ard
504	1	!ard\prefabs_Buildings_Barns_LOD1_LOD1_bn_wood_fixed_gateR_3_1_nocenter.Xvx.ard
505	1	!ard\prefabs_Buildings_Barns_LOD1_LOD1_bn_wood_fixed_gateR_3_2_nocenter.Xvx.ard
506	1	!ard\prefabs_Buildings_Barns_LOD1_LOD1_bn_wood_fixed_pylon_1_1_nocenter.Xvx.ard
507	1	!ard\prefabs_Buildings_Barns_LOD1_LOD1_bn_wood_fixed_pylon_1_2_nocenter.Xvx.ard
508	1	!ard\prefabs_Buildings_Barns_LOD1_LOD1_bn_wood_fixed_pylon_2_1_nocenter.Xvx.ard
509	1	!ard\prefabs_Buildings_Barns_LOD1_LOD1_bn_wood_fixed_pylon_2_2_nocenter.Xvx.ard
510	1	!ard\prefabs_Buildings_Barns_LOD1_LOD1_bn_wood_fixed_pylon_3_1_nocenter.Xvx.ard
511	1	!ard\prefabs_Buildings_Barns_LOD1_LOD1_bn_wood_fixed_roof_1_1_nocenter.Xvx.ard
512	1	!ard\prefabs_Buildings_Barns_LOD1_LOD1_bn_wood_fixed_roof_1_2_nocenter.Xvx.ard
513	1	!ard\prefabs_Buildings_Barns_LOD1_LOD1_bn_wood_fixed_roof_1_3_nocenter.Xvx.ard
514	1	!ard\prefabs_Buildings_Barns_LOD1_LOD1_bn_wood_fixed_roof_2_1_nocenter.Xvx.ard
515	1	!ard\prefabs_Buildings_Barns_LOD1_LOD1_bn_wood_fixed_roof_2_2_nocenter.Xvx.ard
516	1	!ard\prefabs_Buildings_Barns_LOD1_LOD1_bn_wood_fixed_roof_2_3_nocenter.Xvx.ard
517	1	!ard\prefabs_Buildings_Barns_LOD1_LOD1_bn_wood_fixed_wall_1_1_nocenter.Xvx.ard
518	1	!ard\prefabs_Buildings_Barns_LOD1_LOD1_bn_wood_fixed_wall_1_2_nocenter.Xvx.ard
519	1	!ard\prefabs_Buildings_Barns_LOD1_LOD1_bn_wood_fixed_wall_1_3_nocenter.Xvx.ard
520	1	!ard\prefabs_Buildings_Barns_LOD1_LOD1_bn_wood_fixed_wall_1_4_nocenter.Xvx.ard
521	1	!ard\prefabs_Buildings_Barns_LOD1_LOD1_bn_wood_fixed_wall_1_5_nocenter.Xvx.ard
522	1	!ard\prefabs_Buildings_Barns_LOD1_LOD1_bn_wood_fixed_wall_3_1_nocenter.Xvx.ard
523	1	!ard\prefabs_Buildings_Barns_LOD1_LOD1_bn_wood_fixed_wall_3_2_nocenter.Xvx.ard
524	1	!ard\prefabs_Buildings_Barns_LOD1_LOD1_bn_wood_fixed_wall_corner_1_1_nocenter.Xvx.ard
525	1	!ard\prefabs_Buildings_Barns_LOD1_LOD1_bn_wood_fixed_wall_corner_1_2_nocenter.Xvx.ard
526	1	!ard\prefabs_Buildings_Barns_LOD1_LOD1_bn_wood_fixed_wall_corner_1_3_nocenter.Xvx.ard
527	1	!ard\prefabs_Buildings_Barns_LOD1_LOD1_bn_wood_fixed_wall_corner_2_1_nocenter.Xvx.ard
528	1	!ard\prefabs_Buildings_Barns_LOD1_LOD1_bn_wood_fixed_wall_corner_2_2_nocenter.Xvx.ard
529	1	!ard\prefabs_Buildings_Barns_LOD1_LOD1_bn_wood_fixed_wall_corner_2_3_nocenter.Xvx.ard
530	1	!ard\prefabs_Buildings_Barns_LOD1_LOD1_bn_wood_fixed_wall_door_1_1_nocenter.Xvx.ard
531	1	!ard\prefabs_Buildings_Barns_LOD1_LOD1_bn_wood_fixed_wall_door_1_2_nocenter.Xvx.ard
532	1	!ard\prefabs_Buildings_Barns_LOD1_LOD1_bn_wood_fixed_wall_gate_1_1_nocenter.Xvx.ard
533	1	!ard\prefabs_Buildings_Barns_LOD1_LOD1_bn_wood_fixed_wall_gate_1_2_nocenter.Xvx.ard
534	1	!ard\prefabs_Buildings_Barns_LOD1_LOD1_bn_wood_fixed_wall_gate_1_3_nocenter.Xvx.ard
535	1	!ard\prefabs_Buildings_Barns_LOD1_LOD1_bn_wood_fixed_wall_gate_2_1_nocenter.Xvx.ard
536	1	!ard\prefabs_Buildings_Barns_LOD1_LOD1_bn_wood_fixed_wall_gate_2_2_nocenter.Xvx.ard
537	1	!ard\prefabs_Buildings_Barns_LOD1_LOD1_bn_wood_fixed_wall_gate_2_3_nocenter.Xvx.ard
538	1	!ard\prefabs_Buildings_Barns_LOD1_LOD1_bn_wood_new_door_1_1_nocenter.Xvx.ard
539	1	!ard\prefabs_Buildings_Barns_LOD1_LOD1_bn_wood_new_front_1_1_nocenter.Xvx.ard
540	1	!ard\prefabs_Buildings_Barns_LOD1_LOD1_bn_wood_new_front_roof_3_1_nocenter.Xvx.ard
541	1	!ard\prefabs_Buildings_Barns_LOD1_LOD1_bn_wood_new_front_roof_4_1_nocenter.Xvx.ard
542	1	!ard\prefabs_Buildings_Barns_LOD1_LOD1_bn_wood_new_gateL_1_1_nocenter.Xvx.ard
543	1	!ard\prefabs_Buildings_Barns_LOD1_LOD1_bn_wood_new_gateL_2_1_nocenter.Xvx.ard
544	1	!ard\prefabs_Buildings_Barns_LOD1_LOD1_bn_wood_new_gateL_3_1_nocenter.Xvx.ard
545	1	!ard\prefabs_Buildings_Barns_LOD1_LOD1_bn_wood_new_gateR_1_1_nocenter.Xvx.ard
546	1	!ard\prefabs_Buildings_Barns_LOD1_LOD1_bn_wood_new_gateR_2_1_nocenter.Xvx.ard
547	1	!ard\prefabs_Buildings_Barns_LOD1_LOD1_bn_wood_new_gateR_3_1_nocenter.Xvx.ard
548	1	!ard\prefabs_Buildings_Barns_LOD1_LOD1_bn_wood_new_pavement_2_1_nocenter.Xvx.ard
549	1	!ard\prefabs_Buildings_Barns_LOD1_LOD1_bn_wood_new_pylon_1_1_nocenter.Xvx.ard
550	1	!ard\prefabs_Buildings_Barns_LOD1_LOD1_bn_wood_new_pylon_2_1_nocenter.Xvx.ard
551	1	!ard\prefabs_Buildings_Barns_LOD1_LOD1_bn_wood_new_pylon_3_1_nocenter.Xvx.ard
552	1	!ard\prefabs_Buildings_Barns_LOD1_LOD1_bn_wood_new_roof_1_1_nocenter.Xvx.ard
553	1	!ard\prefabs_Buildings_Barns_LOD1_LOD1_bn_wood_new_roof_2_1_nocenter.Xvx.ard
554	1	!ard\prefabs_Buildings_Barns_LOD1_LOD1_bn_wood_new_wall_1_1_nocenter.Xvx.ard
555	1	!ard\prefabs_Buildings_Barns_LOD1_LOD1_bn_wood_new_wall_3_1_nocenter.Xvx.ard
556	1	!ard\prefabs_Buildings_Barns_LOD1_LOD1_bn_wood_new_wall_corner_1_1_nocenter.Xvx.ard
557	1	!ard\prefabs_Buildings_Barns_LOD1_LOD1_bn_wood_new_wall_corner_2_1_nocenter.Xvx.ard
558	1	!ard\prefabs_Buildings_Barns_LOD1_LOD1_bn_wood_new_wall_door_1_1_nocenter.Xvx.ard
559	1	!ard\prefabs_Buildings_Barns_LOD1_LOD1_bn_wood_new_wall_gate_1_1_nocenter.Xvx.ard
560	1	!ard\prefabs_Buildings_Barns_LOD1_LOD1_bn_wood_new_wall_gate_2_1_nocenter.Xvx.ard
561	1	!ard\prefabs_Buildings_Barns_LOD1_LOD1_bn_wood_old_door_1_2_nocenter.Xvx.ard
562	1	!ard\prefabs_Buildings_Barns_LOD1_LOD1_bn_wood_old_door_1_3_nocenter.Xvx.ard
563	1	!ard\prefabs_Buildings_Barns_LOD1_LOD1_bn_wood_old_front_1_2_nocenter.Xvx.ard
564	1	!ard\prefabs_Buildings_Barns_LOD1_LOD1_bn_wood_old_front_1_3_nocenter.Xvx.ard
565	1	!ard\prefabs_Buildings_Barns_LOD1_LOD1_bn_wood_old_front_roof_3_1_nocenter.Xvx.ard
566	1	!ard\prefabs_Buildings_Barns_LOD1_LOD1_bn_wood_old_front_roof_4_1_nocenter.Xvx.ard
567	1	!ard\prefabs_Buildings_Barns_LOD1_LOD1_bn_wood_old_gateL_1_2_nocenter.Xvx.ard
568	1	!ard\prefabs_Buildings_Barns_LOD1_LOD1_bn_wood_old_gateL_2_2_nocenter.Xvx.ard
569	1	!ard\prefabs_Buildings_Barns_LOD1_LOD1_bn_wood_old_gateL_3_2_nocenter.Xvx.ard
570	1	!ard\prefabs_Buildings_Barns_LOD1_LOD1_bn_wood_old_gateR_1_2_nocenter.Xvx.ard
571	1	!ard\prefabs_Buildings_Barns_LOD1_LOD1_bn_wood_old_gateR_2_2_nocenter.Xvx.ard
572	1	!ard\prefabs_Buildings_Barns_LOD1_LOD1_bn_wood_old_gateR_3_2_nocenter.Xvx.ard
573	1	!ard\prefabs_Buildings_Barns_LOD1_LOD1_bn_wood_old_pavement_2_1_nocenter.Xvx.ard
574	1	!ard\prefabs_Buildings_Barns_LOD1_LOD1_bn_wood_old_pylon_1_2_nocenter.Xvx.ard
575	1	!ard\prefabs_Buildings_Barns_LOD1_LOD1_bn_wood_old_pylon_2_2_nocenter.Xvx.ard
576	1	!ard\prefabs_Buildings_Barns_LOD1_LOD1_bn_wood_old_roof_1_2_nocenter.Xvx.ard
577	1	!ard\prefabs_Buildings_Barns_LOD1_LOD1_bn_wood_old_roof_1_3_nocenter.Xvx.ard
578	1	!ard\prefabs_Buildings_Barns_LOD1_LOD1_bn_wood_old_roof_2_2_nocenter.Xvx.ard
579	1	!ard\prefabs_Buildings_Barns_LOD1_LOD1_bn_wood_old_roof_2_3_nocenter.Xvx.ard
580	1	!ard\prefabs_Buildings_Barns_LOD1_LOD1_bn_wood_old_wall_1_2_nocenter.Xvx.ard
581	1	!ard\prefabs_Buildings_Barns_LOD1_LOD1_bn_wood_old_wall_1_3_nocenter.Xvx.ard
582	1	!ard\prefabs_Buildings_Barns_LOD1_LOD1_bn_wood_old_wall_1_4_nocenter.Xvx.ard
583	1	!ard\prefabs_Buildings_Barns_LOD1_LOD1_bn_wood_old_wall_1_5_nocenter.Xvx.ard
584	1	!ard\prefabs_Buildings_Barns_LOD1_LOD1_bn_wood_old_wall_3_2_nocenter.Xvx.ard
585	1	!ard\prefabs_Buildings_Barns_LOD1_LOD1_bn_wood_old_wall_corner_1_3_nocenter.Xvx.ard
586	1	!ard\prefabs_Buildings_Barns_LOD1_LOD1_bn_wood_old_wall_corner_2_2_nocenter.Xvx.ard
587	1	!ard\prefabs_Buildings_Barns_LOD1_LOD1_bn_wood_old_wall_corner_2_3_nocenter.Xvx.ard
588	1	!ard\prefabs_Buildings_Barns_LOD1_LOD1_bn_wood_old_wall_door_1_2_nocenter.Xvx.ard
589	1	!ard\prefabs_Buildings_Barns_LOD1_LOD1_bn_wood_old_wall_gate_1_2_nocenter.Xvx.ard
590	1	!ard\prefabs_Buildings_Barns_LOD1_LOD1_bn_wood_old_wall_gate_1_3_nocenter.Xvx.ard
591	1	!ard\prefabs_Buildings_Barns_LOD1_LOD1_bn_wood_old_wall_gate_2_2_nocenter.Xvx.ard
592	1	!ard\prefabs_Buildings_Barns_LOD1_LOD1_bn_wood_old_wall_gate_2_3_nocenter.Xvx.ard
593	1	!ard\prefabs_Buildings_Barns_LOD1_LOD1_bn_wood_painted_door_1_1_nocenter.Xvx.ard
594	1	!ard\prefabs_Buildings_Barns_LOD1_LOD1_bn_wood_painted_front_1_1_nocenter.Xvx.ard
595	1	!ard\prefabs_Buildings_Barns_LOD1_LOD1_bn_wood_painted_front_roof_3_1_nocenter.Xvx.ard
596	1	!ard\prefabs_Buildings_Barns_LOD1_LOD1_bn_wood_painted_front_roof_4_1_nocenter.Xvx.ard
597	1	!ard\prefabs_Buildings_Barns_LOD1_LOD1_bn_wood_painted_gateL_1_1_nocenter.Xvx.ard
598	1	!ard\prefabs_Buildings_Barns_LOD1_LOD1_bn_wood_painted_gateL_2_1_nocenter.Xvx.ard
599	1	!ard\prefabs_Buildings_Barns_LOD1_LOD1_bn_wood_painted_gateL_3_1_nocenter.Xvx.ard
600	1	!ard\prefabs_Buildings_Barns_LOD1_LOD1_bn_wood_painted_gateR_1_1_nocenter.Xvx.ard
601	1	!ard\prefabs_Buildings_Barns_LOD1_LOD1_bn_wood_painted_gateR_2_1_nocenter.Xvx.ard
602	1	!ard\prefabs_Buildings_Barns_LOD1_LOD1_bn_wood_painted_gateR_3_1_nocenter.Xvx.ard
603	1	!ard\prefabs_Buildings_Barns_LOD1_LOD1_bn_wood_painted_pavement_2_1_nocenter.Xvx.ard
604	1	!ard\prefabs_Buildings_Barns_LOD1_LOD1_bn_wood_painted_pylon_1_1_nocenter.Xvx.ard
605	1	!ard\prefabs_Buildings_Barns_LOD1_LOD1_bn_wood_painted_pylon_2_1_nocenter.Xvx.ard
606	1	!ard\prefabs_Buildings_Barns_LOD1_LOD1_bn_wood_painted_pylon_3_1_nocenter.Xvx.ard
607	1	!ard\prefabs_Buildings_Barns_LOD1_LOD1_bn_wood_painted_roof_1_1_nocenter.Xvx.ard
608	1	!ard\prefabs_Buildings_Barns_LOD1_LOD1_bn_wood_painted_roof_2_1_nocenter.Xvx.ard
609	1	!ard\prefabs_Buildings_Barns_LOD1_LOD1_bn_wood_painted_wall_1_1_nocenter.Xvx.ard
610	1	!ard\prefabs_Buildings_Barns_LOD1_LOD1_bn_wood_painted_wall_3_1_nocenter.Xvx.ard
611	1	!ard\prefabs_Buildings_Barns_LOD1_LOD1_bn_wood_painted_wall_corner_1_1_nocenter.Xvx.ard
612	1	!ard\prefabs_Buildings_Barns_LOD1_LOD1_bn_wood_painted_wall_corner_2_1_nocenter.Xvx.ard
613	1	!ard\prefabs_Buildings_Barns_LOD1_LOD1_bn_wood_painted_wall_door_1_1_nocenter.Xvx.ard
614	1	!ard\prefabs_Buildings_Barns_LOD1_LOD1_bn_wood_painted_wall_gate_1_1_nocenter.Xvx.ard
615	1	!ard\prefabs_Buildings_Barns_LOD1_LOD1_bn_wood_painted_wall_gate_2_1_nocenter.Xvx.ard
616	1	!ard\prefabs_Buildings_Barns_LOD2_LOD2_bn_airbrick_fixed_wall_1_1_nocenter.Xvx.ard
617	1	!ard\prefabs_Buildings_Barns_LOD2_LOD2_bn_airbrick_fixed_wall_1_2_nocenter.Xvx.ard
618	1	!ard\prefabs_Buildings_Barns_LOD2_LOD2_bn_airbrick_fixed_wall_1_3_nocenter.Xvx.ard
619	1	!ard\prefabs_Buildings_Barns_LOD2_LOD2_bn_airbrick_fixed_wall_2_1_nocenter.Xvx.ard
620	1	!ard\prefabs_Buildings_Barns_LOD2_LOD2_bn_airbrick_fixed_wall_corner_1_1_nocenter.Xvx.ard
621	1	!ard\prefabs_Buildings_Barns_LOD2_LOD2_bn_airbrick_fixed_wall_corner_1_2_nocenter.Xvx.ard
622	1	!ard\prefabs_Buildings_Barns_LOD2_LOD2_bn_airbrick_fixed_wall_corner_2_1_nocenter.Xvx.ard
623	1	!ard\prefabs_Buildings_Barns_LOD2_LOD2_bn_airbrick_fixed_wall_corner_2_2_nocenter.Xvx.ard
624	1	!ard\prefabs_Buildings_Barns_LOD2_LOD2_bn_airbrick_fixed_wall_door_1_1_nocenter.Xvx.ard
625	1	!ard\prefabs_Buildings_Barns_LOD2_LOD2_bn_airbrick_fixed_wall_door_1_2_nocenter.Xvx.ard
626	1	!ard\prefabs_Buildings_Barns_LOD2_LOD2_bn_airbrick_fixed_wall_door_1_3_nocenter.Xvx.ard
627	1	!ard\prefabs_Buildings_Barns_LOD2_LOD2_bn_airbrick_fixed_wall_gate_1_1_nocenter.Xvx.ard
628	1	!ard\prefabs_Buildings_Barns_LOD2_LOD2_bn_airbrick_fixed_wall_gate_1_2_nocenter.Xvx.ard
629	1	!ard\prefabs_Buildings_Barns_LOD2_LOD2_bn_airbrick_fixed_wall_gate_2_1_nocenter.Xvx.ard
630	1	!ard\prefabs_Buildings_Barns_LOD2_LOD2_bn_airbrick_fixed_wall_gate_2_2_nocenter.Xvx.ard
631	1	!ard\prefabs_Buildings_Barns_LOD2_LOD2_bn_airbrick_new_wall_1_1_nocenter.Xvx.ard
632	1	!ard\prefabs_Buildings_Barns_LOD2_LOD2_bn_airbrick_new_wall_2_1_nocenter.Xvx.ard
633	1	!ard\prefabs_Buildings_Barns_LOD2_LOD2_bn_airbrick_new_wall_corner_1_1_nocenter.Xvx.ard
634	1	!ard\prefabs_Buildings_Barns_LOD2_LOD2_bn_airbrick_new_wall_corner_2_1_nocenter.Xvx.ard
635	1	!ard\prefabs_Buildings_Barns_LOD2_LOD2_bn_airbrick_new_wall_door_1_1_nocenter.Xvx.ard
636	1	!ard\prefabs_Buildings_Barns_LOD2_LOD2_bn_airbrick_new_wall_gate_1_1_nocenter.Xvx.ard
637	1	!ard\prefabs_Buildings_Barns_LOD2_LOD2_bn_airbrick_new_wall_gate_2_1_nocenter.Xvx.ard
638	1	!ard\prefabs_Buildings_Barns_LOD2_LOD2_bn_airbrick_old_wall_1_2_nocenter.Xvx.ard
639	1	!ard\prefabs_Buildings_Barns_LOD2_LOD2_bn_airbrick_old_wall_1_3_nocenter.Xvx.ard
640	1	!ard\prefabs_Buildings_Barns_LOD2_LOD2_bn_airbrick_old_wall_corner_1_2_nocenter.Xvx.ard
641	1	!ard\prefabs_Buildings_Barns_LOD2_LOD2_bn_airbrick_old_wall_door_1_2_nocenter.Xvx.ard
642	1	!ard\prefabs_Buildings_Barns_LOD2_LOD2_bn_airbrick_old_wall_door_1_3_nocenter.Xvx.ard
643	1	!ard\prefabs_Buildings_Barns_LOD2_LOD2_bn_airbrick_old_wall_gate_1_2_nocenter.Xvx.ard
644	1	!ard\prefabs_Buildings_Barns_LOD2_LOD2_bn_airbrick_old_wall_gate_2_2_nocenter.Xvx.ard
645	1	!ard\prefabs_Buildings_Barns_LOD2_LOD2_bn_bitumen_fixed_front_roof_3_1_nocenter.Xvx.ard
646	1	!ard\prefabs_Buildings_Barns_LOD2_LOD2_bn_bitumen_fixed_front_roof_4_1_nocenter.Xvx.ard
647	1	!ard\prefabs_Buildings_Barns_LOD2_LOD2_bn_bitumen_fixed_roof_3_2_nocenter.Xvx.ard
648	1	!ard\prefabs_Buildings_Barns_LOD2_LOD2_bn_bitumen_fixed_roof_4_2_nocenter.Xvx.ard
649	1	!ard\prefabs_Buildings_Barns_LOD2_LOD2_bn_bitumen_new_front_roof_3_2_nocenter.Xvx.ard
650	1	!ard\prefabs_Buildings_Barns_LOD2_LOD2_bn_bitumen_new_front_roof_4_2_nocenter.Xvx.ard
651	1	!ard\prefabs_Buildings_Barns_LOD2_LOD2_bn_bitumen_new_roof_1_2_nocenter.Xvx.ard
652	1	!ard\prefabs_Buildings_Barns_LOD2_LOD2_bn_bitumen_new_roof_2_2_nocenter.Xvx.ard
653	1	!ard\prefabs_Buildings_Barns_LOD2_LOD2_bn_bitumen_old_roof_1_2_nocenter.Xvx.ard
654	1	!ard\prefabs_Buildings_Barns_LOD2_LOD2_bn_bitumen_old_roof_1_3_nocenter.Xvx.ard
655	1	!ard\prefabs_Buildings_Barns_LOD2_LOD2_bn_bitumen_old_roof_1_4_nocenter.Xvx.ard
656	1	!ard\prefabs_Buildings_Barns_LOD2_LOD2_bn_bitumen_old_roof_2_2_nocenter.Xvx.ard
657	1	!ard\prefabs_Buildings_Barns_LOD2_LOD2_bn_bitumen_old_roof_2_3_nocenter.Xvx.ard
658	1	!ard\prefabs_Buildings_Barns_LOD2_LOD2_bn_bitumen_old_roof_2_4_nocenter.Xvx.ard
659	1	!ard\prefabs_Buildings_Barns_LOD2_LOD2_bn_brick_fixed_wall_1_1_nocenter.Xvx.ard
660	1	!ard\prefabs_Buildings_Barns_LOD2_LOD2_bn_brick_fixed_wall_1_4_nocenter.Xvx.ard
661	1	!ard\prefabs_Buildings_Barns_LOD2_LOD2_bn_brick_fixed_wall_1_5_nocenter.Xvx.ard
662	1	!ard\prefabs_Buildings_Barns_LOD2_LOD2_bn_brick_fixed_wall_2_1_nocenter.Xvx.ard
663	1	!ard\prefabs_Buildings_Barns_LOD2_LOD2_bn_brick_fixed_wall_corner_1_1_nocenter.Xvx.ard
664	1	!ard\prefabs_Buildings_Barns_LOD2_LOD2_bn_brick_fixed_wall_corner_1_2_nocenter.Xvx.ard
665	1	!ard\prefabs_Buildings_Barns_LOD2_LOD2_bn_brick_fixed_wall_corner_2_1_nocenter.Xvx.ard
666	1	!ard\prefabs_Buildings_Barns_LOD2_LOD2_bn_brick_fixed_wall_door_1_1_nocenter.Xvx.ard
667	1	!ard\prefabs_Buildings_Barns_LOD2_LOD2_bn_brick_fixed_wall_door_1_2_nocenter.Xvx.ard
668	1	!ard\prefabs_Buildings_Barns_LOD2_LOD2_bn_brick_fixed_wall_door_1_3_nocenter.Xvx.ard
669	1	!ard\prefabs_Buildings_Barns_LOD2_LOD2_bn_brick_fixed_wall_gate_1_1_nocenter.Xvx.ard
670	1	!ard\prefabs_Buildings_Barns_LOD2_LOD2_bn_brick_fixed_wall_gate_2_1_nocenter.Xvx.ard
671	1	!ard\prefabs_Buildings_Barns_LOD2_LOD2_bn_brick_new_wall_1_1_nocenter.Xvx.ard
672	1	!ard\prefabs_Buildings_Barns_LOD2_LOD2_bn_brick_new_wall_2_1_nocenter.Xvx.ard
673	1	!ard\prefabs_Buildings_Barns_LOD2_LOD2_bn_brick_new_wall_corner_1_1_nocenter.Xvx.ard
674	1	!ard\prefabs_Buildings_Barns_LOD2_LOD2_bn_brick_new_wall_corner_2_1_nocenter.Xvx.ard
675	1	!ard\prefabs_Buildings_Barns_LOD2_LOD2_bn_brick_new_wall_door_1_1_nocenter.Xvx.ard
676	1	!ard\prefabs_Buildings_Barns_LOD2_LOD2_bn_brick_new_wall_gate_1_1_nocenter.Xvx.ard
677	1	!ard\prefabs_Buildings_Barns_LOD2_LOD2_bn_brick_new_wall_gate_2_1_nocenter.Xvx.ard
678	1	!ard\prefabs_Buildings_Barns_LOD2_LOD2_bn_brick_old_wall_1_2_nocenter.Xvx.ard
679	1	!ard\prefabs_Buildings_Barns_LOD2_LOD2_bn_brick_old_wall_1_3_nocenter.Xvx.ard
680	1	!ard\prefabs_Buildings_Barns_LOD2_LOD2_bn_brick_old_wall_1_4_nocenter.Xvx.ard
681	1	!ard\prefabs_Buildings_Barns_LOD2_LOD2_bn_brick_old_wall_1_5_nocenter.Xvx.ard
682	1	!ard\prefabs_Buildings_Barns_LOD2_LOD2_bn_brick_old_wall_2_1_nocenter.Xvx.ard
683	1	!ard\prefabs_Buildings_Barns_LOD2_LOD2_bn_brick_old_wall_corner_1_2_nocenter.Xvx.ard
684	1	!ard\prefabs_Buildings_Barns_LOD2_LOD2_bn_brick_old_wall_corner_2_1_nocenter.Xvx.ard
685	1	!ard\prefabs_Buildings_Barns_LOD2_LOD2_bn_brick_old_wall_door_1_2_nocenter.Xvx.ard
686	1	!ard\prefabs_Buildings_Barns_LOD2_LOD2_bn_brick_old_wall_door_1_3_nocenter.Xvx.ard
687	1	!ard\prefabs_Buildings_Barns_LOD2_LOD2_bn_ceramic_new_front_roof_3_1_nocenter.Xvx.ard
688	1	!ard\prefabs_Buildings_Barns_LOD2_LOD2_bn_ceramic_new_front_roof_4_1_nocenter.Xvx.ard
689	1	!ard\prefabs_Buildings_Barns_LOD2_LOD2_bn_ceramic_new_roof_1_1_nocenter.Xvx.ard
690	1	!ard\prefabs_Buildings_Barns_LOD2_LOD2_bn_ceramic_new_roof_2_1_nocenter.Xvx.ard
691	1	!ard\prefabs_Buildings_Barns_LOD2_LOD2_bn_metal_new_front_roof_3_1_nocenter.Xvx.ard
692	1	!ard\prefabs_Buildings_Barns_LOD2_LOD2_bn_metal_new_front_roof_3_2_nocenter.Xvx.ard
693	1	!ard\prefabs_Buildings_Barns_LOD2_LOD2_bn_metal_new_front_roof_4_1_nocenter.Xvx.ard
694	1	!ard\prefabs_Buildings_Barns_LOD2_LOD2_bn_metal_new_front_roof_4_2_nocenter.Xvx.ard
695	1	!ard\prefabs_Buildings_Barns_LOD2_LOD2_bn_metal_new_roof_1_1_nocenter.Xvx.ard
696	1	!ard\prefabs_Buildings_Barns_LOD2_LOD2_bn_metal_new_roof_1_2_nocenter.Xvx.ard
697	1	!ard\prefabs_Buildings_Barns_LOD2_LOD2_bn_metal_new_roof_2_1_nocenter.Xvx.ard
698	1	!ard\prefabs_Buildings_Barns_LOD2_LOD2_bn_metal_new_roof_2_2_nocenter.Xvx.ard
699	1	!ard\prefabs_Buildings_Barns_LOD2_LOD2_bn_plaster_new_wall_1_1_nocenter.Xvx.ard
700	1	!ard\prefabs_Buildings_Barns_LOD2_LOD2_bn_plaster_new_wall_2_1_nocenter.Xvx.ard
701	1	!ard\prefabs_Buildings_Barns_LOD2_LOD2_bn_plaster_new_wall_corner_1_1_nocenter.Xvx.ard
702	1	!ard\prefabs_Buildings_Barns_LOD2_LOD2_bn_plaster_new_wall_corner_2_1_nocenter.Xvx.ard
703	1	!ard\prefabs_Buildings_Barns_LOD2_LOD2_bn_plaster_new_wall_door_1_1_nocenter.Xvx.ard
704	1	!ard\prefabs_Buildings_Barns_LOD2_LOD2_bn_plaster_new_wall_gate_2_1_nocenter.Xvx.ard
705	1	!ard\prefabs_Buildings_Barns_LOD2_LOD2_bn_wood_fixed_front_1_1_nocenter.Xvx.ard
706	1	!ard\prefabs_Buildings_Barns_LOD2_LOD2_bn_wood_fixed_front_1_2_nocenter.Xvx.ard
707	1	!ard\prefabs_Buildings_Barns_LOD2_LOD2_bn_wood_fixed_front_1_3_nocenter.Xvx.ard
708	1	!ard\prefabs_Buildings_Barns_LOD2_LOD2_bn_wood_fixed_pylon_3_1_nocenter.Xvx.ard
709	1	!ard\prefabs_Buildings_Barns_LOD2_LOD2_bn_wood_fixed_roof_1_1_nocenter.Xvx.ard
710	1	!ard\prefabs_Buildings_Barns_LOD2_LOD2_bn_wood_fixed_roof_1_2_nocenter.Xvx.ard
711	1	!ard\prefabs_Buildings_Barns_LOD2_LOD2_bn_wood_fixed_roof_1_3_nocenter.Xvx.ard
712	1	!ard\prefabs_Buildings_Barns_LOD2_LOD2_bn_wood_fixed_roof_2_1_nocenter.Xvx.ard
713	1	!ard\prefabs_Buildings_Barns_LOD2_LOD2_bn_wood_fixed_roof_2_2_nocenter.Xvx.ard
714	1	!ard\prefabs_Buildings_Barns_LOD2_LOD2_bn_wood_fixed_roof_2_3_nocenter.Xvx.ard
715	1	!ard\prefabs_Buildings_Barns_LOD2_LOD2_bn_wood_fixed_wall_1_1_nocenter.Xvx.ard
716	1	!ard\prefabs_Buildings_Barns_LOD2_LOD2_bn_wood_fixed_wall_1_2_nocenter.Xvx.ard
717	1	!ard\prefabs_Buildings_Barns_LOD2_LOD2_bn_wood_fixed_wall_1_3_nocenter.Xvx.ard
718	1	!ard\prefabs_Buildings_Barns_LOD2_LOD2_bn_wood_fixed_wall_1_4_nocenter.Xvx.ard
719	1	!ard\prefabs_Buildings_Barns_LOD2_LOD2_bn_wood_fixed_wall_1_5_nocenter.Xvx.ard
720	1	!ard\prefabs_Buildings_Barns_LOD2_LOD2_bn_wood_fixed_wall_3_1_nocenter.Xvx.ard
721	1	!ard\prefabs_Buildings_Barns_LOD2_LOD2_bn_wood_fixed_wall_3_2_nocenter.Xvx.ard
722	1	!ard\prefabs_Buildings_Barns_LOD2_LOD2_bn_wood_fixed_wall_corner_1_1_nocenter.Xvx.ard
723	1	!ard\prefabs_Buildings_Barns_LOD2_LOD2_bn_wood_fixed_wall_corner_1_2_nocenter.Xvx.ard
724	1	!ard\prefabs_Buildings_Barns_LOD2_LOD2_bn_wood_fixed_wall_corner_1_3_nocenter.Xvx.ard
725	1	!ard\prefabs_Buildings_Barns_LOD2_LOD2_bn_wood_fixed_wall_corner_2_1_nocenter.Xvx.ard
726	1	!ard\prefabs_Buildings_Barns_LOD2_LOD2_bn_wood_fixed_wall_corner_2_2_nocenter.Xvx.ard
727	1	!ard\prefabs_Buildings_Barns_LOD2_LOD2_bn_wood_fixed_wall_corner_2_3_nocenter.Xvx.ard
728	1	!ard\prefabs_Buildings_Barns_LOD2_LOD2_bn_wood_fixed_wall_door_1_1_nocenter.Xvx.ard
729	1	!ard\prefabs_Buildings_Barns_LOD2_LOD2_bn_wood_fixed_wall_door_1_2_nocenter.Xvx.ard
730	1	!ard\prefabs_Buildings_Barns_LOD2_LOD2_bn_wood_fixed_wall_gate_1_1_nocenter.Xvx.ard
731	1	!ard\prefabs_Buildings_Barns_LOD2_LOD2_bn_wood_fixed_wall_gate_1_2_nocenter.Xvx.ard
732	1	!ard\prefabs_Buildings_Barns_LOD2_LOD2_bn_wood_fixed_wall_gate_1_3_nocenter.Xvx.ard
733	1	!ard\prefabs_Buildings_Barns_LOD2_LOD2_bn_wood_fixed_wall_gate_2_1_nocenter.Xvx.ard
734	1	!ard\prefabs_Buildings_Barns_LOD2_LOD2_bn_wood_fixed_wall_gate_2_2_nocenter.Xvx.ard
735	1	!ard\prefabs_Buildings_Barns_LOD2_LOD2_bn_wood_fixed_wall_gate_2_3_nocenter.Xvx.ard
736	1	!ard\prefabs_Buildings_Barns_LOD2_LOD2_bn_wood_new_front_1_1_nocenter.Xvx.ard
737	1	!ard\prefabs_Buildings_Barns_LOD2_LOD2_bn_wood_new_pylon_3_1_nocenter.Xvx.ard
738	1	!ard\prefabs_Buildings_Barns_LOD2_LOD2_bn_wood_new_roof_1_1_nocenter.Xvx.ard
739	1	!ard\prefabs_Buildings_Barns_LOD2_LOD2_bn_wood_new_roof_2_1_nocenter.Xvx.ard
740	1	!ard\prefabs_Buildings_Barns_LOD2_LOD2_bn_wood_new_wall_1_1_nocenter.Xvx.ard
741	1	!ard\prefabs_Buildings_Barns_LOD2_LOD2_bn_wood_new_wall_3_1_nocenter.Xvx.ard
742	1	!ard\prefabs_Buildings_Barns_LOD2_LOD2_bn_wood_new_wall_corner_1_1_nocenter.Xvx.ard
743	1	!ard\prefabs_Buildings_Barns_LOD2_LOD2_bn_wood_new_wall_corner_2_1_nocenter.Xvx.ard
744	1	!ard\prefabs_Buildings_Barns_LOD2_LOD2_bn_wood_new_wall_door_1_1_nocenter.Xvx.ard
745	1	!ard\prefabs_Buildings_Barns_LOD2_LOD2_bn_wood_new_wall_gate_1_1_nocenter.Xvx.ard
746	1	!ard\prefabs_Buildings_Barns_LOD2_LOD2_bn_wood_new_wall_gate_2_1_nocenter.Xvx.ard
747	1	!ard\prefabs_Buildings_Barns_LOD2_LOD2_bn_wood_old_front_1_2_nocenter.Xvx.ard
748	1	!ard\prefabs_Buildings_Barns_LOD2_LOD2_bn_wood_old_front_1_3_nocenter.Xvx.ard
749	1	!ard\prefabs_Buildings_Barns_LOD2_LOD2_bn_wood_old_roof_1_2_nocenter.Xvx.ard
750	1	!ard\prefabs_Buildings_Barns_LOD2_LOD2_bn_wood_old_roof_1_3_nocenter.Xvx.ard
751	1	!ard\prefabs_Buildings_Barns_LOD2_LOD2_bn_wood_old_roof_2_3_nocenter.Xvx.ard
752	1	!ard\prefabs_Buildings_Barns_LOD2_LOD2_bn_wood_old_wall_1_2_nocenter.Xvx.ard
753	1	!ard\prefabs_Buildings_Barns_LOD2_LOD2_bn_wood_old_wall_1_3_nocenter.Xvx.ard
754	1	!ard\prefabs_Buildings_Barns_LOD2_LOD2_bn_wood_old_wall_1_4_nocenter.Xvx.ard
755	1	!ard\prefabs_Buildings_Barns_LOD2_LOD2_bn_wood_old_wall_1_5_nocenter.Xvx.ard
756	1	!ard\prefabs_Buildings_Barns_LOD2_LOD2_bn_wood_old_wall_3_2_nocenter.Xvx.ard
757	1	!ard\prefabs_Buildings_Barns_LOD2_LOD2_bn_wood_old_wall_corner_1_2_nocenter.Xvx.ard
758	1	!ard\prefabs_Buildings_Barns_LOD2_LOD2_bn_wood_old_wall_corner_1_3_nocenter.Xvx.ard
759	1	!ard\prefabs_Buildings_Barns_LOD2_LOD2_bn_wood_old_wall_corner_2_2_nocenter.Xvx.ard
760	1	!ard\prefabs_Buildings_Barns_LOD2_LOD2_bn_wood_old_wall_corner_2_3_nocenter.Xvx.ard
761	1	!ard\prefabs_Buildings_Barns_LOD2_LOD2_bn_wood_old_wall_door_1_2_nocenter.Xvx.ard
762	1	!ard\prefabs_Buildings_Barns_LOD2_LOD2_bn_wood_old_wall_gate_1_2_nocenter.Xvx.ard
763	1	!ard\prefabs_Buildings_Barns_LOD2_LOD2_bn_wood_old_wall_gate_1_3_nocenter.Xvx.ard
764	1	!ard\prefabs_Buildings_Barns_LOD2_LOD2_bn_wood_old_wall_gate_2_2_nocenter.Xvx.ard
765	1	!ard\prefabs_Buildings_Barns_LOD2_LOD2_bn_wood_old_wall_gate_2_3_nocenter.Xvx.ard
766	1	!ard\prefabs_Buildings_Barns_LOD2_LOD2_bn_wood_painted_front_1_1_nocenter.Xvx.ard
767	1	!ard\prefabs_Buildings_Barns_LOD2_LOD2_bn_wood_painted_pylon_3_1_nocenter.Xvx.ard
768	1	!ard\prefabs_Buildings_Barns_LOD2_LOD2_bn_wood_painted_roof_1_1_nocenter.Xvx.ard
769	1	!ard\prefabs_Buildings_Barns_LOD2_LOD2_bn_wood_painted_roof_2_1_nocenter.Xvx.ard
770	1	!ard\prefabs_Buildings_Barns_LOD2_LOD2_bn_wood_painted_wall_1_1_nocenter.Xvx.ard
771	1	!ard\prefabs_Buildings_Barns_LOD2_LOD2_bn_wood_painted_wall_3_1_nocenter.Xvx.ard
772	1	!ard\prefabs_Buildings_Barns_LOD2_LOD2_bn_wood_painted_wall_corner_1_1_nocenter.Xvx.ard
773	1	!ard\prefabs_Buildings_Barns_LOD2_LOD2_bn_wood_painted_wall_corner_2_1_nocenter.Xvx.ard
774	1	!ard\prefabs_Buildings_Barns_LOD2_LOD2_bn_wood_painted_wall_door_1_1_nocenter.Xvx.ard
775	1	!ard\prefabs_Buildings_Barns_LOD2_LOD2_bn_wood_painted_wall_gate_1_1_nocenter.Xvx.ard
776	1	!ard\prefabs_Buildings_Barns_LOD2_LOD2_bn_wood_painted_wall_gate_2_1_nocenter.Xvx.ard
777	1	!ard\prefabs_Buildings_Barns_PHYSICS_bn_chaffcutter_nocenter.Xvx.ard
778	1	!ard\prefabs_Buildings_Barns_PHYSICS_bn_rope.Xvx.ard
779	1	!ard\prefabs_Buildings_BP_depot_beets_nocenter.Xvx.ard
780	1	!ard\prefabs_Buildings_BP_depot_BP_depot_nocenter.Xvx.ard
781	1	!ard\prefabs_Buildings_BP_depot_conveyor1_nocenter.Xvx.ard
782	1	!ard\prefabs_Buildings_BP_depot_conveyor2_nocenter.Xvx.ard
783	1	!ard\prefabs_Buildings_BP_depot_PHYSICS_BP_depot_nocenter.Xvx.ard
784	1	!ard\prefabs_Buildings_BP_depot_potatoes_nocenter.Xvx.ard
785	1	!ard\prefabs_Buildings_BP_depot_shed_nocenter.Xvx.ard
786	1	!ard\prefabs_Buildings_building_materials_europallet_airbrick_nocenter.Xvx.ard
787	1	!ard\prefabs_Buildings_building_materials_europallet_bitumen_nocenter.Xvx.ard
788	1	!ard\prefabs_Buildings_building_materials_europallet_brick_nocenter.Xvx.ard
789	1	!ard\prefabs_Buildings_building_materials_europallet_ceramic_roof_nocenter.Xvx.ard
790	1	!ard\prefabs_Buildings_building_materials_europallet_ceramic_tile_nocenter.Xvx.ard
791	1	!ard\prefabs_Buildings_building_materials_europallet_finish_coat_nocenter.Xvx.ard
792	1	!ard\prefabs_Buildings_building_materials_europallet_impregnante_nocenter.Xvx.ard
793	1	!ard\prefabs_Buildings_building_materials_europallet_metal_planks_nocenter.Xvx.ard
794	1	!ard\prefabs_Buildings_building_materials_europallet_metal_red_roof_nocenter.Xvx.ard
795	1	!ard\prefabs_Buildings_building_materials_europallet_metal_roof_nocenter.Xvx.ard
796	1	!ard\prefabs_Buildings_building_materials_europallet_physics_nocenter.xvx.ard
797	1	!ard\prefabs_Buildings_building_materials_europallet_plaster_nocenter.Xvx.ard
798	1	!ard\prefabs_Buildings_building_materials_europallet_scratch_coat_nocenter.Xvx.ard
799	1	!ard\prefabs_Buildings_building_materials_europallet_shingle_green_nocenter.Xvx.ard
800	1	!ard\prefabs_Buildings_building_materials_europallet_shingle_nocenter.Xvx.ard
801	1	!ard\prefabs_Buildings_building_materials_europallet_shingle_PV_nocenter.Xvx.ard
802	1	!ard\prefabs_Buildings_building_materials_europallet_wood_nocenter.Xvx.ard
803	1	!ard\prefabs_Buildings_building_materials_LOD1_europallet_airbrick_nocenter.xvx.ard
804	1	!ard\prefabs_Buildings_building_materials_LOD1_europallet_bitumen_nocenter.xvx.ard
805	1	!ard\prefabs_Buildings_building_materials_LOD1_europallet_brick_nocenter.xvx.ard
806	1	!ard\prefabs_Buildings_building_materials_LOD1_europallet_ceramic_roof_nocenter.xvx.ard
807	1	!ard\prefabs_Buildings_building_materials_LOD1_europallet_ceramic_tile_nocenter.Xvx.ard
808	1	!ard\prefabs_Buildings_building_materials_LOD1_europallet_finish_coat_nocenter.xvx.ard
809	1	!ard\prefabs_Buildings_building_materials_LOD1_europallet_impregnante_nocenter.xvx.ard
810	1	!ard\prefabs_Buildings_building_materials_LOD1_europallet_metal_planks_nocenter.xvx.ard
811	1	!ard\prefabs_Buildings_building_materials_LOD1_europallet_metal_red_roof_nocenter.xvx.ard
812	1	!ard\prefabs_Buildings_building_materials_LOD1_europallet_metal_roof_nocenter.xvx.ard
813	1	!ard\prefabs_Buildings_building_materials_LOD1_europallet_plaster_nocenter.xvx.ard
814	1	!ard\prefabs_Buildings_building_materials_LOD1_europallet_scratch_coat_nocenter.xvx.ard
815	1	!ard\prefabs_Buildings_building_materials_LOD1_europallet_shingle_green_nocenter.Xvx.ard
816	1	!ard\prefabs_Buildings_building_materials_LOD1_europallet_shingle_nocenter.xvx.ard
817	1	!ard\prefabs_Buildings_building_materials_LOD1_europallet_shingle_PV_nocenter.xvx.ard
818	1	!ard\prefabs_Buildings_building_materials_LOD1_europallet_wood_nocenter.xvx.ard
819	1	!ard\prefabs_Buildings_building_materials_LOD2_europallet_airbrick_nocenter.xvx.ard
820	1	!ard\prefabs_Buildings_building_materials_LOD2_europallet_bitumen_nocenter.xvx.ard
821	1	!ard\prefabs_Buildings_building_materials_LOD2_europallet_brick_nocenter.xvx.ard
822	1	!ard\prefabs_Buildings_building_materials_LOD2_europallet_ceramic_roof_nocenter.xvx.ard
823	1	!ard\prefabs_Buildings_building_materials_LOD2_europallet_ceramic_tile_nocenter.Xvx.ard
824	1	!ard\prefabs_Buildings_building_materials_LOD2_europallet_finish_coat_nocenter.xvx.ard
825	1	!ard\prefabs_Buildings_building_materials_LOD2_europallet_impregnante_nocenter.xvx.ard
826	1	!ard\prefabs_Buildings_building_materials_LOD2_europallet_metal_planks_nocenter.xvx.ard
827	1	!ard\prefabs_Buildings_building_materials_LOD2_europallet_metal_red_roof_nocenter.xvx.ard
828	1	!ard\prefabs_Buildings_building_materials_LOD2_europallet_metal_roof_nocenter.xvx.ard
829	1	!ard\prefabs_Buildings_building_materials_LOD2_europallet_plaster_nocenter.xvx.ard
830	1	!ard\prefabs_Buildings_building_materials_LOD2_europallet_scratch_coat_nocenter.xvx.ard
831	1	!ard\prefabs_Buildings_building_materials_LOD2_europallet_shingle_green_nocenter.Xvx.ard
832	1	!ard\prefabs_Buildings_building_materials_LOD2_europallet_shingle_nocenter.xvx.ard
833	1	!ard\prefabs_Buildings_building_materials_LOD2_europallet_shingle_PV_nocenter.xvx.ard
834	1	!ard\prefabs_Buildings_building_materials_LOD2_europallet_wood_nocenter.xvx.ard
835	1	!ard\prefabs_Buildings_Cowshed_cs_airbrick_fixed_wall_1_1_nocenter.Xvx.ard
836	1	!ard\prefabs_Buildings_Cowshed_cs_airbrick_fixed_wall_1_2_nocenter.Xvx.ard
837	1	!ard\prefabs_Buildings_Cowshed_cs_airbrick_fixed_wall_2_1_nocenter.Xvx.ard
838	1	!ard\prefabs_Buildings_Cowshed_cs_airbrick_fixed_wall_3_1_nocenter.Xvx.ard
839	1	!ard\prefabs_Buildings_Cowshed_cs_airbrick_fixed_wall_4_1_nocenter.Xvx.ard
840	1	!ard\prefabs_Buildings_Cowshed_cs_airbrick_fixed_wall_corner_1_1_nocenter.Xvx.ard
841	1	!ard\prefabs_Buildings_Cowshed_cs_airbrick_fixed_wall_corner_2_1_nocenter.Xvx.ard
842	1	!ard\prefabs_Buildings_Cowshed_cs_airbrick_fixed_wall_corner_2_2_nocenter.Xvx.ard
843	1	!ard\prefabs_Buildings_Cowshed_cs_airbrick_fixed_wall_up_1_1_nocenter.Xvx.ard
844	1	!ard\prefabs_Buildings_Cowshed_cs_airbrick_fixed_wall_up_2_1_nocenter.Xvx.ard
845	1	!ard\prefabs_Buildings_Cowshed_cs_airbrick_fixed_wall_up_3_1_nocenter.Xvx.ard
846	1	!ard\prefabs_Buildings_Cowshed_cs_airbrick_fixed_wall_up_4_1_nocenter.Xvx.ard
847	1	!ard\prefabs_Buildings_Cowshed_cs_airbrick_fixed_wall_up_5_1_nocenter.Xvx.ard
848	1	!ard\prefabs_Buildings_Cowshed_cs_airbrick_fixed_wall_up_6_1_nocenter.Xvx.ard
849	1	!ard\prefabs_Buildings_Cowshed_cs_airbrick_fixed_wall_up_corner_1_1_nocenter.Xvx.ard
850	1	!ard\prefabs_Buildings_Cowshed_cs_airbrick_fixed_wall_up_corner_2_1_nocenter.Xvx.ard
851	1	!ard\prefabs_Buildings_Cowshed_cs_airbrick_new_wall_1_1_nocenter.Xvx.ard
852	1	!ard\prefabs_Buildings_Cowshed_cs_airbrick_new_wall_2_1_nocenter.Xvx.ard
853	1	!ard\prefabs_Buildings_Cowshed_cs_airbrick_new_wall_3_1_nocenter.Xvx.ard
854	1	!ard\prefabs_Buildings_Cowshed_cs_airbrick_new_wall_4_1_nocenter.Xvx.ard
855	1	!ard\prefabs_Buildings_Cowshed_cs_airbrick_new_wall_corner_1_1_nocenter.Xvx.ard
856	1	!ard\prefabs_Buildings_Cowshed_cs_airbrick_new_wall_corner_2_1_nocenter.Xvx.ard
857	1	!ard\prefabs_Buildings_Cowshed_cs_airbrick_new_wall_corner_2_2_nocenter.Xvx.ard
858	1	!ard\prefabs_Buildings_Cowshed_cs_airbrick_new_wall_door_1_1_nocenter.Xvx.ard
859	1	!ard\prefabs_Buildings_Cowshed_cs_airbrick_new_wall_door_2_1_nocenter.Xvx.ard
860	1	!ard\prefabs_Buildings_Cowshed_cs_airbrick_new_wall_gate_1_1_nocenter.Xvx.ard
861	1	!ard\prefabs_Buildings_Cowshed_cs_airbrick_new_wall_up_1_1_nocenter.Xvx.ard
862	1	!ard\prefabs_Buildings_Cowshed_cs_airbrick_new_wall_up_2_1_nocenter.Xvx.ard
863	1	!ard\prefabs_Buildings_Cowshed_cs_airbrick_new_wall_up_3_1_nocenter.Xvx.ard
864	1	!ard\prefabs_Buildings_Cowshed_cs_airbrick_new_wall_up_4_1_nocenter.Xvx.ard
865	1	!ard\prefabs_Buildings_Cowshed_cs_airbrick_new_wall_up_5_1_nocenter.Xvx.ard
866	1	!ard\prefabs_Buildings_Cowshed_cs_airbrick_new_wall_up_6_1_nocenter.Xvx.ard
867	1	!ard\prefabs_Buildings_Cowshed_cs_airbrick_new_wall_up_corner_1_1_nocenter.Xvx.ard
868	1	!ard\prefabs_Buildings_Cowshed_cs_airbrick_new_wall_up_corner_2_1_nocenter.Xvx.ard
869	1	!ard\prefabs_Buildings_Cowshed_cs_airbrick_new_wall_up_front_1_1_nocenter.Xvx.ard
870	1	!ard\prefabs_Buildings_Cowshed_cs_airbrick_old_wall_1_2_nocenter.Xvx.ard
871	1	!ard\prefabs_Buildings_Cowshed_cs_airbrick_old_wall_2_1_nocenter.Xvx.ard
872	1	!ard\prefabs_Buildings_Cowshed_cs_airbrick_old_wall_3_1_nocenter.Xvx.ard
873	1	!ard\prefabs_Buildings_Cowshed_cs_airbrick_old_wall_4_1_nocenter.Xvx.ard
874	1	!ard\prefabs_Buildings_Cowshed_cs_airbrick_old_wall_corner_1_1_nocenter.Xvx.ard
875	1	!ard\prefabs_Buildings_Cowshed_cs_airbrick_old_wall_corner_2_1_nocenter.Xvx.ard
876	1	!ard\prefabs_Buildings_Cowshed_cs_airbrick_old_wall_corner_2_2_nocenter.Xvx.ard
877	1	!ard\prefabs_Buildings_Cowshed_cs_airbrick_old_wall_door_1_1_nocenter.Xvx.ard
878	1	!ard\prefabs_Buildings_Cowshed_cs_airbrick_old_wall_door_2_1_nocenter.Xvx.ard
879	1	!ard\prefabs_Buildings_Cowshed_cs_airbrick_old_wall_gate_1_1_nocenter.Xvx.ard
880	1	!ard\prefabs_Buildings_Cowshed_cs_airbrick_old_wall_up_1_1_nocenter.Xvx.ard
881	1	!ard\prefabs_Buildings_Cowshed_cs_airbrick_old_wall_up_2_1_nocenter.Xvx.ard
882	1	!ard\prefabs_Buildings_Cowshed_cs_airbrick_old_wall_up_3_1_nocenter.Xvx.ard
883	1	!ard\prefabs_Buildings_Cowshed_cs_airbrick_old_wall_up_4_1_nocenter.Xvx.ard
884	1	!ard\prefabs_Buildings_Cowshed_cs_airbrick_old_wall_up_5_1_nocenter.Xvx.ard
885	1	!ard\prefabs_Buildings_Cowshed_cs_airbrick_old_wall_up_6_1_nocenter.Xvx.ard
886	1	!ard\prefabs_Buildings_Cowshed_cs_airbrick_old_wall_up_corner_1_1_nocenter.Xvx.ard
887	1	!ard\prefabs_Buildings_Cowshed_cs_airbrick_old_wall_up_corner_2_1_nocenter.Xvx.ard
888	1	!ard\prefabs_Buildings_Cowshed_cs_base_manure_1_nocenter.Xvx.ard
889	1	!ard\prefabs_Buildings_Cowshed_cs_bitumen_fixed_roof_1_1_nocenter.Xvx.ard
890	1	!ard\prefabs_Buildings_Cowshed_cs_bitumen_fixed_roof_2_1_nocenter.Xvx.ard
891	1	!ard\prefabs_Buildings_Cowshed_cs_bitumen_fixed_roof_3_1_nocenter.Xvx.ard
892	1	!ard\prefabs_Buildings_Cowshed_cs_bitumen_fixed_roof_4_1_nocenter.Xvx.ard
893	1	!ard\prefabs_Buildings_Cowshed_cs_bitumen_new_roof_1_1_nocenter.Xvx.ard
894	1	!ard\prefabs_Buildings_Cowshed_cs_bitumen_new_roof_1_5_nocenter.Xvx.ard
895	1	!ard\prefabs_Buildings_Cowshed_cs_bitumen_new_roof_1_6_nocenter.Xvx.ard
896	1	!ard\prefabs_Buildings_Cowshed_cs_bitumen_new_roof_2_1_nocenter.Xvx.ard
897	1	!ard\prefabs_Buildings_Cowshed_cs_bitumen_new_roof_2_5_nocenter.Xvx.ard
898	1	!ard\prefabs_Buildings_Cowshed_cs_bitumen_new_roof_2_6_nocenter.Xvx.ard
899	1	!ard\prefabs_Buildings_Cowshed_cs_bitumen_new_roof_3_1_nocenter.Xvx.ard
900	1	!ard\prefabs_Buildings_Cowshed_cs_bitumen_new_roof_3_5_nocenter.Xvx.ard
901	1	!ard\prefabs_Buildings_Cowshed_cs_bitumen_new_roof_3_6_nocenter.Xvx.ard
902	1	!ard\prefabs_Buildings_Cowshed_cs_bitumen_new_roof_4_1_nocenter.Xvx.ard
903	1	!ard\prefabs_Buildings_Cowshed_cs_bitumen_new_roof_4_5_nocenter.Xvx.ard
904	1	!ard\prefabs_Buildings_Cowshed_cs_bitumen_new_roof_4_6_nocenter.Xvx.ard
905	1	!ard\prefabs_Buildings_Cowshed_cs_bitumen_old_roof_1_1_nocenter.Xvx.ard
906	1	!ard\prefabs_Buildings_Cowshed_cs_bitumen_old_roof_1_2_nocenter.Xvx.ard
907	1	!ard\prefabs_Buildings_Cowshed_cs_bitumen_old_roof_1_3_nocenter.Xvx.ard
908	1	!ard\prefabs_Buildings_Cowshed_cs_bitumen_old_roof_1_4_nocenter.Xvx.ard
909	1	!ard\prefabs_Buildings_Cowshed_cs_bitumen_old_roof_2_1_nocenter.Xvx.ard
910	1	!ard\prefabs_Buildings_Cowshed_cs_bitumen_old_roof_2_2_nocenter.Xvx.ard
911	1	!ard\prefabs_Buildings_Cowshed_cs_bitumen_old_roof_2_3_nocenter.Xvx.ard
912	1	!ard\prefabs_Buildings_Cowshed_cs_bitumen_old_roof_2_4_nocenter.Xvx.ard
913	1	!ard\prefabs_Buildings_Cowshed_cs_bitumen_old_roof_3_1_nocenter.Xvx.ard
914	1	!ard\prefabs_Buildings_Cowshed_cs_bitumen_old_roof_4_1_nocenter.Xvx.ard
915	1	!ard\prefabs_Buildings_Cowshed_cs_brick_fixed_wall_1_1_nocenter.Xvx.ard
916	1	!ard\prefabs_Buildings_Cowshed_cs_brick_fixed_wall_2_1_nocenter.Xvx.ard
917	1	!ard\prefabs_Buildings_Cowshed_cs_brick_fixed_wall_3_1_nocenter.Xvx.ard
918	1	!ard\prefabs_Buildings_Cowshed_cs_brick_fixed_wall_4_1_nocenter.Xvx.ard
919	1	!ard\prefabs_Buildings_Cowshed_cs_brick_fixed_wall_corner_1_1_nocenter.Xvx.ard
920	1	!ard\prefabs_Buildings_Cowshed_cs_brick_fixed_wall_corner_2_1_nocenter.Xvx.ard
921	1	!ard\prefabs_Buildings_Cowshed_cs_brick_fixed_wall_corner_2_2_nocenter.Xvx.ard
922	1	!ard\prefabs_Buildings_Cowshed_cs_brick_fixed_wall_door_1_1_nocenter.Xvx.ard
923	1	!ard\prefabs_Buildings_Cowshed_cs_brick_fixed_wall_door_2_1_nocenter.Xvx.ard
924	1	!ard\prefabs_Buildings_Cowshed_cs_brick_fixed_wall_gate_1_1_nocenter.Xvx.ard
925	1	!ard\prefabs_Buildings_Cowshed_cs_brick_fixed_wall_up_1_1_nocenter.Xvx.ard
926	1	!ard\prefabs_Buildings_Cowshed_cs_brick_fixed_wall_up_1_2_nocenter.Xvx.ard
927	1	!ard\prefabs_Buildings_Cowshed_cs_brick_fixed_wall_up_2_1_nocenter.Xvx.ard
928	1	!ard\prefabs_Buildings_Cowshed_cs_brick_fixed_wall_up_2_2_nocenter.Xvx.ard
929	1	!ard\prefabs_Buildings_Cowshed_cs_brick_fixed_wall_up_3_1_nocenter.Xvx.ard
930	1	!ard\prefabs_Buildings_Cowshed_cs_brick_fixed_wall_up_3_2_nocenter.Xvx.ard
931	1	!ard\prefabs_Buildings_Cowshed_cs_brick_fixed_wall_up_4_1_nocenter.Xvx.ard
932	1	!ard\prefabs_Buildings_Cowshed_cs_brick_fixed_wall_up_4_2_nocenter.Xvx.ard
933	1	!ard\prefabs_Buildings_Cowshed_cs_brick_fixed_wall_up_5_1_nocenter.Xvx.ard
934	1	!ard\prefabs_Buildings_Cowshed_cs_brick_fixed_wall_up_5_2_nocenter.Xvx.ard
935	1	!ard\prefabs_Buildings_Cowshed_cs_brick_fixed_wall_up_6_1_nocenter.Xvx.ard
936	1	!ard\prefabs_Buildings_Cowshed_cs_brick_fixed_wall_up_6_2_nocenter.Xvx.ard
937	1	!ard\prefabs_Buildings_Cowshed_cs_brick_fixed_wall_up_corner_1_1_nocenter.Xvx.ard
938	1	!ard\prefabs_Buildings_Cowshed_cs_brick_fixed_wall_up_corner_1_2_nocenter.Xvx.ard
939	1	!ard\prefabs_Buildings_Cowshed_cs_brick_fixed_wall_up_corner_2_1_nocenter.Xvx.ard
940	1	!ard\prefabs_Buildings_Cowshed_cs_brick_fixed_wall_up_corner_2_2_nocenter.Xvx.ard
941	1	!ard\prefabs_Buildings_Cowshed_cs_brick_fixed_wall_up_front_1_1_nocenter.Xvx.ard
942	1	!ard\prefabs_Buildings_Cowshed_cs_brick_new_string_course_1_1_nocenter.Xvx.ard
943	1	!ard\prefabs_Buildings_Cowshed_cs_brick_new_string_course_2_1_nocenter.Xvx.ard
944	1	!ard\prefabs_Buildings_Cowshed_cs_brick_new_wall_1_1_nocenter.Xvx.ard
945	1	!ard\prefabs_Buildings_Cowshed_cs_brick_new_wall_2_1_nocenter.Xvx.ard
946	1	!ard\prefabs_Buildings_Cowshed_cs_brick_new_wall_3_1_nocenter.Xvx.ard
947	1	!ard\prefabs_Buildings_Cowshed_cs_brick_new_wall_4_1_nocenter.Xvx.ard
948	1	!ard\prefabs_Buildings_Cowshed_cs_brick_new_wall_corner_1_1_nocenter.Xvx.ard
949	1	!ard\prefabs_Buildings_Cowshed_cs_brick_new_wall_corner_2_1_nocenter.Xvx.ard
950	1	!ard\prefabs_Buildings_Cowshed_cs_brick_new_wall_corner_2_2_nocenter.Xvx.ard
951	1	!ard\prefabs_Buildings_Cowshed_cs_brick_new_wall_door_1_1_nocenter.Xvx.ard
952	1	!ard\prefabs_Buildings_Cowshed_cs_brick_new_wall_door_2_1_nocenter.Xvx.ard
953	1	!ard\prefabs_Buildings_Cowshed_cs_brick_new_wall_gate_1_1_nocenter.Xvx.ard
954	1	!ard\prefabs_Buildings_Cowshed_cs_brick_new_wall_up_1_1_nocenter.Xvx.ard
955	1	!ard\prefabs_Buildings_Cowshed_cs_brick_new_wall_up_2_1_nocenter.Xvx.ard
956	1	!ard\prefabs_Buildings_Cowshed_cs_brick_new_wall_up_3_1_nocenter.Xvx.ard
957	1	!ard\prefabs_Buildings_Cowshed_cs_brick_new_wall_up_4_1_nocenter.Xvx.ard
958	1	!ard\prefabs_Buildings_Cowshed_cs_brick_new_wall_up_5_1_nocenter.Xvx.ard
959	1	!ard\prefabs_Buildings_Cowshed_cs_brick_new_wall_up_6_1_nocenter.Xvx.ard
960	1	!ard\prefabs_Buildings_Cowshed_cs_brick_new_wall_up_corner_1_1_nocenter.Xvx.ard
961	1	!ard\prefabs_Buildings_Cowshed_cs_brick_new_wall_up_corner_2_1_nocenter.Xvx.ard
962	1	!ard\prefabs_Buildings_Cowshed_cs_brick_new_wall_up_front_1_1_nocenter.Xvx.ard
963	1	!ard\prefabs_Buildings_Cowshed_cs_brick_old_string_course_1_1_nocenter.Xvx.ard
964	1	!ard\prefabs_Buildings_Cowshed_cs_brick_old_string_course_2_1_nocenter.Xvx.ard
965	1	!ard\prefabs_Buildings_Cowshed_cs_brick_old_wall_1_1_nocenter.Xvx.ard
966	1	!ard\prefabs_Buildings_Cowshed_cs_brick_old_wall_2_1_nocenter.Xvx.ard
967	1	!ard\prefabs_Buildings_Cowshed_cs_brick_old_wall_3_1_nocenter.Xvx.ard
968	1	!ard\prefabs_Buildings_Cowshed_cs_brick_old_wall_4_1_nocenter.Xvx.ard
969	1	!ard\prefabs_Buildings_Cowshed_cs_brick_old_wall_corner_1_1_nocenter.Xvx.ard
970	1	!ard\prefabs_Buildings_Cowshed_cs_brick_old_wall_corner_2_1_nocenter.Xvx.ard
971	1	!ard\prefabs_Buildings_Cowshed_cs_brick_old_wall_corner_2_2_nocenter.Xvx.ard
972	1	!ard\prefabs_Buildings_Cowshed_cs_brick_old_wall_door_1_1_nocenter.Xvx.ard
973	1	!ard\prefabs_Buildings_Cowshed_cs_brick_old_wall_door_2_1_nocenter.Xvx.ard
974	1	!ard\prefabs_Buildings_Cowshed_cs_brick_old_wall_gate_1_1_nocenter.Xvx.ard
975	1	!ard\prefabs_Buildings_Cowshed_cs_brick_old_wall_up_1_1_nocenter.Xvx.ard
976	1	!ard\prefabs_Buildings_Cowshed_cs_brick_old_wall_up_1_2_nocenter.Xvx.ard
977	1	!ard\prefabs_Buildings_Cowshed_cs_brick_old_wall_up_2_1_nocenter.Xvx.ard
978	1	!ard\prefabs_Buildings_Cowshed_cs_brick_old_wall_up_2_2_nocenter.Xvx.ard
979	1	!ard\prefabs_Buildings_Cowshed_cs_brick_old_wall_up_3_1_nocenter.Xvx.ard
980	1	!ard\prefabs_Buildings_Cowshed_cs_brick_old_wall_up_3_2_nocenter.Xvx.ard
981	1	!ard\prefabs_Buildings_Cowshed_cs_brick_old_wall_up_4_1_nocenter.Xvx.ard
982	1	!ard\prefabs_Buildings_Cowshed_cs_brick_old_wall_up_4_2_nocenter.Xvx.ard
983	1	!ard\prefabs_Buildings_Cowshed_cs_brick_old_wall_up_5_1_nocenter.Xvx.ard
984	1	!ard\prefabs_Buildings_Cowshed_cs_brick_old_wall_up_5_2_nocenter.Xvx.ard
985	1	!ard\prefabs_Buildings_Cowshed_cs_brick_old_wall_up_6_1_nocenter.Xvx.ard
986	1	!ard\prefabs_Buildings_Cowshed_cs_brick_old_wall_up_6_2_nocenter.Xvx.ard
987	1	!ard\prefabs_Buildings_Cowshed_cs_brick_old_wall_up_corner_1_1_nocenter.Xvx.ard
988	1	!ard\prefabs_Buildings_Cowshed_cs_brick_old_wall_up_corner_1_2_nocenter.Xvx.ard
989	1	!ard\prefabs_Buildings_Cowshed_cs_brick_old_wall_up_corner_2_1_nocenter.Xvx.ard
990	1	!ard\prefabs_Buildings_Cowshed_cs_brick_old_wall_up_corner_2_2_nocenter.Xvx.ard
991	1	!ard\prefabs_Buildings_Cowshed_cs_brick_old_wall_up_front_1_1_nocenter.Xvx.ard
992	1	!ard\prefabs_Buildings_Cowshed_cs_ceramic_fixed_roof_1_1_nocenter.Xvx.ard
993	1	!ard\prefabs_Buildings_Cowshed_cs_ceramic_fixed_roof_2_1_nocenter.Xvx.ard
994	1	!ard\prefabs_Buildings_Cowshed_cs_ceramic_fixed_roof_3_1_nocenter.Xvx.ard
995	1	!ard\prefabs_Buildings_Cowshed_cs_ceramic_fixed_roof_4_1_nocenter.Xvx.ard
996	1	!ard\prefabs_Buildings_Cowshed_cs_ceramic_new_roof_1_1_nocenter.Xvx.ard
997	1	!ard\prefabs_Buildings_Cowshed_cs_ceramic_new_roof_2_1_nocenter.Xvx.ard
998	1	!ard\prefabs_Buildings_Cowshed_cs_ceramic_new_roof_3_1_nocenter.Xvx.ard
999	1	!ard\prefabs_Buildings_Cowshed_cs_ceramic_new_roof_4_1_nocenter.Xvx.ard
1000	1	!ard\prefabs_Buildings_Cowshed_cs_ceramic_old_roof_1_1_nocenter.Xvx.ard
1001	1	!ard\prefabs_Buildings_Cowshed_cs_ceramic_old_roof_1_2_nocenter.Xvx.ard
1002	1	!ard\prefabs_Buildings_Cowshed_cs_ceramic_old_roof_1_3_nocenter.Xvx.ard
1003	1	!ard\prefabs_Buildings_Cowshed_cs_ceramic_old_roof_2_1_nocenter.Xvx.ard
1004	1	!ard\prefabs_Buildings_Cowshed_cs_ceramic_old_roof_2_2_nocenter.Xvx.ard
1005	1	!ard\prefabs_Buildings_Cowshed_cs_ceramic_old_roof_2_3_nocenter.Xvx.ard
1006	1	!ard\prefabs_Buildings_Cowshed_cs_ceramic_old_roof_3_1_nocenter.Xvx.ard
1007	1	!ard\prefabs_Buildings_Cowshed_cs_ceramic_old_roof_3_2_nocenter.Xvx.ard
1008	1	!ard\prefabs_Buildings_Cowshed_cs_ceramic_old_roof_4_1_nocenter.Xvx.ard
1009	1	!ard\prefabs_Buildings_Cowshed_cs_ceramic_old_roof_4_2_nocenter.Xvx.ard
1010	1	!ard\prefabs_Buildings_Cowshed_cs_concrete_fixed_cow_stall_1_1_nocenter.Xvx.ard
1011	1	!ard\prefabs_Buildings_Cowshed_cs_concrete_new_floor_1_1_nocenter.Xvx.ard
1012	1	!ard\prefabs_Buildings_Cowshed_cs_concrete_new_floor_1_2_nocenter.Xvx.ard
1013	1	!ard\prefabs_Buildings_Cowshed_cs_concrete_new_pavement_1_1_nocenter.Xvx.ard
1014	1	!ard\prefabs_Buildings_Cowshed_cs_concrete_new_pavement_1_2_nocenter.Xvx.ard
1015	1	!ard\prefabs_Buildings_Cowshed_cs_concrete_new_pavement_1_3_nocenter.Xvx.ard
1016	1	!ard\prefabs_Buildings_Cowshed_cs_concrete_new_pylon_1_1_nocenter.Xvx.ard
1017	1	!ard\prefabs_Buildings_Cowshed_cs_concrete_new_pylon_3_1_nocenter.Xvx.ard
1018	1	!ard\prefabs_Buildings_Cowshed_cs_concrete_new_stairs_1_1_nocenter.Xvx.ard
1019	1	!ard\prefabs_Buildings_Cowshed_cs_concrete_new_string_course_1_1_nocenter.Xvx.ard
1020	1	!ard\prefabs_Buildings_Cowshed_cs_concrete_new_string_course_2_1_nocenter.Xvx.ard
1021	1	!ard\prefabs_Buildings_Cowshed_cs_concrete_old_cow_stall_1_1_nocenter.Xvx.ard
1022	1	!ard\prefabs_Buildings_Cowshed_cs_hay_cow_nocenter.Xvx.ard
1023	1	!ard\prefabs_Buildings_Cowshed_cs_lamp_1_nocenter.Xvx.ard
1024	1	!ard\prefabs_Buildings_Cowshed_cs_lamp_2_nocenter.Xvx.ard
1025	1	!ard\prefabs_Buildings_Cowshed_cs_lamp_3_nocenter.Xvx.ard
1026	1	!ard\prefabs_Buildings_Cowshed_cs_lamp_4_nocenter.Xvx.ard
1027	1	!ard\prefabs_Buildings_Cowshed_cs_manure_nocenter.Xvx.ard
1028	1	!ard\prefabs_Buildings_Cowshed_cs_metal_new_cow_stall_1_1_nocenter.Xvx.ard
1029	1	!ard\prefabs_Buildings_Cowshed_cs_metal_new_door_1_1_nocenter.Xvx.ard
1030	1	!ard\prefabs_Buildings_Cowshed_cs_metal_new_door_2_1_nocenter.Xvx.ard
1031	1	!ard\prefabs_Buildings_Cowshed_cs_metal_new_door_2_2_nocenter.Xvx.ard
1032	1	!ard\prefabs_Buildings_Cowshed_cs_metal_new_pylon_2_1_nocenter.Xvx.ard
1033	1	!ard\prefabs_Buildings_Cowshed_cs_metal_new_roof_1_1_nocenter.Xvx.ard
1034	1	!ard\prefabs_Buildings_Cowshed_cs_metal_new_roof_2_1_nocenter.Xvx.ard
1035	1	!ard\prefabs_Buildings_Cowshed_cs_metal_new_roof_3_1_nocenter.Xvx.ard
1036	1	!ard\prefabs_Buildings_Cowshed_cs_metal_new_roof_4_1_nocenter.Xvx.ard
1037	1	!ard\prefabs_Buildings_Cowshed_cs_metal_new_wall_1_1_nocenter.Xvx.ard
1038	1	!ard\prefabs_Buildings_Cowshed_cs_metal_new_wall_2_1_nocenter.Xvx.ard
1039	1	!ard\prefabs_Buildings_Cowshed_cs_metal_new_wall_3_1_nocenter.Xvx.ard
1040	1	!ard\prefabs_Buildings_Cowshed_cs_metal_new_wall_4_1_nocenter.Xvx.ard
1041	1	!ard\prefabs_Buildings_Cowshed_cs_metal_new_wall_corner_1_1_nocenter.Xvx.ard
1042	1	!ard\prefabs_Buildings_Cowshed_cs_metal_new_wall_corner_2_1_nocenter.Xvx.ard
1043	1	!ard\prefabs_Buildings_Cowshed_cs_metal_new_wall_corner_2_2_nocenter.Xvx.ard
1044	1	!ard\prefabs_Buildings_Cowshed_cs_metal_new_wall_door_1_1_nocenter.Xvx.ard
1045	1	!ard\prefabs_Buildings_Cowshed_cs_metal_new_wall_door_2_1_nocenter.Xvx.ard
1046	1	!ard\prefabs_Buildings_Cowshed_cs_metal_new_wall_gate_1_1_nocenter.Xvx.ard
1047	1	!ard\prefabs_Buildings_Cowshed_cs_metal_new_wall_up_1_1_nocenter.Xvx.ard
1048	1	!ard\prefabs_Buildings_Cowshed_cs_metal_new_wall_up_2_1_nocenter.Xvx.ard
1049	1	!ard\prefabs_Buildings_Cowshed_cs_metal_new_wall_up_3_1_nocenter.Xvx.ard
1050	1	!ard\prefabs_Buildings_Cowshed_cs_metal_new_wall_up_4_1_nocenter.Xvx.ard
1051	1	!ard\prefabs_Buildings_Cowshed_cs_metal_new_wall_up_5_1_nocenter.Xvx.ard
1052	1	!ard\prefabs_Buildings_Cowshed_cs_metal_new_wall_up_6_1_nocenter.Xvx.ard
1053	1	!ard\prefabs_Buildings_Cowshed_cs_metal_new_wall_up_corner_1_1_nocenter.Xvx.ard
1054	1	!ard\prefabs_Buildings_Cowshed_cs_metal_new_wall_up_corner_2_1_nocenter.Xvx.ard
1055	1	!ard\prefabs_Buildings_Cowshed_cs_metal_new_wall_up_front_1_1_nocenter.Xvx.ard
1056	1	!ard\prefabs_Buildings_Cowshed_cs_metal_old_wall_1_1_nocenter.Xvx.ard
1057	1	!ard\prefabs_Buildings_Cowshed_cs_metal_old_wall_2_1_nocenter.Xvx.ard
1058	1	!ard\prefabs_Buildings_Cowshed_cs_metal_old_wall_3_1_nocenter.Xvx.ard
1059	1	!ard\prefabs_Buildings_Cowshed_cs_metal_old_wall_4_1_nocenter.Xvx.ard
1060	1	!ard\prefabs_Buildings_Cowshed_cs_metal_old_wall_corner_1_1_nocenter.Xvx.ard
1061	1	!ard\prefabs_Buildings_Cowshed_cs_metal_old_wall_corner_2_1_nocenter.Xvx.ard
1062	1	!ard\prefabs_Buildings_Cowshed_cs_metal_old_wall_corner_2_2_nocenter.Xvx.ard
1063	1	!ard\prefabs_Buildings_Cowshed_cs_metal_old_wall_door_1_1_nocenter.Xvx.ard
1064	1	!ard\prefabs_Buildings_Cowshed_cs_metal_old_wall_door_2_1_nocenter.Xvx.ard
1065	1	!ard\prefabs_Buildings_Cowshed_cs_metal_old_wall_gate_1_1_nocenter.Xvx.ard
1066	1	!ard\prefabs_Buildings_Cowshed_cs_metal_old_wall_up_1_1_nocenter.Xvx.ard
1067	1	!ard\prefabs_Buildings_Cowshed_cs_metal_old_wall_up_2_1_nocenter.Xvx.ard
1068	1	!ard\prefabs_Buildings_Cowshed_cs_metal_old_wall_up_3_1_nocenter.Xvx.ard
1069	1	!ard\prefabs_Buildings_Cowshed_cs_metal_old_wall_up_4_1_nocenter.Xvx.ard
1070	1	!ard\prefabs_Buildings_Cowshed_cs_metal_old_wall_up_5_1_nocenter.Xvx.ard
1071	1	!ard\prefabs_Buildings_Cowshed_cs_metal_old_wall_up_6_1_nocenter.Xvx.ard
1072	1	!ard\prefabs_Buildings_Cowshed_cs_metal_old_wall_up_corner_1_1_nocenter.Xvx.ard
1073	1	!ard\prefabs_Buildings_Cowshed_cs_metal_old_wall_up_corner_2_1_nocenter.Xvx.ard
1074	1	!ard\prefabs_Buildings_Cowshed_cs_metal_old_wall_up_front_1_1_nocenter.Xvx.ard
1075	1	!ard\prefabs_Buildings_Cowshed_cs_metal_red_new_roof_1_1_nocenter.Xvx.ard
1076	1	!ard\prefabs_Buildings_Cowshed_cs_metal_red_new_roof_2_1_nocenter.Xvx.ard
1077	1	!ard\prefabs_Buildings_Cowshed_cs_metal_red_new_roof_3_1_nocenter.Xvx.ard
1078	1	!ard\prefabs_Buildings_Cowshed_cs_metal_red_new_roof_4_1_nocenter.Xvx.ard
1079	1	!ard\prefabs_Buildings_Cowshed_cs_milkmaid_1_nocenter.Xvx.ard
1080	1	!ard\prefabs_Buildings_Cowshed_cs_milk_pipes_1_nocenter.Xvx.ard
1081	1	!ard\prefabs_Buildings_Cowshed_cs_milk_pipes_2_nocenter.Xvx.ard
1082	1	!ard\prefabs_Buildings_Cowshed_cs_milk_pipes_3_nocenter.Xvx.ard
1083	1	!ard\prefabs_Buildings_Cowshed_cs_milk_pipes_4_nocenter.Xvx.ard
1084	1	!ard\prefabs_Buildings_Cowshed_cs_plaster_new_wall_1_1_nocenter.Xvx.ard
1085	1	!ard\prefabs_Buildings_Cowshed_cs_plaster_new_wall_2_1_nocenter.Xvx.ard
1086	1	!ard\prefabs_Buildings_Cowshed_cs_plaster_new_wall_3_1_nocenter.Xvx.ard
1087	1	!ard\prefabs_Buildings_Cowshed_cs_plaster_new_wall_4_1_nocenter.Xvx.ard
1088	1	!ard\prefabs_Buildings_Cowshed_cs_plaster_new_wall_corner_1_1_nocenter.Xvx.ard
1089	1	!ard\prefabs_Buildings_Cowshed_cs_plaster_new_wall_corner_2_1_nocenter.Xvx.ard
1090	1	!ard\prefabs_Buildings_Cowshed_cs_plaster_new_wall_corner_2_2_nocenter.Xvx.ard
1091	1	!ard\prefabs_Buildings_Cowshed_cs_plaster_new_wall_door_1_1_nocenter.Xvx.ard
1092	1	!ard\prefabs_Buildings_Cowshed_cs_plaster_new_wall_door_2_1_nocenter.Xvx.ard
1093	1	!ard\prefabs_Buildings_Cowshed_cs_plaster_new_wall_gate_1_1_nocenter.Xvx.ard
1094	1	!ard\prefabs_Buildings_Cowshed_cs_plaster_new_wall_up_1_1_nocenter.Xvx.ard
1095	1	!ard\prefabs_Buildings_Cowshed_cs_plaster_new_wall_up_2_1_nocenter.Xvx.ard
1096	1	!ard\prefabs_Buildings_Cowshed_cs_plaster_new_wall_up_3_1_nocenter.Xvx.ard
1097	1	!ard\prefabs_Buildings_Cowshed_cs_plaster_new_wall_up_4_1_nocenter.Xvx.ard
1098	1	!ard\prefabs_Buildings_Cowshed_cs_plaster_new_wall_up_5_1_nocenter.Xvx.ard
1099	1	!ard\prefabs_Buildings_Cowshed_cs_plaster_new_wall_up_6_1_nocenter.Xvx.ard
1100	1	!ard\prefabs_Buildings_Cowshed_cs_plaster_new_wall_up_corner_1_1_nocenter.Xvx.ard
1101	1	!ard\prefabs_Buildings_Cowshed_cs_plaster_new_wall_up_corner_2_1_nocenter.Xvx.ard
1102	1	!ard\prefabs_Buildings_Cowshed_cs_plaster_new_wall_up_front_1_1_nocenter.Xvx.ard
1103	1	!ard\prefabs_Buildings_Cowshed_cs_PV_new_roof_1_6_nocenter.Xvx.ard
1104	1	!ard\prefabs_Buildings_Cowshed_cs_PV_new_roof_2_6_nocenter.Xvx.ard
1105	1	!ard\prefabs_Buildings_Cowshed_cs_PV_new_roof_3_6_nocenter.Xvx.ard
1106	1	!ard\prefabs_Buildings_Cowshed_cs_PV_new_roof_4_6_nocenter.Xvx.ard
1107	1	!ard\prefabs_Buildings_Cowshed_cs_wood_fixed_cow_stall_1_1_nocenter.Xvx.ard
1108	1	!ard\prefabs_Buildings_Cowshed_cs_wood_fixed_door_1_1_nocenter.Xvx.ard
1109	1	!ard\prefabs_Buildings_Cowshed_cs_wood_fixed_door_2_1_nocenter.Xvx.ard
1110	1	!ard\prefabs_Buildings_Cowshed_cs_wood_fixed_door_2_2_nocenter.Xvx.ard
1111	1	!ard\prefabs_Buildings_Cowshed_cs_wood_fixed_wall_up_1_1_nocenter.Xvx.ard
1112	1	!ard\prefabs_Buildings_Cowshed_cs_wood_fixed_wall_up_1_2_nocenter.Xvx.ard
1113	1	!ard\prefabs_Buildings_Cowshed_cs_wood_fixed_wall_up_1_3_nocenter.Xvx.ard
1114	1	!ard\prefabs_Buildings_Cowshed_cs_wood_fixed_wall_up_2_1_nocenter.Xvx.ard
1115	1	!ard\prefabs_Buildings_Cowshed_cs_wood_fixed_wall_up_2_2_nocenter.Xvx.ard
1116	1	!ard\prefabs_Buildings_Cowshed_cs_wood_fixed_wall_up_3_1_nocenter.Xvx.ard
1117	1	!ard\prefabs_Buildings_Cowshed_cs_wood_fixed_wall_up_3_2_nocenter.Xvx.ard
1118	1	!ard\prefabs_Buildings_Cowshed_cs_wood_fixed_wall_up_4_1_nocenter.Xvx.ard
1119	1	!ard\prefabs_Buildings_Cowshed_cs_wood_fixed_wall_up_4_2_nocenter.Xvx.ard
1120	1	!ard\prefabs_Buildings_Cowshed_cs_wood_fixed_wall_up_5_1_nocenter.Xvx.ard
1121	1	!ard\prefabs_Buildings_Cowshed_cs_wood_fixed_wall_up_5_2_nocenter.Xvx.ard
1122	1	!ard\prefabs_Buildings_Cowshed_cs_wood_fixed_wall_up_6_1_nocenter.Xvx.ard
1123	1	!ard\prefabs_Buildings_Cowshed_cs_wood_fixed_wall_up_6_2_nocenter.Xvx.ard
1124	1	!ard\prefabs_Buildings_Cowshed_cs_wood_fixed_wall_up_corner_1_1_nocenter.Xvx.ard
1125	1	!ard\prefabs_Buildings_Cowshed_cs_wood_fixed_wall_up_corner_1_2_nocenter.Xvx.ard
1126	1	!ard\prefabs_Buildings_Cowshed_cs_wood_fixed_wall_up_corner_1_3_nocenter.Xvx.ard
1127	1	!ard\prefabs_Buildings_Cowshed_cs_wood_fixed_wall_up_corner_2_1_nocenter.Xvx.ard
1128	1	!ard\prefabs_Buildings_Cowshed_cs_wood_fixed_wall_up_corner_2_2_nocenter.Xvx.ard
1129	1	!ard\prefabs_Buildings_Cowshed_cs_wood_fixed_wall_up_front_1_1_nocenter.Xvx.ard
1130	1	!ard\prefabs_Buildings_Cowshed_cs_wood_fixed_wall_up_front_1_2_nocenter.Xvx.ard
1131	1	!ard\prefabs_Buildings_Cowshed_cs_wood_new_cow_stall_1_1_nocenter.Xvx.ard
1132	1	!ard\prefabs_Buildings_Cowshed_cs_wood_new_door_1_1_nocenter.Xvx.ard
1133	1	!ard\prefabs_Buildings_Cowshed_cs_wood_new_door_2_1_nocenter.Xvx.ard
1134	1	!ard\prefabs_Buildings_Cowshed_cs_wood_new_door_2_2_nocenter.Xvx.ard
1135	1	!ard\prefabs_Buildings_Cowshed_cs_wood_new_floor_1_1_nocenter.Xvx.ard
1136	1	!ard\prefabs_Buildings_Cowshed_cs_wood_new_floor_1_2_nocenter.Xvx.ard
1137	1	!ard\prefabs_Buildings_Cowshed_cs_wood_new_pylon_1_1_nocenter.Xvx.ard
1138	1	!ard\prefabs_Buildings_Cowshed_cs_wood_new_pylon_2_1_nocenter.Xvx.ard
1139	1	!ard\prefabs_Buildings_Cowshed_cs_wood_new_stairs_1_1_nocenter.Xvx.ard
1140	1	!ard\prefabs_Buildings_Cowshed_cs_wood_new_wall_up_1_1_nocenter.Xvx.ard
1141	1	!ard\prefabs_Buildings_Cowshed_cs_wood_new_wall_up_1_3_nocenter.Xvx.ard
1142	1	!ard\prefabs_Buildings_Cowshed_cs_wood_new_wall_up_2_1_nocenter.Xvx.ard
1143	1	!ard\prefabs_Buildings_Cowshed_cs_wood_new_wall_up_2_3_nocenter.Xvx.ard
1144	1	!ard\prefabs_Buildings_Cowshed_cs_wood_new_wall_up_3_1_nocenter.Xvx.ard
1145	1	!ard\prefabs_Buildings_Cowshed_cs_wood_new_wall_up_3_3_nocenter.Xvx.ard
1146	1	!ard\prefabs_Buildings_Cowshed_cs_wood_new_wall_up_4_1_nocenter.Xvx.ard
1147	1	!ard\prefabs_Buildings_Cowshed_cs_wood_new_wall_up_4_3_nocenter.Xvx.ard
1148	1	!ard\prefabs_Buildings_Cowshed_cs_wood_new_wall_up_5_1_nocenter.Xvx.ard
1149	1	!ard\prefabs_Buildings_Cowshed_cs_wood_new_wall_up_5_3_nocenter.Xvx.ard
1150	1	!ard\prefabs_Buildings_Cowshed_cs_wood_new_wall_up_6_1_nocenter.Xvx.ard
1151	1	!ard\prefabs_Buildings_Cowshed_cs_wood_new_wall_up_6_3_nocenter.Xvx.ard
1152	1	!ard\prefabs_Buildings_Cowshed_cs_wood_new_wall_up_corner_1_1_nocenter.Xvx.ard
1153	1	!ard\prefabs_Buildings_Cowshed_cs_wood_new_wall_up_corner_1_3_nocenter.Xvx.ard
1154	1	!ard\prefabs_Buildings_Cowshed_cs_wood_new_wall_up_corner_2_1_nocenter.Xvx.ard
1155	1	!ard\prefabs_Buildings_Cowshed_cs_wood_new_wall_up_front_1_1_nocenter.Xvx.ard
1156	1	!ard\prefabs_Buildings_Cowshed_cs_wood_old_cow_stall_1_1_nocenter.Xvx.ard
1157	1	!ard\prefabs_Buildings_Cowshed_cs_wood_old_cow_stall_1_2_nocenter.Xvx.ard
1158	1	!ard\prefabs_Buildings_Cowshed_cs_wood_old_door_1_1_nocenter.Xvx.ard
1159	1	!ard\prefabs_Buildings_Cowshed_cs_wood_old_door_2_1_nocenter.Xvx.ard
1160	1	!ard\prefabs_Buildings_Cowshed_cs_wood_old_door_2_2_nocenter.Xvx.ard
1161	1	!ard\prefabs_Buildings_Cowshed_cs_wood_old_floor_1_1_nocenter.Xvx.ard
1162	1	!ard\prefabs_Buildings_Cowshed_cs_wood_old_floor_1_2_nocenter.Xvx.ard
1163	1	!ard\prefabs_Buildings_Cowshed_cs_wood_old_floor_1_3_nocenter.Xvx.ard
1164	1	!ard\prefabs_Buildings_Cowshed_cs_wood_old_pylon_1_1_nocenter.Xvx.ard
1165	1	!ard\prefabs_Buildings_Cowshed_cs_wood_old_pylon_1_2_nocenter.Xvx.ard
1166	1	!ard\prefabs_Buildings_Cowshed_cs_wood_old_pylon_2_1_nocenter.Xvx.ard
1167	1	!ard\prefabs_Buildings_Cowshed_cs_wood_old_stairs_1_1_nocenter.Xvx.ard
1168	1	!ard\prefabs_Buildings_Cowshed_cs_wood_old_wall_up_1_1_nocenter.Xvx.ard
1169	1	!ard\prefabs_Buildings_Cowshed_cs_wood_old_wall_up_1_2_nocenter.Xvx.ard
1170	1	!ard\prefabs_Buildings_Cowshed_cs_wood_old_wall_up_1_3_nocenter.Xvx.ard
1171	1	!ard\prefabs_Buildings_Cowshed_cs_wood_old_wall_up_2_1_nocenter.Xvx.ard
1172	1	!ard\prefabs_Buildings_Cowshed_cs_wood_old_wall_up_2_2_nocenter.Xvx.ard
1173	1	!ard\prefabs_Buildings_Cowshed_cs_wood_old_wall_up_3_1_nocenter.Xvx.ard
1174	1	!ard\prefabs_Buildings_Cowshed_cs_wood_old_wall_up_3_2_nocenter.Xvx.ard
1175	1	!ard\prefabs_Buildings_Cowshed_cs_wood_old_wall_up_4_1_nocenter.Xvx.ard
1176	1	!ard\prefabs_Buildings_Cowshed_cs_wood_old_wall_up_4_2_nocenter.Xvx.ard
1177	1	!ard\prefabs_Buildings_Cowshed_cs_wood_old_wall_up_5_1_nocenter.Xvx.ard
1178	1	!ard\prefabs_Buildings_Cowshed_cs_wood_old_wall_up_5_2_nocenter.Xvx.ard
1179	1	!ard\prefabs_Buildings_Cowshed_cs_wood_old_wall_up_6_1_nocenter.Xvx.ard
1180	1	!ard\prefabs_Buildings_Cowshed_cs_wood_old_wall_up_6_2_nocenter.Xvx.ard
1181	1	!ard\prefabs_Buildings_Cowshed_cs_wood_old_wall_up_corner_1_1_nocenter.Xvx.ard
1182	1	!ard\prefabs_Buildings_Cowshed_cs_wood_old_wall_up_corner_1_2_nocenter.Xvx.ard
1183	1	!ard\prefabs_Buildings_Cowshed_cs_wood_old_wall_up_corner_2_1_nocenter.Xvx.ard
1184	1	!ard\prefabs_Buildings_Cowshed_cs_wood_old_wall_up_corner_2_2_nocenter.Xvx.ard
1185	1	!ard\prefabs_Buildings_Cowshed_cs_wood_old_wall_up_front_1_1_nocenter.Xvx.ard
1186	1	!ard\prefabs_Buildings_Cowshed_cs_wood_old_wall_up_front_1_2_nocenter.Xvx.ard
1187	1	!ard\prefabs_Buildings_Cowshed_cs_wood_painted_door_1_1_nocenter.Xvx.ard
1188	1	!ard\prefabs_Buildings_Cowshed_cs_wood_painted_door_2_1_nocenter.Xvx.ard
1189	1	!ard\prefabs_Buildings_Cowshed_cs_wood_painted_door_2_2_nocenter.Xvx.ard
1190	1	!ard\prefabs_Buildings_Cowshed_cs_wood_painted_floor_1_1_nocenter.Xvx.ard
1191	1	!ard\prefabs_Buildings_Cowshed_cs_wood_painted_floor_1_2_nocenter.Xvx.ard
1192	1	!ard\prefabs_Buildings_Cowshed_cs_wood_painted_pylon_1_1_nocenter.Xvx.ard
1193	1	!ard\prefabs_Buildings_Cowshed_cs_wood_painted_pylon_2_1_nocenter.Xvx.ard
1194	1	!ard\prefabs_Buildings_Cowshed_cs_wood_painted_stairs_1_1_nocenter.Xvx.ard
1195	1	!ard\prefabs_Buildings_Cowshed_cs_wood_painted_wall_up_1_1_nocenter.Xvx.ard
1196	1	!ard\prefabs_Buildings_Cowshed_cs_wood_painted_wall_up_2_1_nocenter.Xvx.ard
1197	1	!ard\prefabs_Buildings_Cowshed_cs_wood_painted_wall_up_3_1_nocenter.Xvx.ard
1198	1	!ard\prefabs_Buildings_Cowshed_cs_wood_painted_wall_up_4_1_nocenter.Xvx.ard
1199	1	!ard\prefabs_Buildings_Cowshed_cs_wood_painted_wall_up_5_1_nocenter.Xvx.ard
1200	1	!ard\prefabs_Buildings_Cowshed_cs_wood_painted_wall_up_6_1_nocenter.Xvx.ard
1201	1	!ard\prefabs_Buildings_Cowshed_cs_wood_painted_wall_up_corner_1_1_nocenter.Xvx.ard
1202	1	!ard\prefabs_Buildings_Cowshed_cs_wood_painted_wall_up_corner_2_1_nocenter.Xvx.ard
1203	1	!ard\prefabs_Buildings_Cowshed_cs_wood_painted_wall_up_front_1_1_nocenter.Xvx.ard
1204	1	!ard\prefabs_Buildings_Cowshed_LOD1_LOD1_cs_airbrick_fixed_wall_4_1_nocenter.Xvx.ard
1205	1	!ard\prefabs_Buildings_Cowshed_LOD1_LOD1_cs_airbrick_new_wall_4_1_nocenter.Xvx.ard
1206	1	!ard\prefabs_Buildings_Cowshed_LOD1_LOD1_cs_airbrick_old_wall_4_1_nocenter.Xvx.ard
1207	1	!ard\prefabs_Buildings_Cowshed_LOD1_LOD1_cs_bitumen_old_roof_1_1_nocenter.Xvx.ard
1208	1	!ard\prefabs_Buildings_Cowshed_LOD1_LOD1_cs_bitumen_old_roof_1_2_nocenter.Xvx.ard
1209	1	!ard\prefabs_Buildings_Cowshed_LOD1_LOD1_cs_bitumen_old_roof_1_3_nocenter.Xvx.ard
1210	1	!ard\prefabs_Buildings_Cowshed_LOD1_LOD1_cs_bitumen_old_roof_1_4_nocenter.Xvx.ard
1211	1	!ard\prefabs_Buildings_Cowshed_LOD1_LOD1_cs_bitumen_old_roof_2_1_nocenter.Xvx.ard
1212	1	!ard\prefabs_Buildings_Cowshed_LOD1_LOD1_cs_bitumen_old_roof_2_2_nocenter.Xvx.ard
1213	1	!ard\prefabs_Buildings_Cowshed_LOD1_LOD1_cs_bitumen_old_roof_2_3_nocenter.Xvx.ard
1214	1	!ard\prefabs_Buildings_Cowshed_LOD1_LOD1_cs_bitumen_old_roof_2_4_nocenter.Xvx.ard
1215	1	!ard\prefabs_Buildings_Cowshed_LOD1_LOD1_cs_bitumen_old_roof_3_1_nocenter.Xvx.ard
1216	1	!ard\prefabs_Buildings_Cowshed_LOD1_LOD1_cs_bitumen_old_roof_4_1_nocenter.Xvx.ard
1217	1	!ard\prefabs_Buildings_Cowshed_LOD1_LOD1_cs_brick_fixed_wall_2_1_nocenter.Xvx.ard
1218	1	!ard\prefabs_Buildings_Cowshed_LOD1_LOD1_cs_brick_fixed_wall_4_1_nocenter.Xvx.ard
1219	1	!ard\prefabs_Buildings_Cowshed_LOD1_LOD1_cs_brick_fixed_wall_corner_2_2_nocenter.Xvx.ard
1220	1	!ard\prefabs_Buildings_Cowshed_LOD1_LOD1_cs_brick_fixed_wall_door_1_1_nocenter.Xvx.ard
1221	1	!ard\prefabs_Buildings_Cowshed_LOD1_LOD1_cs_brick_fixed_wall_door_2_1_nocenter.Xvx.ard
1222	1	!ard\prefabs_Buildings_Cowshed_LOD1_LOD1_cs_brick_fixed_wall_up_6_1_nocenter.Xvx.ard
1223	1	!ard\prefabs_Buildings_Cowshed_LOD1_LOD1_cs_brick_fixed_wall_up_6_2_nocenter.Xvx.ard
1224	1	!ard\prefabs_Buildings_Cowshed_LOD1_LOD1_cs_brick_fixed_wall_up_front_1_1_nocenter.Xvx.ard
1225	1	!ard\prefabs_Buildings_Cowshed_LOD1_LOD1_cs_brick_new_wall_4_1_nocenter.Xvx.ard
1226	1	!ard\prefabs_Buildings_Cowshed_LOD1_LOD1_cs_brick_old_wall_2_1_nocenter.Xvx.ard
1227	1	!ard\prefabs_Buildings_Cowshed_LOD1_LOD1_cs_brick_old_wall_4_1_nocenter.Xvx.ard
1228	1	!ard\prefabs_Buildings_Cowshed_LOD1_LOD1_cs_brick_old_wall_corner_2_2_nocenter.Xvx.ard
1229	1	!ard\prefabs_Buildings_Cowshed_LOD1_LOD1_cs_brick_old_wall_door_1_1_nocenter.Xvx.ard
1230	1	!ard\prefabs_Buildings_Cowshed_LOD1_LOD1_cs_brick_old_wall_door_2_1_nocenter.Xvx.ard
1231	1	!ard\prefabs_Buildings_Cowshed_LOD1_LOD1_cs_brick_old_wall_up_6_1_nocenter.Xvx.ard
1232	1	!ard\prefabs_Buildings_Cowshed_LOD1_LOD1_cs_brick_old_wall_up_6_2_nocenter.Xvx.ard
1233	1	!ard\prefabs_Buildings_Cowshed_LOD1_LOD1_cs_brick_old_wall_up_front_1_1_nocenter.Xvx.ard
1234	1	!ard\prefabs_Buildings_Cowshed_LOD1_LOD1_cs_ceramic_fixed_roof_1_1_nocenter.Xvx.ard
1235	1	!ard\prefabs_Buildings_Cowshed_LOD1_LOD1_cs_ceramic_fixed_roof_2_1_nocenter.Xvx.ard
1236	1	!ard\prefabs_Buildings_Cowshed_LOD1_LOD1_cs_ceramic_fixed_roof_3_1_nocenter.Xvx.ard
1237	1	!ard\prefabs_Buildings_Cowshed_LOD1_LOD1_cs_ceramic_fixed_roof_4_1_nocenter.Xvx.ard
1238	1	!ard\prefabs_Buildings_Cowshed_LOD1_LOD1_cs_ceramic_old_roof_1_1_nocenter.Xvx.ard
1239	1	!ard\prefabs_Buildings_Cowshed_LOD1_LOD1_cs_ceramic_old_roof_1_2_nocenter.Xvx.ard
1240	1	!ard\prefabs_Buildings_Cowshed_LOD1_LOD1_cs_ceramic_old_roof_1_3_nocenter.Xvx.ard
1241	1	!ard\prefabs_Buildings_Cowshed_LOD1_LOD1_cs_ceramic_old_roof_2_1_nocenter.Xvx.ard
1242	1	!ard\prefabs_Buildings_Cowshed_LOD1_LOD1_cs_ceramic_old_roof_2_2_nocenter.Xvx.ard
1243	1	!ard\prefabs_Buildings_Cowshed_LOD1_LOD1_cs_ceramic_old_roof_2_3_nocenter.Xvx.ard
1244	1	!ard\prefabs_Buildings_Cowshed_LOD1_LOD1_cs_ceramic_old_roof_3_1_nocenter.Xvx.ard
1245	1	!ard\prefabs_Buildings_Cowshed_LOD1_LOD1_cs_ceramic_old_roof_3_2_nocenter.Xvx.ard
1246	1	!ard\prefabs_Buildings_Cowshed_LOD1_LOD1_cs_ceramic_old_roof_4_1_nocenter.Xvx.ard
1247	1	!ard\prefabs_Buildings_Cowshed_LOD1_LOD1_cs_ceramic_old_roof_4_2_nocenter.Xvx.ard
1248	1	!ard\prefabs_Buildings_Cowshed_LOD1_LOD1_cs_concrete_new_stairs_1_1_nocenter.Xvx.ard
1249	1	!ard\prefabs_Buildings_Cowshed_LOD1_LOD1_cs_metal_new_door_1_1_nocenter.Xvx.ard
1250	1	!ard\prefabs_Buildings_Cowshed_LOD1_LOD1_cs_metal_new_door_2_1_nocenter.Xvx.ard
1251	1	!ard\prefabs_Buildings_Cowshed_LOD1_LOD1_cs_metal_new_door_2_2_nocenter.Xvx.ard
1252	1	!ard\prefabs_Buildings_Cowshed_LOD1_LOD1_cs_metal_new_roof_1_1_nocenter.Xvx.ard
1253	1	!ard\prefabs_Buildings_Cowshed_LOD1_LOD1_cs_metal_new_roof_2_1_nocenter.Xvx.ard
1254	1	!ard\prefabs_Buildings_Cowshed_LOD1_LOD1_cs_metal_new_roof_3_1_nocenter.Xvx.ard
1255	1	!ard\prefabs_Buildings_Cowshed_LOD1_LOD1_cs_metal_new_roof_4_1_nocenter.Xvx.ard
1256	1	!ard\prefabs_Buildings_Cowshed_LOD1_LOD1_cs_metal_new_wall_1_1_nocenter.Xvx.ard
1257	1	!ard\prefabs_Buildings_Cowshed_LOD1_LOD1_cs_metal_new_wall_2_1_nocenter.Xvx.ard
1258	1	!ard\prefabs_Buildings_Cowshed_LOD1_LOD1_cs_metal_new_wall_3_1_nocenter.Xvx.ard
1259	1	!ard\prefabs_Buildings_Cowshed_LOD1_LOD1_cs_metal_new_wall_4_1_nocenter.Xvx.ard
1260	1	!ard\prefabs_Buildings_Cowshed_LOD1_LOD1_cs_metal_new_wall_corner_1_1_nocenter.Xvx.ard
1261	1	!ard\prefabs_Buildings_Cowshed_LOD1_LOD1_cs_metal_new_wall_corner_2_1_nocenter.Xvx.ard
1262	1	!ard\prefabs_Buildings_Cowshed_LOD1_LOD1_cs_metal_new_wall_corner_2_2_nocenter.Xvx.ard
1263	1	!ard\prefabs_Buildings_Cowshed_LOD1_LOD1_cs_metal_new_wall_door_1_1_nocenter.Xvx.ard
1264	1	!ard\prefabs_Buildings_Cowshed_LOD1_LOD1_cs_metal_new_wall_door_2_1_nocenter.Xvx.ard
1265	1	!ard\prefabs_Buildings_Cowshed_LOD1_LOD1_cs_metal_new_wall_gate_1_1_nocenter.Xvx.ard
1266	1	!ard\prefabs_Buildings_Cowshed_LOD1_LOD1_cs_metal_new_wall_up_4_1_nocenter.Xvx.ard
1267	1	!ard\prefabs_Buildings_Cowshed_LOD1_LOD1_cs_metal_new_wall_up_corner_1_1_nocenter.Xvx.ard
1268	1	!ard\prefabs_Buildings_Cowshed_LOD1_LOD1_cs_metal_new_wall_up_corner_2_1_nocenter.Xvx.ard
1269	1	!ard\prefabs_Buildings_Cowshed_LOD1_LOD1_cs_metal_new_wall_up_front_1_1_nocenter.Xvx.ard
1270	1	!ard\prefabs_Buildings_Cowshed_LOD1_LOD1_cs_metal_old_wall_1_1_nocenter.Xvx.ard
1271	1	!ard\prefabs_Buildings_Cowshed_LOD1_LOD1_cs_metal_old_wall_2_1_nocenter.Xvx.ard
1272	1	!ard\prefabs_Buildings_Cowshed_LOD1_LOD1_cs_metal_old_wall_3_1_nocenter.Xvx.ard
1273	1	!ard\prefabs_Buildings_Cowshed_LOD1_LOD1_cs_metal_old_wall_4_1_nocenter.Xvx.ard
1274	1	!ard\prefabs_Buildings_Cowshed_LOD1_LOD1_cs_metal_old_wall_corner_1_1_nocenter.Xvx.ard
1275	1	!ard\prefabs_Buildings_Cowshed_LOD1_LOD1_cs_metal_old_wall_corner_2_1_nocenter.Xvx.ard
1276	1	!ard\prefabs_Buildings_Cowshed_LOD1_LOD1_cs_metal_old_wall_corner_2_2_nocenter.Xvx.ard
1277	1	!ard\prefabs_Buildings_Cowshed_LOD1_LOD1_cs_metal_old_wall_door_1_1_nocenter.Xvx.ard
1278	1	!ard\prefabs_Buildings_Cowshed_LOD1_LOD1_cs_metal_old_wall_door_2_1_nocenter.Xvx.ard
1279	1	!ard\prefabs_Buildings_Cowshed_LOD1_LOD1_cs_metal_old_wall_gate_1_1_nocenter.Xvx.ard
1280	1	!ard\prefabs_Buildings_Cowshed_LOD1_LOD1_cs_metal_old_wall_up_4_1_nocenter.Xvx.ard
1281	1	!ard\prefabs_Buildings_Cowshed_LOD1_LOD1_cs_metal_old_wall_up_corner_1_1_nocenter.Xvx.ard
1282	1	!ard\prefabs_Buildings_Cowshed_LOD1_LOD1_cs_metal_old_wall_up_corner_2_1_nocenter.Xvx.ard
1283	1	!ard\prefabs_Buildings_Cowshed_LOD1_LOD1_cs_metal_old_wall_up_front_1_1_nocenter.Xvx.ard
1284	1	!ard\prefabs_Buildings_Cowshed_LOD1_LOD1_cs_milkmaid_1_nocenter.Xvx.ard
1285	1	!ard\prefabs_Buildings_Cowshed_LOD1_LOD1_cs_plaster_new_wall_4_1_nocenter.Xvx.ard
1286	1	!ard\prefabs_Buildings_Cowshed_LOD1_LOD1_cs_wood_fixed_door_1_1_nocenter.Xvx.ard
1287	1	!ard\prefabs_Buildings_Cowshed_LOD1_LOD1_cs_wood_fixed_door_2_1_nocenter.Xvx.ard
1288	1	!ard\prefabs_Buildings_Cowshed_LOD1_LOD1_cs_wood_fixed_door_2_2_nocenter.Xvx.ard
1289	1	!ard\prefabs_Buildings_Cowshed_LOD1_LOD1_cs_wood_fixed_wall_up_1_1_nocenter.Xvx.ard
1290	1	!ard\prefabs_Buildings_Cowshed_LOD1_LOD1_cs_wood_fixed_wall_up_1_2_nocenter.Xvx.ard
1291	1	!ard\prefabs_Buildings_Cowshed_LOD1_LOD1_cs_wood_fixed_wall_up_1_3_nocenter.Xvx.ard
1292	1	!ard\prefabs_Buildings_Cowshed_LOD1_LOD1_cs_wood_fixed_wall_up_2_1_nocenter.Xvx.ard
1293	1	!ard\prefabs_Buildings_Cowshed_LOD1_LOD1_cs_wood_fixed_wall_up_2_2_nocenter.Xvx.ard
1294	1	!ard\prefabs_Buildings_Cowshed_LOD1_LOD1_cs_wood_fixed_wall_up_3_1_nocenter.Xvx.ard
1295	1	!ard\prefabs_Buildings_Cowshed_LOD1_LOD1_cs_wood_fixed_wall_up_3_2_nocenter.Xvx.ard
1296	1	!ard\prefabs_Buildings_Cowshed_LOD1_LOD1_cs_wood_fixed_wall_up_5_1_nocenter.Xvx.ard
1297	1	!ard\prefabs_Buildings_Cowshed_LOD1_LOD1_cs_wood_fixed_wall_up_5_2_nocenter.Xvx.ard
1298	1	!ard\prefabs_Buildings_Cowshed_LOD1_LOD1_cs_wood_fixed_wall_up_6_1_nocenter.Xvx.ard
1299	1	!ard\prefabs_Buildings_Cowshed_LOD1_LOD1_cs_wood_fixed_wall_up_6_2_nocenter.Xvx.ard
1300	1	!ard\prefabs_Buildings_Cowshed_LOD1_LOD1_cs_wood_fixed_wall_up_corner_1_1_nocenter.Xvx.ard
1301	1	!ard\prefabs_Buildings_Cowshed_LOD1_LOD1_cs_wood_fixed_wall_up_corner_1_2_nocenter.Xvx.ard
1302	1	!ard\prefabs_Buildings_Cowshed_LOD1_LOD1_cs_wood_fixed_wall_up_corner_1_3_nocenter.Xvx.ard
1303	1	!ard\prefabs_Buildings_Cowshed_LOD1_LOD1_cs_wood_fixed_wall_up_corner_2_1_nocenter.Xvx.ard
1304	1	!ard\prefabs_Buildings_Cowshed_LOD1_LOD1_cs_wood_fixed_wall_up_corner_2_2_nocenter.Xvx.ard
1305	1	!ard\prefabs_Buildings_Cowshed_LOD1_LOD1_cs_wood_fixed_wall_up_front_1_1_nocenter.Xvx.ard
1306	1	!ard\prefabs_Buildings_Cowshed_LOD1_LOD1_cs_wood_fixed_wall_up_front_1_2_nocenter.Xvx.ard
1307	1	!ard\prefabs_Buildings_Cowshed_LOD1_LOD1_cs_wood_new_door_1_1_nocenter.Xvx.ard
1308	1	!ard\prefabs_Buildings_Cowshed_LOD1_LOD1_cs_wood_new_door_2_1_nocenter.Xvx.ard
1309	1	!ard\prefabs_Buildings_Cowshed_LOD1_LOD1_cs_wood_new_door_2_2_nocenter.Xvx.ard
1310	1	!ard\prefabs_Buildings_Cowshed_LOD1_LOD1_cs_wood_new_stairs_1_1_nocenter.Xvx.ard
1311	1	!ard\prefabs_Buildings_Cowshed_LOD1_LOD1_cs_wood_new_wall_up_1_1_nocenter.Xvx.ard
1312	1	!ard\prefabs_Buildings_Cowshed_LOD1_LOD1_cs_wood_new_wall_up_1_3_nocenter.Xvx.ard
1313	1	!ard\prefabs_Buildings_Cowshed_LOD1_LOD1_cs_wood_new_wall_up_2_1_nocenter.Xvx.ard
1314	1	!ard\prefabs_Buildings_Cowshed_LOD1_LOD1_cs_wood_new_wall_up_2_3_nocenter.Xvx.ard
1315	1	!ard\prefabs_Buildings_Cowshed_LOD1_LOD1_cs_wood_new_wall_up_3_1_nocenter.Xvx.ard
1316	1	!ard\prefabs_Buildings_Cowshed_LOD1_LOD1_cs_wood_new_wall_up_3_3_nocenter.Xvx.ard
1317	1	!ard\prefabs_Buildings_Cowshed_LOD1_LOD1_cs_wood_new_wall_up_5_1_nocenter.Xvx.ard
1318	1	!ard\prefabs_Buildings_Cowshed_LOD1_LOD1_cs_wood_new_wall_up_5_3_nocenter.Xvx.ard
1319	1	!ard\prefabs_Buildings_Cowshed_LOD1_LOD1_cs_wood_new_wall_up_6_1_nocenter.Xvx.ard
1320	1	!ard\prefabs_Buildings_Cowshed_LOD1_LOD1_cs_wood_new_wall_up_6_3_nocenter.Xvx.ard
1321	1	!ard\prefabs_Buildings_Cowshed_LOD1_LOD1_cs_wood_new_wall_up_corner_1_1_nocenter.Xvx.ard
1322	1	!ard\prefabs_Buildings_Cowshed_LOD1_LOD1_cs_wood_new_wall_up_corner_1_3_nocenter.Xvx.ard
1323	1	!ard\prefabs_Buildings_Cowshed_LOD1_LOD1_cs_wood_new_wall_up_corner_2_1_nocenter.Xvx.ard
1324	1	!ard\prefabs_Buildings_Cowshed_LOD1_LOD1_cs_wood_new_wall_up_front_1_1_nocenter.Xvx.ard
1325	1	!ard\prefabs_Buildings_Cowshed_LOD1_LOD1_cs_wood_old_door_1_1_nocenter.Xvx.ard
1326	1	!ard\prefabs_Buildings_Cowshed_LOD1_LOD1_cs_wood_old_door_2_1_nocenter.Xvx.ard
1327	1	!ard\prefabs_Buildings_Cowshed_LOD1_LOD1_cs_wood_old_door_2_2_nocenter.Xvx.ard
1328	1	!ard\prefabs_Buildings_Cowshed_LOD1_LOD1_cs_wood_old_stairs_1_1_nocenter.Xvx.ard
1329	1	!ard\prefabs_Buildings_Cowshed_LOD1_LOD1_cs_wood_old_wall_up_1_1_nocenter.Xvx.ard
1330	1	!ard\prefabs_Buildings_Cowshed_LOD1_LOD1_cs_wood_old_wall_up_1_2_nocenter.Xvx.ard
1331	1	!ard\prefabs_Buildings_Cowshed_LOD1_LOD1_cs_wood_old_wall_up_2_1_nocenter.Xvx.ard
1332	1	!ard\prefabs_Buildings_Cowshed_LOD1_LOD1_cs_wood_old_wall_up_2_2_nocenter.Xvx.ard
1333	1	!ard\prefabs_Buildings_Cowshed_LOD1_LOD1_cs_wood_old_wall_up_3_1_nocenter.Xvx.ard
1334	1	!ard\prefabs_Buildings_Cowshed_LOD1_LOD1_cs_wood_old_wall_up_3_2_nocenter.Xvx.ard
1335	1	!ard\prefabs_Buildings_Cowshed_LOD1_LOD1_cs_wood_old_wall_up_5_1_nocenter.Xvx.ard
1336	1	!ard\prefabs_Buildings_Cowshed_LOD1_LOD1_cs_wood_old_wall_up_5_2_nocenter.Xvx.ard
1337	1	!ard\prefabs_Buildings_Cowshed_LOD1_LOD1_cs_wood_old_wall_up_6_1_nocenter.Xvx.ard
1338	1	!ard\prefabs_Buildings_Cowshed_LOD1_LOD1_cs_wood_old_wall_up_6_2_nocenter.Xvx.ard
1339	1	!ard\prefabs_Buildings_Cowshed_LOD1_LOD1_cs_wood_old_wall_up_corner_1_1_nocenter.Xvx.ard
1340	1	!ard\prefabs_Buildings_Cowshed_LOD1_LOD1_cs_wood_old_wall_up_corner_1_2_nocenter.Xvx.ard
1341	1	!ard\prefabs_Buildings_Cowshed_LOD1_LOD1_cs_wood_old_wall_up_corner_2_1_nocenter.Xvx.ard
1342	1	!ard\prefabs_Buildings_Cowshed_LOD1_LOD1_cs_wood_old_wall_up_corner_2_2_nocenter.Xvx.ard
1343	1	!ard\prefabs_Buildings_Cowshed_LOD1_LOD1_cs_wood_old_wall_up_front_1_1_nocenter.Xvx.ard
1344	1	!ard\prefabs_Buildings_Cowshed_LOD1_LOD1_cs_wood_old_wall_up_front_1_2_nocenter.Xvx.ard
1345	1	!ard\prefabs_Buildings_Cowshed_LOD1_LOD1_cs_wood_painted_door_1_1_nocenter.Xvx.ard
1346	1	!ard\prefabs_Buildings_Cowshed_LOD1_LOD1_cs_wood_painted_door_2_1_nocenter.Xvx.ard
1347	1	!ard\prefabs_Buildings_Cowshed_LOD1_LOD1_cs_wood_painted_door_2_2_nocenter.Xvx.ard
1348	1	!ard\prefabs_Buildings_Cowshed_LOD1_LOD1_cs_wood_painted_stairs_1_1_nocenter.Xvx.ard
1349	1	!ard\prefabs_Buildings_Cowshed_LOD1_LOD1_cs_wood_painted_wall_up_1_1_nocenter.Xvx.ard
1350	1	!ard\prefabs_Buildings_Cowshed_LOD1_LOD1_cs_wood_painted_wall_up_2_1_nocenter.Xvx.ard
1351	1	!ard\prefabs_Buildings_Cowshed_LOD1_LOD1_cs_wood_painted_wall_up_3_1_nocenter.Xvx.ard
1352	1	!ard\prefabs_Buildings_Cowshed_LOD1_LOD1_cs_wood_painted_wall_up_5_1_nocenter.Xvx.ard
1353	1	!ard\prefabs_Buildings_Cowshed_LOD1_LOD1_cs_wood_painted_wall_up_6_1_nocenter.Xvx.ard
1354	1	!ard\prefabs_Buildings_Cowshed_LOD1_LOD1_cs_wood_painted_wall_up_corner_1_1_nocenter.Xvx.ard
1355	1	!ard\prefabs_Buildings_Cowshed_LOD1_LOD1_cs_wood_painted_wall_up_corner_2_1_nocenter.Xvx.ard
1356	1	!ard\prefabs_Buildings_Cowshed_LOD1_LOD1_cs_wood_painted_wall_up_front_1_1_nocenter.Xvx.ard
1357	1	!ard\prefabs_Buildings_Cowshed_LOD2_LOD2_cs_airbrick_fixed_wall_1_1_nocenter.Xvx.ard
1358	1	!ard\prefabs_Buildings_Cowshed_LOD2_LOD2_cs_airbrick_fixed_wall_1_2_nocenter.Xvx.ard
1359	1	!ard\prefabs_Buildings_Cowshed_LOD2_LOD2_cs_airbrick_fixed_wall_2_1_nocenter.Xvx.ard
1360	1	!ard\prefabs_Buildings_Cowshed_LOD2_LOD2_cs_airbrick_fixed_wall_3_1_nocenter.Xvx.ard
1361	1	!ard\prefabs_Buildings_Cowshed_LOD2_LOD2_cs_airbrick_fixed_wall_4_1_nocenter.Xvx.ard
1362	1	!ard\prefabs_Buildings_Cowshed_LOD2_LOD2_cs_airbrick_fixed_wall_corner_1_1_nocenter.Xvx.ard
1363	1	!ard\prefabs_Buildings_Cowshed_LOD2_LOD2_cs_airbrick_fixed_wall_corner_2_1_nocenter.Xvx.ard
1364	1	!ard\prefabs_Buildings_Cowshed_LOD2_LOD2_cs_airbrick_fixed_wall_corner_2_2_nocenter.Xvx.ard
1365	1	!ard\prefabs_Buildings_Cowshed_LOD2_LOD2_cs_airbrick_fixed_wall_up_1_1_nocenter.Xvx.ard
1366	1	!ard\prefabs_Buildings_Cowshed_LOD2_LOD2_cs_airbrick_fixed_wall_up_2_1_nocenter.Xvx.ard
1367	1	!ard\prefabs_Buildings_Cowshed_LOD2_LOD2_cs_airbrick_fixed_wall_up_3_1_nocenter.Xvx.ard
1368	1	!ard\prefabs_Buildings_Cowshed_LOD2_LOD2_cs_airbrick_fixed_wall_up_4_1_nocenter.Xvx.ard
1369	1	!ard\prefabs_Buildings_Cowshed_LOD2_LOD2_cs_airbrick_fixed_wall_up_5_1_nocenter.Xvx.ard
1370	1	!ard\prefabs_Buildings_Cowshed_LOD2_LOD2_cs_airbrick_fixed_wall_up_6_1_nocenter.Xvx.ard
1371	1	!ard\prefabs_Buildings_Cowshed_LOD2_LOD2_cs_airbrick_fixed_wall_up_corner_1_1_nocenter.Xvx.ard
1372	1	!ard\prefabs_Buildings_Cowshed_LOD2_LOD2_cs_airbrick_fixed_wall_up_corner_2_1_nocenter.Xvx.ard
1373	1	!ard\prefabs_Buildings_Cowshed_LOD2_LOD2_cs_airbrick_new_wall_1_1_nocenter.Xvx.ard
1374	1	!ard\prefabs_Buildings_Cowshed_LOD2_LOD2_cs_airbrick_new_wall_2_1_nocenter.Xvx.ard
1375	1	!ard\prefabs_Buildings_Cowshed_LOD2_LOD2_cs_airbrick_new_wall_3_1_nocenter.Xvx.ard
1376	1	!ard\prefabs_Buildings_Cowshed_LOD2_LOD2_cs_airbrick_new_wall_4_1_nocenter.Xvx.ard
1377	1	!ard\prefabs_Buildings_Cowshed_LOD2_LOD2_cs_airbrick_new_wall_corner_1_1_nocenter.Xvx.ard
1378	1	!ard\prefabs_Buildings_Cowshed_LOD2_LOD2_cs_airbrick_new_wall_corner_2_1_nocenter.Xvx.ard
1379	1	!ard\prefabs_Buildings_Cowshed_LOD2_LOD2_cs_airbrick_new_wall_corner_2_2_nocenter.Xvx.ard
1380	1	!ard\prefabs_Buildings_Cowshed_LOD2_LOD2_cs_airbrick_new_wall_door_1_1_nocenter.Xvx.ard
1381	1	!ard\prefabs_Buildings_Cowshed_LOD2_LOD2_cs_airbrick_new_wall_door_2_1_nocenter.Xvx.ard
1382	1	!ard\prefabs_Buildings_Cowshed_LOD2_LOD2_cs_airbrick_new_wall_gate_1_1_nocenter.Xvx.ard
1383	1	!ard\prefabs_Buildings_Cowshed_LOD2_LOD2_cs_airbrick_new_wall_up_1_1_nocenter.Xvx.ard
1384	1	!ard\prefabs_Buildings_Cowshed_LOD2_LOD2_cs_airbrick_new_wall_up_2_1_nocenter.Xvx.ard
1385	1	!ard\prefabs_Buildings_Cowshed_LOD2_LOD2_cs_airbrick_new_wall_up_3_1_nocenter.Xvx.ard
1386	1	!ard\prefabs_Buildings_Cowshed_LOD2_LOD2_cs_airbrick_new_wall_up_4_1_nocenter.Xvx.ard
1387	1	!ard\prefabs_Buildings_Cowshed_LOD2_LOD2_cs_airbrick_new_wall_up_5_1_nocenter.Xvx.ard
1388	1	!ard\prefabs_Buildings_Cowshed_LOD2_LOD2_cs_airbrick_new_wall_up_6_1_nocenter.Xvx.ard
1389	1	!ard\prefabs_Buildings_Cowshed_LOD2_LOD2_cs_airbrick_new_wall_up_corner_1_1_nocenter.Xvx.ard
1390	1	!ard\prefabs_Buildings_Cowshed_LOD2_LOD2_cs_airbrick_new_wall_up_corner_2_1_nocenter.Xvx.ard
1391	1	!ard\prefabs_Buildings_Cowshed_LOD2_LOD2_cs_airbrick_new_wall_up_front_1_1_nocenter.Xvx.ard
1392	1	!ard\prefabs_Buildings_Cowshed_LOD2_LOD2_cs_airbrick_old_wall_1_2_nocenter.Xvx.ard
1393	1	!ard\prefabs_Buildings_Cowshed_LOD2_LOD2_cs_airbrick_old_wall_2_1_nocenter.Xvx.ard
1394	1	!ard\prefabs_Buildings_Cowshed_LOD2_LOD2_cs_airbrick_old_wall_3_1_nocenter.Xvx.ard
1395	1	!ard\prefabs_Buildings_Cowshed_LOD2_LOD2_cs_airbrick_old_wall_4_1_nocenter.Xvx.ard
1396	1	!ard\prefabs_Buildings_Cowshed_LOD2_LOD2_cs_airbrick_old_wall_corner_1_1_nocenter.Xvx.ard
1397	1	!ard\prefabs_Buildings_Cowshed_LOD2_LOD2_cs_airbrick_old_wall_corner_2_1_nocenter.Xvx.ard
1398	1	!ard\prefabs_Buildings_Cowshed_LOD2_LOD2_cs_airbrick_old_wall_corner_2_2_nocenter.Xvx.ard
1399	1	!ard\prefabs_Buildings_Cowshed_LOD2_LOD2_cs_airbrick_old_wall_door_1_1_nocenter.Xvx.ard
1400	1	!ard\prefabs_Buildings_Cowshed_LOD2_LOD2_cs_airbrick_old_wall_door_2_1_nocenter.Xvx.ard
1401	1	!ard\prefabs_Buildings_Cowshed_LOD2_LOD2_cs_airbrick_old_wall_gate_1_1_nocenter.Xvx.ard
1402	1	!ard\prefabs_Buildings_Cowshed_LOD2_LOD2_cs_airbrick_old_wall_up_1_1_nocenter.Xvx.ard
1403	1	!ard\prefabs_Buildings_Cowshed_LOD2_LOD2_cs_airbrick_old_wall_up_2_1_nocenter.Xvx.ard
1404	1	!ard\prefabs_Buildings_Cowshed_LOD2_LOD2_cs_airbrick_old_wall_up_4_1_nocenter.Xvx.ard
1405	1	!ard\prefabs_Buildings_Cowshed_LOD2_LOD2_cs_airbrick_old_wall_up_5_1_nocenter.Xvx.ard
1406	1	!ard\prefabs_Buildings_Cowshed_LOD2_LOD2_cs_airbrick_old_wall_up_6_1_nocenter.Xvx.ard
1407	1	!ard\prefabs_Buildings_Cowshed_LOD2_LOD2_cs_airbrick_old_wall_up_corner_1_1_nocenter.Xvx.ard
1408	1	!ard\prefabs_Buildings_Cowshed_LOD2_LOD2_cs_airbrick_old_wall_up_corner_2_1_nocenter.Xvx.ard
1409	1	!ard\prefabs_Buildings_Cowshed_LOD2_LOD2_cs_base_manure_1_nocenter.Xvx.ard
1410	1	!ard\prefabs_Buildings_Cowshed_LOD2_LOD2_cs_bitumen_fixed_roof_1_1_nocenter.Xvx.ard
1411	1	!ard\prefabs_Buildings_Cowshed_LOD2_LOD2_cs_bitumen_fixed_roof_2_1_nocenter.Xvx.ard
1412	1	!ard\prefabs_Buildings_Cowshed_LOD2_LOD2_cs_bitumen_fixed_roof_3_1_nocenter.Xvx.ard
1413	1	!ard\prefabs_Buildings_Cowshed_LOD2_LOD2_cs_bitumen_fixed_roof_4_1_nocenter.Xvx.ard
1414	1	!ard\prefabs_Buildings_Cowshed_LOD2_LOD2_cs_bitumen_new_roof_1_1_nocenter.Xvx.ard
1415	1	!ard\prefabs_Buildings_Cowshed_LOD2_LOD2_cs_bitumen_new_roof_1_5_nocenter.Xvx.ard
1416	1	!ard\prefabs_Buildings_Cowshed_LOD2_LOD2_cs_bitumen_new_roof_2_1_nocenter.Xvx.ard
1417	1	!ard\prefabs_Buildings_Cowshed_LOD2_LOD2_cs_bitumen_new_roof_2_5_nocenter.Xvx.ard
1418	1	!ard\prefabs_Buildings_Cowshed_LOD2_LOD2_cs_bitumen_new_roof_3_1_nocenter.Xvx.ard
1419	1	!ard\prefabs_Buildings_Cowshed_LOD2_LOD2_cs_bitumen_new_roof_3_5_nocenter.Xvx.ard
1420	1	!ard\prefabs_Buildings_Cowshed_LOD2_LOD2_cs_bitumen_new_roof_4_1_nocenter.Xvx.ard
1421	1	!ard\prefabs_Buildings_Cowshed_LOD2_LOD2_cs_bitumen_new_roof_4_5_nocenter.Xvx.ard
1422	1	!ard\prefabs_Buildings_Cowshed_LOD2_LOD2_cs_bitumen_old_roof_1_1_nocenter.Xvx.ard
1423	1	!ard\prefabs_Buildings_Cowshed_LOD2_LOD2_cs_bitumen_old_roof_1_2_nocenter.Xvx.ard
1424	1	!ard\prefabs_Buildings_Cowshed_LOD2_LOD2_cs_bitumen_old_roof_1_3_nocenter.Xvx.ard
1425	1	!ard\prefabs_Buildings_Cowshed_LOD2_LOD2_cs_bitumen_old_roof_1_4_nocenter.Xvx.ard
1426	1	!ard\prefabs_Buildings_Cowshed_LOD2_LOD2_cs_bitumen_old_roof_2_1_nocenter.Xvx.ard
1427	1	!ard\prefabs_Buildings_Cowshed_LOD2_LOD2_cs_bitumen_old_roof_2_2_nocenter.Xvx.ard
1428	1	!ard\prefabs_Buildings_Cowshed_LOD2_LOD2_cs_bitumen_old_roof_2_3_nocenter.Xvx.ard
1429	1	!ard\prefabs_Buildings_Cowshed_LOD2_LOD2_cs_bitumen_old_roof_2_4_nocenter.Xvx.ard
1430	1	!ard\prefabs_Buildings_Cowshed_LOD2_LOD2_cs_bitumen_old_roof_3_1_nocenter.Xvx.ard
1431	1	!ard\prefabs_Buildings_Cowshed_LOD2_LOD2_cs_bitumen_old_roof_4_1_nocenter.Xvx.ard
1432	1	!ard\prefabs_Buildings_Cowshed_LOD2_LOD2_cs_brick_fixed_wall_1_1_nocenter.Xvx.ard
1433	1	!ard\prefabs_Buildings_Cowshed_LOD2_LOD2_cs_brick_fixed_wall_2_1_nocenter.Xvx.ard
1434	1	!ard\prefabs_Buildings_Cowshed_LOD2_LOD2_cs_brick_fixed_wall_3_1_nocenter.Xvx.ard
1435	1	!ard\prefabs_Buildings_Cowshed_LOD2_LOD2_cs_brick_fixed_wall_4_1_nocenter.Xvx.ard
1436	1	!ard\prefabs_Buildings_Cowshed_LOD2_LOD2_cs_brick_fixed_wall_corner_1_1_nocenter.Xvx.ard
1437	1	!ard\prefabs_Buildings_Cowshed_LOD2_LOD2_cs_brick_fixed_wall_corner_2_1_nocenter.Xvx.ard
1438	1	!ard\prefabs_Buildings_Cowshed_LOD2_LOD2_cs_brick_fixed_wall_corner_2_2_nocenter.Xvx.ard
1439	1	!ard\prefabs_Buildings_Cowshed_LOD2_LOD2_cs_brick_fixed_wall_door_1_1_nocenter.Xvx.ard
1440	1	!ard\prefabs_Buildings_Cowshed_LOD2_LOD2_cs_brick_fixed_wall_door_2_1_nocenter.Xvx.ard
1441	1	!ard\prefabs_Buildings_Cowshed_LOD2_LOD2_cs_brick_fixed_wall_gate_1_1_nocenter.Xvx.ard
1442	1	!ard\prefabs_Buildings_Cowshed_LOD2_LOD2_cs_brick_fixed_wall_up_1_1_nocenter.Xvx.ard
1443	1	!ard\prefabs_Buildings_Cowshed_LOD2_LOD2_cs_brick_fixed_wall_up_1_2_nocenter.Xvx.ard
1444	1	!ard\prefabs_Buildings_Cowshed_LOD2_LOD2_cs_brick_fixed_wall_up_2_1_nocenter.Xvx.ard
1445	1	!ard\prefabs_Buildings_Cowshed_LOD2_LOD2_cs_brick_fixed_wall_up_2_2_nocenter.Xvx.ard
1446	1	!ard\prefabs_Buildings_Cowshed_LOD2_LOD2_cs_brick_fixed_wall_up_3_2_nocenter.Xvx.ard
1447	1	!ard\prefabs_Buildings_Cowshed_LOD2_LOD2_cs_brick_fixed_wall_up_4_1_nocenter.Xvx.ard
1448	1	!ard\prefabs_Buildings_Cowshed_LOD2_LOD2_cs_brick_fixed_wall_up_4_2_nocenter.Xvx.ard
1449	1	!ard\prefabs_Buildings_Cowshed_LOD2_LOD2_cs_brick_fixed_wall_up_5_1_nocenter.Xvx.ard
1450	1	!ard\prefabs_Buildings_Cowshed_LOD2_LOD2_cs_brick_fixed_wall_up_5_2_nocenter.Xvx.ard
1451	1	!ard\prefabs_Buildings_Cowshed_LOD2_LOD2_cs_brick_fixed_wall_up_6_1_nocenter.Xvx.ard
1452	1	!ard\prefabs_Buildings_Cowshed_LOD2_LOD2_cs_brick_fixed_wall_up_6_2_nocenter.Xvx.ard
1453	1	!ard\prefabs_Buildings_Cowshed_LOD2_LOD2_cs_brick_fixed_wall_up_corner_1_1_nocenter.Xvx.ard
1454	1	!ard\prefabs_Buildings_Cowshed_LOD2_LOD2_cs_brick_fixed_wall_up_corner_1_2_nocenter.Xvx.ard
1455	1	!ard\prefabs_Buildings_Cowshed_LOD2_LOD2_cs_brick_fixed_wall_up_corner_2_2_nocenter.Xvx.ard
1456	1	!ard\prefabs_Buildings_Cowshed_LOD2_LOD2_cs_brick_fixed_wall_up_front_1_1_nocenter.Xvx.ard
1457	1	!ard\prefabs_Buildings_Cowshed_LOD2_LOD2_cs_brick_new_wall_1_1_nocenter.Xvx.ard
1458	1	!ard\prefabs_Buildings_Cowshed_LOD2_LOD2_cs_brick_new_wall_2_1_nocenter.Xvx.ard
1459	1	!ard\prefabs_Buildings_Cowshed_LOD2_LOD2_cs_brick_new_wall_3_1_nocenter.Xvx.ard
1460	1	!ard\prefabs_Buildings_Cowshed_LOD2_LOD2_cs_brick_new_wall_4_1_nocenter.Xvx.ard
1461	1	!ard\prefabs_Buildings_Cowshed_LOD2_LOD2_cs_brick_new_wall_corner_1_1_nocenter.Xvx.ard
1462	1	!ard\prefabs_Buildings_Cowshed_LOD2_LOD2_cs_brick_new_wall_corner_2_1_nocenter.Xvx.ard
1463	1	!ard\prefabs_Buildings_Cowshed_LOD2_LOD2_cs_brick_new_wall_corner_2_2_nocenter.Xvx.ard
1464	1	!ard\prefabs_Buildings_Cowshed_LOD2_LOD2_cs_brick_new_wall_door_1_1_nocenter.Xvx.ard
1465	1	!ard\prefabs_Buildings_Cowshed_LOD2_LOD2_cs_brick_new_wall_door_2_1_nocenter.Xvx.ard
1466	1	!ard\prefabs_Buildings_Cowshed_LOD2_LOD2_cs_brick_new_wall_gate_1_1_nocenter.Xvx.ard
1467	1	!ard\prefabs_Buildings_Cowshed_LOD2_LOD2_cs_brick_new_wall_up_1_1_nocenter.Xvx.ard
1468	1	!ard\prefabs_Buildings_Cowshed_LOD2_LOD2_cs_brick_new_wall_up_2_1_nocenter.Xvx.ard
1469	1	!ard\prefabs_Buildings_Cowshed_LOD2_LOD2_cs_brick_new_wall_up_3_1_nocenter.Xvx.ard
1470	1	!ard\prefabs_Buildings_Cowshed_LOD2_LOD2_cs_brick_new_wall_up_4_1_nocenter.Xvx.ard
1471	1	!ard\prefabs_Buildings_Cowshed_LOD2_LOD2_cs_brick_new_wall_up_5_1_nocenter.Xvx.ard
1472	1	!ard\prefabs_Buildings_Cowshed_LOD2_LOD2_cs_brick_new_wall_up_6_1_nocenter.Xvx.ard
1473	1	!ard\prefabs_Buildings_Cowshed_LOD2_LOD2_cs_brick_new_wall_up_corner_1_1_nocenter.Xvx.ard
1474	1	!ard\prefabs_Buildings_Cowshed_LOD2_LOD2_cs_brick_new_wall_up_corner_2_1_nocenter.Xvx.ard
1475	1	!ard\prefabs_Buildings_Cowshed_LOD2_LOD2_cs_brick_new_wall_up_front_1_1_nocenter.Xvx.ard
1476	1	!ard\prefabs_Buildings_Cowshed_LOD2_LOD2_cs_brick_old_wall_1_1_nocenter.Xvx.ard
1477	1	!ard\prefabs_Buildings_Cowshed_LOD2_LOD2_cs_brick_old_wall_2_1_nocenter.Xvx.ard
1478	1	!ard\prefabs_Buildings_Cowshed_LOD2_LOD2_cs_brick_old_wall_3_1_nocenter.Xvx.ard
1479	1	!ard\prefabs_Buildings_Cowshed_LOD2_LOD2_cs_brick_old_wall_4_1_nocenter.Xvx.ard
1480	1	!ard\prefabs_Buildings_Cowshed_LOD2_LOD2_cs_brick_old_wall_corner_1_1_nocenter.Xvx.ard
1481	1	!ard\prefabs_Buildings_Cowshed_LOD2_LOD2_cs_brick_old_wall_corner_2_1_nocenter.Xvx.ard
1482	1	!ard\prefabs_Buildings_Cowshed_LOD2_LOD2_cs_brick_old_wall_corner_2_2_nocenter.Xvx.ard
1483	1	!ard\prefabs_Buildings_Cowshed_LOD2_LOD2_cs_brick_old_wall_door_1_1_nocenter.Xvx.ard
1484	1	!ard\prefabs_Buildings_Cowshed_LOD2_LOD2_cs_brick_old_wall_door_2_1_nocenter.Xvx.ard
1485	1	!ard\prefabs_Buildings_Cowshed_LOD2_LOD2_cs_brick_old_wall_gate_1_1_nocenter.Xvx.ard
1486	1	!ard\prefabs_Buildings_Cowshed_LOD2_LOD2_cs_brick_old_wall_up_1_1_nocenter.Xvx.ard
1487	1	!ard\prefabs_Buildings_Cowshed_LOD2_LOD2_cs_brick_old_wall_up_1_2_nocenter.Xvx.ard
1488	1	!ard\prefabs_Buildings_Cowshed_LOD2_LOD2_cs_brick_old_wall_up_2_1_nocenter.Xvx.ard
1489	1	!ard\prefabs_Buildings_Cowshed_LOD2_LOD2_cs_brick_old_wall_up_2_2_nocenter.Xvx.ard
1490	1	!ard\prefabs_Buildings_Cowshed_LOD2_LOD2_cs_brick_old_wall_up_3_1_nocenter.Xvx.ard
1491	1	!ard\prefabs_Buildings_Cowshed_LOD2_LOD2_cs_brick_old_wall_up_3_2_nocenter.Xvx.ard
1492	1	!ard\prefabs_Buildings_Cowshed_LOD2_LOD2_cs_brick_old_wall_up_4_1_nocenter.Xvx.ard
1493	1	!ard\prefabs_Buildings_Cowshed_LOD2_LOD2_cs_brick_old_wall_up_4_2_nocenter.Xvx.ard
1494	1	!ard\prefabs_Buildings_Cowshed_LOD2_LOD2_cs_brick_old_wall_up_5_1_nocenter.Xvx.ard
1495	1	!ard\prefabs_Buildings_Cowshed_LOD2_LOD2_cs_brick_old_wall_up_5_2_nocenter.Xvx.ard
1496	1	!ard\prefabs_Buildings_Cowshed_LOD2_LOD2_cs_brick_old_wall_up_6_1_nocenter.Xvx.ard
1497	1	!ard\prefabs_Buildings_Cowshed_LOD2_LOD2_cs_brick_old_wall_up_6_2_nocenter.Xvx.ard
1498	1	!ard\prefabs_Buildings_Cowshed_LOD2_LOD2_cs_brick_old_wall_up_corner_1_1_nocenter.Xvx.ard
1499	1	!ard\prefabs_Buildings_Cowshed_LOD2_LOD2_cs_brick_old_wall_up_corner_1_2_nocenter.Xvx.ard
1500	1	!ard\prefabs_Buildings_Cowshed_LOD2_LOD2_cs_brick_old_wall_up_corner_2_1_nocenter.Xvx.ard
1501	1	!ard\prefabs_Buildings_Cowshed_LOD2_LOD2_cs_brick_old_wall_up_corner_2_2_nocenter.Xvx.ard
1502	1	!ard\prefabs_Buildings_Cowshed_LOD2_LOD2_cs_brick_old_wall_up_front_1_1_nocenter.Xvx.ard
1503	1	!ard\prefabs_Buildings_Cowshed_LOD2_LOD2_cs_ceramic_fixed_roof_1_1_nocenter.Xvx.ard
1504	1	!ard\prefabs_Buildings_Cowshed_LOD2_LOD2_cs_ceramic_fixed_roof_2_1_nocenter.Xvx.ard
1505	1	!ard\prefabs_Buildings_Cowshed_LOD2_LOD2_cs_ceramic_fixed_roof_3_1_nocenter.Xvx.ard
1506	1	!ard\prefabs_Buildings_Cowshed_LOD2_LOD2_cs_ceramic_fixed_roof_4_1_nocenter.Xvx.ard
1507	1	!ard\prefabs_Buildings_Cowshed_LOD2_LOD2_cs_ceramic_new_roof_1_1_nocenter.Xvx.ard
1508	1	!ard\prefabs_Buildings_Cowshed_LOD2_LOD2_cs_ceramic_new_roof_2_1_nocenter.Xvx.ard
1509	1	!ard\prefabs_Buildings_Cowshed_LOD2_LOD2_cs_ceramic_new_roof_3_1_nocenter.Xvx.ard
1510	1	!ard\prefabs_Buildings_Cowshed_LOD2_LOD2_cs_ceramic_new_roof_4_1_nocenter.Xvx.ard
1511	1	!ard\prefabs_Buildings_Cowshed_LOD2_LOD2_cs_ceramic_old_roof_1_1_nocenter.Xvx.ard
1512	1	!ard\prefabs_Buildings_Cowshed_LOD2_LOD2_cs_ceramic_old_roof_1_2_nocenter.Xvx.ard
1513	1	!ard\prefabs_Buildings_Cowshed_LOD2_LOD2_cs_ceramic_old_roof_1_3_nocenter.Xvx.ard
1514	1	!ard\prefabs_Buildings_Cowshed_LOD2_LOD2_cs_ceramic_old_roof_2_1_nocenter.Xvx.ard
1515	1	!ard\prefabs_Buildings_Cowshed_LOD2_LOD2_cs_ceramic_old_roof_2_2_nocenter.Xvx.ard
1516	1	!ard\prefabs_Buildings_Cowshed_LOD2_LOD2_cs_ceramic_old_roof_2_3_nocenter.Xvx.ard
1517	1	!ard\prefabs_Buildings_Cowshed_LOD2_LOD2_cs_ceramic_old_roof_3_1_nocenter.Xvx.ard
1518	1	!ard\prefabs_Buildings_Cowshed_LOD2_LOD2_cs_ceramic_old_roof_3_2_nocenter.Xvx.ard
1519	1	!ard\prefabs_Buildings_Cowshed_LOD2_LOD2_cs_ceramic_old_roof_4_1_nocenter.Xvx.ard
1520	1	!ard\prefabs_Buildings_Cowshed_LOD2_LOD2_cs_ceramic_old_roof_4_2_nocenter.Xvx.ard
1521	1	!ard\prefabs_Buildings_Cowshed_LOD2_LOD2_cs_concrete_new_floor_1_1_nocenter.Xvx.ard
1522	1	!ard\prefabs_Buildings_Cowshed_LOD2_LOD2_cs_concrete_new_floor_1_2_nocenter.Xvx.ard
1523	1	!ard\prefabs_Buildings_Cowshed_LOD2_LOD2_cs_concrete_new_pavement_1_1_nocenter.Xvx.ard
1524	1	!ard\prefabs_Buildings_Cowshed_LOD2_LOD2_cs_concrete_new_pavement_1_2_nocenter.Xvx.ard
1525	1	!ard\prefabs_Buildings_Cowshed_LOD2_LOD2_cs_concrete_new_pavement_1_3_nocenter.Xvx.ard
1526	1	!ard\prefabs_Buildings_Cowshed_LOD2_LOD2_cs_concrete_new_stairs_1_1_nocenter.Xvx.ard
1527	1	!ard\prefabs_Buildings_Cowshed_LOD2_LOD2_cs_metal_new_door_1_1_nocenter.Xvx.ard
1528	1	!ard\prefabs_Buildings_Cowshed_LOD2_LOD2_cs_metal_new_door_2_1_nocenter.Xvx.ard
1529	1	!ard\prefabs_Buildings_Cowshed_LOD2_LOD2_cs_metal_new_door_2_2_nocenter.Xvx.ard
1530	1	!ard\prefabs_Buildings_Cowshed_LOD2_LOD2_cs_metal_new_roof_1_1_nocenter.Xvx.ard
1531	1	!ard\prefabs_Buildings_Cowshed_LOD2_LOD2_cs_metal_new_roof_2_1_nocenter.Xvx.ard
1532	1	!ard\prefabs_Buildings_Cowshed_LOD2_LOD2_cs_metal_new_roof_3_1_nocenter.Xvx.ard
1533	1	!ard\prefabs_Buildings_Cowshed_LOD2_LOD2_cs_metal_new_roof_4_1_nocenter.Xvx.ard
1534	1	!ard\prefabs_Buildings_Cowshed_LOD2_LOD2_cs_metal_new_wall_1_1_nocenter.Xvx.ard
1535	1	!ard\prefabs_Buildings_Cowshed_LOD2_LOD2_cs_metal_new_wall_2_1_nocenter.Xvx.ard
1536	1	!ard\prefabs_Buildings_Cowshed_LOD2_LOD2_cs_metal_new_wall_3_1_nocenter.Xvx.ard
1537	1	!ard\prefabs_Buildings_Cowshed_LOD2_LOD2_cs_metal_new_wall_4_1_nocenter.Xvx.ard
1538	1	!ard\prefabs_Buildings_Cowshed_LOD2_LOD2_cs_metal_new_wall_corner_1_1_nocenter.Xvx.ard
1539	1	!ard\prefabs_Buildings_Cowshed_LOD2_LOD2_cs_metal_new_wall_corner_2_1_nocenter.Xvx.ard
1540	1	!ard\prefabs_Buildings_Cowshed_LOD2_LOD2_cs_metal_new_wall_corner_2_2_nocenter.Xvx.ard
1541	1	!ard\prefabs_Buildings_Cowshed_LOD2_LOD2_cs_metal_new_wall_door_1_1_nocenter.Xvx.ard
1542	1	!ard\prefabs_Buildings_Cowshed_LOD2_LOD2_cs_metal_new_wall_door_2_1_nocenter.Xvx.ard
1543	1	!ard\prefabs_Buildings_Cowshed_LOD2_LOD2_cs_metal_new_wall_gate_1_1_nocenter.Xvx.ard
1544	1	!ard\prefabs_Buildings_Cowshed_LOD2_LOD2_cs_metal_new_wall_up_1_1_nocenter.Xvx.ard
1545	1	!ard\prefabs_Buildings_Cowshed_LOD2_LOD2_cs_metal_new_wall_up_2_1_nocenter.Xvx.ard
1546	1	!ard\prefabs_Buildings_Cowshed_LOD2_LOD2_cs_metal_new_wall_up_3_1_nocenter.Xvx.ard
1547	1	!ard\prefabs_Buildings_Cowshed_LOD2_LOD2_cs_metal_new_wall_up_4_1_nocenter.Xvx.ard
1548	1	!ard\prefabs_Buildings_Cowshed_LOD2_LOD2_cs_metal_new_wall_up_5_1_nocenter.Xvx.ard
1549	1	!ard\prefabs_Buildings_Cowshed_LOD2_LOD2_cs_metal_new_wall_up_6_1_nocenter.Xvx.ard
1550	1	!ard\prefabs_Buildings_Cowshed_LOD2_LOD2_cs_metal_new_wall_up_corner_1_1_nocenter.Xvx.ard
1551	1	!ard\prefabs_Buildings_Cowshed_LOD2_LOD2_cs_metal_new_wall_up_corner_2_1_nocenter.Xvx.ard
1552	1	!ard\prefabs_Buildings_Cowshed_LOD2_LOD2_cs_metal_new_wall_up_front_1_1_nocenter.Xvx.ard
1553	1	!ard\prefabs_Buildings_Cowshed_LOD2_LOD2_cs_metal_old_wall_1_1_nocenter.Xvx.ard
1554	1	!ard\prefabs_Buildings_Cowshed_LOD2_LOD2_cs_metal_old_wall_2_1_nocenter.Xvx.ard
1555	1	!ard\prefabs_Buildings_Cowshed_LOD2_LOD2_cs_metal_old_wall_3_1_nocenter.Xvx.ard
1556	1	!ard\prefabs_Buildings_Cowshed_LOD2_LOD2_cs_metal_old_wall_4_1_nocenter.Xvx.ard
1557	1	!ard\prefabs_Buildings_Cowshed_LOD2_LOD2_cs_metal_old_wall_corner_1_1_nocenter.Xvx.ard
1558	1	!ard\prefabs_Buildings_Cowshed_LOD2_LOD2_cs_metal_old_wall_corner_2_1_nocenter.Xvx.ard
1559	1	!ard\prefabs_Buildings_Cowshed_LOD2_LOD2_cs_metal_old_wall_corner_2_2_nocenter.Xvx.ard
1560	1	!ard\prefabs_Buildings_Cowshed_LOD2_LOD2_cs_metal_old_wall_door_1_1_nocenter.Xvx.ard
1561	1	!ard\prefabs_Buildings_Cowshed_LOD2_LOD2_cs_metal_old_wall_door_2_1_nocenter.Xvx.ard
1562	1	!ard\prefabs_Buildings_Cowshed_LOD2_LOD2_cs_metal_old_wall_gate_1_1_nocenter.Xvx.ard
1563	1	!ard\prefabs_Buildings_Cowshed_LOD2_LOD2_cs_metal_old_wall_up_1_1_nocenter.Xvx.ard
1564	1	!ard\prefabs_Buildings_Cowshed_LOD2_LOD2_cs_metal_old_wall_up_2_1_nocenter.Xvx.ard
1565	1	!ard\prefabs_Buildings_Cowshed_LOD2_LOD2_cs_metal_old_wall_up_3_1_nocenter.Xvx.ard
1566	1	!ard\prefabs_Buildings_Cowshed_LOD2_LOD2_cs_metal_old_wall_up_4_1_nocenter.Xvx.ard
1567	1	!ard\prefabs_Buildings_Cowshed_LOD2_LOD2_cs_metal_old_wall_up_5_1_nocenter.Xvx.ard
1568	1	!ard\prefabs_Buildings_Cowshed_LOD2_LOD2_cs_metal_old_wall_up_6_1_nocenter.Xvx.ard
1569	1	!ard\prefabs_Buildings_Cowshed_LOD2_LOD2_cs_metal_old_wall_up_corner_1_1_nocenter.Xvx.ard
1570	1	!ard\prefabs_Buildings_Cowshed_LOD2_LOD2_cs_metal_old_wall_up_corner_2_1_nocenter.Xvx.ard
1571	1	!ard\prefabs_Buildings_Cowshed_LOD2_LOD2_cs_metal_old_wall_up_front_1_1_nocenter.Xvx.ard
1572	1	!ard\prefabs_Buildings_Cowshed_LOD2_LOD2_cs_metal_red_new_roof_1_1_nocenter.Xvx.ard
1573	1	!ard\prefabs_Buildings_Cowshed_LOD2_LOD2_cs_metal_red_new_roof_2_1_nocenter.Xvx.ard
1574	1	!ard\prefabs_Buildings_Cowshed_LOD2_LOD2_cs_metal_red_new_roof_3_1_nocenter.Xvx.ard
1575	1	!ard\prefabs_Buildings_Cowshed_LOD2_LOD2_cs_metal_red_new_roof_4_1_nocenter.Xvx.ard
1576	1	!ard\prefabs_Buildings_Cowshed_LOD2_LOD2_cs_plaster_new_wall_1_1_nocenter.Xvx.ard
1577	1	!ard\prefabs_Buildings_Cowshed_LOD2_LOD2_cs_plaster_new_wall_2_1_nocenter.Xvx.ard
1578	1	!ard\prefabs_Buildings_Cowshed_LOD2_LOD2_cs_plaster_new_wall_3_1_nocenter.Xvx.ard
1579	1	!ard\prefabs_Buildings_Cowshed_LOD2_LOD2_cs_plaster_new_wall_4_1_nocenter.Xvx.ard
1580	1	!ard\prefabs_Buildings_Cowshed_LOD2_LOD2_cs_plaster_new_wall_corner_1_1_nocenter.Xvx.ard
1581	1	!ard\prefabs_Buildings_Cowshed_LOD2_LOD2_cs_plaster_new_wall_corner_2_1_nocenter.Xvx.ard
1582	1	!ard\prefabs_Buildings_Cowshed_LOD2_LOD2_cs_plaster_new_wall_corner_2_2_nocenter.Xvx.ard
1583	1	!ard\prefabs_Buildings_Cowshed_LOD2_LOD2_cs_plaster_new_wall_door_1_1_nocenter.Xvx.ard
1584	1	!ard\prefabs_Buildings_Cowshed_LOD2_LOD2_cs_plaster_new_wall_door_2_1_nocenter.Xvx.ard
1585	1	!ard\prefabs_Buildings_Cowshed_LOD2_LOD2_cs_plaster_new_wall_gate_1_1_nocenter.Xvx.ard
1586	1	!ard\prefabs_Buildings_Cowshed_LOD2_LOD2_cs_plaster_new_wall_up_1_1_nocenter.Xvx.ard
1587	1	!ard\prefabs_Buildings_Cowshed_LOD2_LOD2_cs_plaster_new_wall_up_2_1_nocenter.Xvx.ard
1588	1	!ard\prefabs_Buildings_Cowshed_LOD2_LOD2_cs_plaster_new_wall_up_3_1_nocenter.Xvx.ard
1589	1	!ard\prefabs_Buildings_Cowshed_LOD2_LOD2_cs_plaster_new_wall_up_4_1_nocenter.Xvx.ard
1590	1	!ard\prefabs_Buildings_Cowshed_LOD2_LOD2_cs_plaster_new_wall_up_5_1_nocenter.Xvx.ard
1591	1	!ard\prefabs_Buildings_Cowshed_LOD2_LOD2_cs_plaster_new_wall_up_6_1_nocenter.Xvx.ard
1592	1	!ard\prefabs_Buildings_Cowshed_LOD2_LOD2_cs_plaster_new_wall_up_corner_1_1_nocenter.Xvx.ard
1593	1	!ard\prefabs_Buildings_Cowshed_LOD2_LOD2_cs_plaster_new_wall_up_corner_2_1_nocenter.Xvx.ard
1594	1	!ard\prefabs_Buildings_Cowshed_LOD2_LOD2_cs_plaster_new_wall_up_front_1_1_nocenter.Xvx.ard
1595	1	!ard\prefabs_Buildings_Cowshed_LOD2_LOD2_cs_wood_fixed_door_1_1_nocenter.Xvx.ard
1596	1	!ard\prefabs_Buildings_Cowshed_LOD2_LOD2_cs_wood_fixed_door_2_1_nocenter.Xvx.ard
1597	1	!ard\prefabs_Buildings_Cowshed_LOD2_LOD2_cs_wood_fixed_door_2_2_nocenter.Xvx.ard
1598	1	!ard\prefabs_Buildings_Cowshed_LOD2_LOD2_cs_wood_fixed_wall_up_1_1_nocenter.Xvx.ard
1599	1	!ard\prefabs_Buildings_Cowshed_LOD2_LOD2_cs_wood_fixed_wall_up_1_2_nocenter.Xvx.ard
1600	1	!ard\prefabs_Buildings_Cowshed_LOD2_LOD2_cs_wood_fixed_wall_up_1_3_nocenter.Xvx.ard
1601	1	!ard\prefabs_Buildings_Cowshed_LOD2_LOD2_cs_wood_fixed_wall_up_2_1_nocenter.Xvx.ard
1602	1	!ard\prefabs_Buildings_Cowshed_LOD2_LOD2_cs_wood_fixed_wall_up_2_2_nocenter.Xvx.ard
1603	1	!ard\prefabs_Buildings_Cowshed_LOD2_LOD2_cs_wood_fixed_wall_up_3_1_nocenter.Xvx.ard
1604	1	!ard\prefabs_Buildings_Cowshed_LOD2_LOD2_cs_wood_fixed_wall_up_3_2_nocenter.Xvx.ard
1605	1	!ard\prefabs_Buildings_Cowshed_LOD2_LOD2_cs_wood_fixed_wall_up_4_1_nocenter.Xvx.ard
1606	1	!ard\prefabs_Buildings_Cowshed_LOD2_LOD2_cs_wood_fixed_wall_up_4_2_nocenter.Xvx.ard
1607	1	!ard\prefabs_Buildings_Cowshed_LOD2_LOD2_cs_wood_fixed_wall_up_5_1_nocenter.Xvx.ard
1608	1	!ard\prefabs_Buildings_Cowshed_LOD2_LOD2_cs_wood_fixed_wall_up_5_2_nocenter.Xvx.ard
1609	1	!ard\prefabs_Buildings_Cowshed_LOD2_LOD2_cs_wood_fixed_wall_up_6_1_nocenter.Xvx.ard
1610	1	!ard\prefabs_Buildings_Cowshed_LOD2_LOD2_cs_wood_fixed_wall_up_6_2_nocenter.Xvx.ard
1611	1	!ard\prefabs_Buildings_Cowshed_LOD2_LOD2_cs_wood_fixed_wall_up_corner_1_1_nocenter.Xvx.ard
1612	1	!ard\prefabs_Buildings_Cowshed_LOD2_LOD2_cs_wood_fixed_wall_up_corner_1_2_nocenter.Xvx.ard
1613	1	!ard\prefabs_Buildings_Cowshed_LOD2_LOD2_cs_wood_fixed_wall_up_corner_1_3_nocenter.Xvx.ard
1614	1	!ard\prefabs_Buildings_Cowshed_LOD2_LOD2_cs_wood_fixed_wall_up_corner_2_1_nocenter.Xvx.ard
1615	1	!ard\prefabs_Buildings_Cowshed_LOD2_LOD2_cs_wood_fixed_wall_up_corner_2_2_nocenter.Xvx.ard
1616	1	!ard\prefabs_Buildings_Cowshed_LOD2_LOD2_cs_wood_fixed_wall_up_front_1_1_nocenter.Xvx.ard
1617	1	!ard\prefabs_Buildings_Cowshed_LOD2_LOD2_cs_wood_fixed_wall_up_front_1_2_nocenter.Xvx.ard
1618	1	!ard\prefabs_Buildings_Cowshed_LOD2_LOD2_cs_wood_new_door_1_1_nocenter.Xvx.ard
1619	1	!ard\prefabs_Buildings_Cowshed_LOD2_LOD2_cs_wood_new_door_2_1_nocenter.Xvx.ard
1620	1	!ard\prefabs_Buildings_Cowshed_LOD2_LOD2_cs_wood_new_door_2_2_nocenter.Xvx.ard
1621	1	!ard\prefabs_Buildings_Cowshed_LOD2_LOD2_cs_wood_new_floor_1_1_nocenter.Xvx.ard
1622	1	!ard\prefabs_Buildings_Cowshed_LOD2_LOD2_cs_wood_new_floor_1_2_nocenter.Xvx.ard
1623	1	!ard\prefabs_Buildings_Cowshed_LOD2_LOD2_cs_wood_new_stairs_1_1_nocenter.Xvx.ard
1624	1	!ard\prefabs_Buildings_Cowshed_LOD2_LOD2_cs_wood_new_wall_up_1_1_nocenter.Xvx.ard
1625	1	!ard\prefabs_Buildings_Cowshed_LOD2_LOD2_cs_wood_new_wall_up_1_3_nocenter.Xvx.ard
1626	1	!ard\prefabs_Buildings_Cowshed_LOD2_LOD2_cs_wood_new_wall_up_2_1_nocenter.Xvx.ard
1627	1	!ard\prefabs_Buildings_Cowshed_LOD2_LOD2_cs_wood_new_wall_up_2_3_nocenter.Xvx.ard
1628	1	!ard\prefabs_Buildings_Cowshed_LOD2_LOD2_cs_wood_new_wall_up_3_1_nocenter.Xvx.ard
1629	1	!ard\prefabs_Buildings_Cowshed_LOD2_LOD2_cs_wood_new_wall_up_3_3_nocenter.Xvx.ard
1630	1	!ard\prefabs_Buildings_Cowshed_LOD2_LOD2_cs_wood_new_wall_up_4_3_nocenter.Xvx.ard
1631	1	!ard\prefabs_Buildings_Cowshed_LOD2_LOD2_cs_wood_new_wall_up_5_1_nocenter.Xvx.ard
1632	1	!ard\prefabs_Buildings_Cowshed_LOD2_LOD2_cs_wood_new_wall_up_5_3_nocenter.Xvx.ard
1633	1	!ard\prefabs_Buildings_Cowshed_LOD2_LOD2_cs_wood_new_wall_up_6_1_nocenter.Xvx.ard
1634	1	!ard\prefabs_Buildings_Cowshed_LOD2_LOD2_cs_wood_new_wall_up_6_3_nocenter.Xvx.ard
1635	1	!ard\prefabs_Buildings_Cowshed_LOD2_LOD2_cs_wood_new_wall_up_corner_1_1_nocenter.Xvx.ard
1636	1	!ard\prefabs_Buildings_Cowshed_LOD2_LOD2_cs_wood_new_wall_up_corner_1_3_nocenter.Xvx.ard
1637	1	!ard\prefabs_Buildings_Cowshed_LOD2_LOD2_cs_wood_new_wall_up_corner_2_1_nocenter.Xvx.ard
1638	1	!ard\prefabs_Buildings_Cowshed_LOD2_LOD2_cs_wood_new_wall_up_front_1_1_nocenter.Xvx.ard
1639	1	!ard\prefabs_Buildings_Cowshed_LOD2_LOD2_cs_wood_old_door_1_1_nocenter.Xvx.ard
1640	1	!ard\prefabs_Buildings_Cowshed_LOD2_LOD2_cs_wood_old_door_2_1_nocenter.Xvx.ard
1641	1	!ard\prefabs_Buildings_Cowshed_LOD2_LOD2_cs_wood_old_door_2_2_nocenter.Xvx.ard
1642	1	!ard\prefabs_Buildings_Cowshed_LOD2_LOD2_cs_wood_old_floor_1_1_nocenter.Xvx.ard
1643	1	!ard\prefabs_Buildings_Cowshed_LOD2_LOD2_cs_wood_old_floor_1_3_nocenter.Xvx.ard
1644	1	!ard\prefabs_Buildings_Cowshed_LOD2_LOD2_cs_wood_old_stairs_1_1_nocenter.Xvx.ard
1645	1	!ard\prefabs_Buildings_Cowshed_LOD2_LOD2_cs_wood_old_wall_up_1_1_nocenter.Xvx.ard
1646	1	!ard\prefabs_Buildings_Cowshed_LOD2_LOD2_cs_wood_old_wall_up_1_2_nocenter.Xvx.ard
1647	1	!ard\prefabs_Buildings_Cowshed_LOD2_LOD2_cs_wood_old_wall_up_2_1_nocenter.Xvx.ard
1648	1	!ard\prefabs_Buildings_Cowshed_LOD2_LOD2_cs_wood_old_wall_up_2_2_nocenter.Xvx.ard
1649	1	!ard\prefabs_Buildings_Cowshed_LOD2_LOD2_cs_wood_old_wall_up_3_1_nocenter.Xvx.ard
1650	1	!ard\prefabs_Buildings_Cowshed_LOD2_LOD2_cs_wood_old_wall_up_3_2_nocenter.Xvx.ard
1651	1	!ard\prefabs_Buildings_Cowshed_LOD2_LOD2_cs_wood_old_wall_up_4_1_nocenter.Xvx.ard
1652	1	!ard\prefabs_Buildings_Cowshed_LOD2_LOD2_cs_wood_old_wall_up_4_2_nocenter.Xvx.ard
1653	1	!ard\prefabs_Buildings_Cowshed_LOD2_LOD2_cs_wood_old_wall_up_5_1_nocenter.Xvx.ard
1654	1	!ard\prefabs_Buildings_Cowshed_LOD2_LOD2_cs_wood_old_wall_up_5_2_nocenter.Xvx.ard
1655	1	!ard\prefabs_Buildings_Cowshed_LOD2_LOD2_cs_wood_old_wall_up_6_1_nocenter.Xvx.ard
1656	1	!ard\prefabs_Buildings_Cowshed_LOD2_LOD2_cs_wood_old_wall_up_6_2_nocenter.Xvx.ard
1657	1	!ard\prefabs_Buildings_Cowshed_LOD2_LOD2_cs_wood_old_wall_up_corner_1_1_nocenter.Xvx.ard
1658	1	!ard\prefabs_Buildings_Cowshed_LOD2_LOD2_cs_wood_old_wall_up_corner_1_2_nocenter.Xvx.ard
1659	1	!ard\prefabs_Buildings_Cowshed_LOD2_LOD2_cs_wood_old_wall_up_corner_2_1_nocenter.Xvx.ard
1660	1	!ard\prefabs_Buildings_Cowshed_LOD2_LOD2_cs_wood_old_wall_up_corner_2_2_nocenter.Xvx.ard
1661	1	!ard\prefabs_Buildings_Cowshed_LOD2_LOD2_cs_wood_old_wall_up_front_1_1_nocenter.Xvx.ard
1662	1	!ard\prefabs_Buildings_Cowshed_LOD2_LOD2_cs_wood_old_wall_up_front_1_2_nocenter.Xvx.ard
1663	1	!ard\prefabs_Buildings_Cowshed_LOD2_LOD2_cs_wood_painted_door_1_1_nocenter.Xvx.ard
1664	1	!ard\prefabs_Buildings_Cowshed_LOD2_LOD2_cs_wood_painted_door_2_1_nocenter.Xvx.ard
1665	1	!ard\prefabs_Buildings_Cowshed_LOD2_LOD2_cs_wood_painted_door_2_2_nocenter.Xvx.ard
1666	1	!ard\prefabs_Buildings_Cowshed_LOD2_LOD2_cs_wood_painted_floor_1_1_nocenter.Xvx.ard
1667	1	!ard\prefabs_Buildings_Cowshed_LOD2_LOD2_cs_wood_painted_floor_1_2_nocenter.Xvx.ard
1668	1	!ard\prefabs_Buildings_Cowshed_LOD2_LOD2_cs_wood_painted_stairs_1_1_nocenter.Xvx.ard
1669	1	!ard\prefabs_Buildings_Cowshed_LOD2_LOD2_cs_wood_painted_wall_up_1_1_nocenter.Xvx.ard
1670	1	!ard\prefabs_Buildings_Cowshed_LOD2_LOD2_cs_wood_painted_wall_up_2_1_nocenter.Xvx.ard
1671	1	!ard\prefabs_Buildings_Cowshed_LOD2_LOD2_cs_wood_painted_wall_up_3_1_nocenter.Xvx.ard
1672	1	!ard\prefabs_Buildings_Cowshed_LOD2_LOD2_cs_wood_painted_wall_up_4_1_nocenter.Xvx.ard
1673	1	!ard\prefabs_Buildings_Cowshed_LOD2_LOD2_cs_wood_painted_wall_up_5_1_nocenter.Xvx.ard
1674	1	!ard\prefabs_Buildings_Cowshed_LOD2_LOD2_cs_wood_painted_wall_up_6_1_nocenter.Xvx.ard
1675	1	!ard\prefabs_Buildings_Cowshed_LOD2_LOD2_cs_wood_painted_wall_up_corner_1_1_nocenter.Xvx.ard
1676	1	!ard\prefabs_Buildings_Cowshed_LOD2_LOD2_cs_wood_painted_wall_up_corner_2_1_nocenter.Xvx.ard
1677	1	!ard\prefabs_Buildings_Cowshed_LOD2_LOD2_cs_wood_painted_wall_up_front_1_1_nocenter.Xvx.ard
1678	1	!ard\prefabs_Buildings_Cowshed_test_cow_nocenter.Xvx.ard
1679	1	!ard\prefabs_Buildings_doghouse_doghouse_new_nocenter.Xvx.ard
1680	1	!ard\prefabs_Buildings_doghouse_doghouse_nocenter.Xvx.ard
1681	1	!ard\prefabs_Buildings_doghouse_doghouse_painted_nocenter.Xvx.ard
1682	1	!ard\prefabs_Buildings_furniture_bathroom_new_nocenter.Xvx.ard
1683	1	!ard\prefabs_Buildings_furniture_bathroom_old_nocenter.Xvx.ard
1684	1	!ard\prefabs_Buildings_furniture_bathroom_PHYSICS_nocenter.Xvx.ard
1685	1	!ard\prefabs_Buildings_furniture_bedroom_new_nocenter.Xvx.ard
1686	1	!ard\prefabs_Buildings_furniture_bedroom_old_nocenter.Xvx.ard
1687	1	!ard\prefabs_Buildings_furniture_bedroom_PHYSICS_nocenter.Xvx.ard
1688	1	!ard\prefabs_Buildings_furniture_bed_fake1.Xvx.ard
1689	1	!ard\prefabs_Buildings_furniture_fruitbox_apple.Xvx.ard
1690	1	!ard\prefabs_Buildings_furniture_fruitbox_empty.Xvx.ard
1691	1	!ard\prefabs_Buildings_furniture_fruitbox_garlic.Xvx.ard
1692	1	!ard\prefabs_Buildings_furniture_fruitbox_onion.Xvx.ard
1693	1	!ard\prefabs_Buildings_furniture_fruitbox_potato.Xvx.ard
1694	1	!ard\prefabs_Buildings_furniture_f_bedside_cabinet_001.Xvx.ard
1695	1	!ard\prefabs_Buildings_furniture_f_bedside_cabinet_002.Xvx.ard
1696	1	!ard\prefabs_Buildings_furniture_f_bed_001.Xvx.ard
1697	1	!ard\prefabs_Buildings_furniture_f_bed_002.Xvx.ard
1698	1	!ard\prefabs_Buildings_furniture_f_bed_003.Xvx.ard
1699	1	!ard\prefabs_Buildings_furniture_f_bed_child.Xvx.ard
1700	1	!ard\prefabs_Buildings_furniture_f_binder.Xvx.ard
1701	1	!ard\prefabs_Buildings_furniture_f_blanket.Xvx.ard
1702	1	!ard\prefabs_Buildings_furniture_f_blanket_kid.Xvx.ard
1703	1	!ard\prefabs_Buildings_furniture_f_blinds_001.Xvx.ard
1704	1	!ard\prefabs_Buildings_furniture_f_blinds_002.Xvx.ard
1705	1	!ard\prefabs_Buildings_furniture_f_capboard_metal_wood.Xvx.ard
1706	1	!ard\prefabs_Buildings_furniture_f_capboard_wood.Xvx.ard
1707	1	!ard\prefabs_Buildings_furniture_f_chair_001.Xvx.ard
1708	1	!ard\prefabs_Buildings_furniture_f_chair_002.Xvx.ard
1709	1	!ard\prefabs_Buildings_furniture_f_coal.Xvx.ard
1710	1	!ard\prefabs_Buildings_furniture_f_crib_infant_nocenter.Xvx.ard
1711	1	!ard\prefabs_Buildings_furniture_f_crib_new_nocenter.Xvx.ard
1712	1	!ard\prefabs_Buildings_furniture_f_crib_old_nocenter.Xvx.ard
1713	1	!ard\prefabs_Buildings_furniture_f_curtain_001.Xvx.ard
1714	1	!ard\prefabs_Buildings_furniture_f_curtain_002.Xvx.ard
1715	1	!ard\prefabs_Buildings_furniture_f_curtain_003.Xvx.ard
1716	1	!ard\prefabs_Buildings_furniture_f_fridge_001.Xvx.ard
1717	1	!ard\prefabs_Buildings_furniture_f_furnace.Xvx.ard
1718	1	!ard\prefabs_Buildings_furniture_f_heater_001.Xvx.ard
1719	1	!ard\prefabs_Buildings_furniture_f_kitchen_cabinet_001.Xvx.ard
1720	1	!ard\prefabs_Buildings_furniture_f_kitchen_cabinet_002.Xvx.ard
1721	1	!ard\prefabs_Buildings_furniture_f_kitchen_cabinet_003.Xvx.ard
1722	1	!ard\prefabs_Buildings_furniture_f_kitchen_cabinet_004.Xvx.ard
1723	1	!ard\prefabs_Buildings_furniture_f_kitchen_cabinet_005.Xvx.ard
1724	1	!ard\prefabs_Buildings_furniture_f_kitchen_cabinet_006.Xvx.ard
1725	1	!ard\prefabs_Buildings_furniture_f_kitchen_cabinet_007.Xvx.ard
1726	1	!ard\prefabs_Buildings_furniture_f_lamp_001.Xvx.ard
1727	1	!ard\prefabs_Buildings_furniture_f_lamp_002.Xvx.ard
1728	1	!ard\prefabs_Buildings_furniture_f_lamp_003.Xvx.ard
1729	1	!ard\prefabs_Buildings_furniture_f_pipe1.Xvx.ard
1730	1	!ard\prefabs_Buildings_furniture_f_pipe2.Xvx.ard
1731	1	!ard\prefabs_Buildings_furniture_f_pouffe_001.Xvx.ard
1732	1	!ard\prefabs_Buildings_furniture_f_switch_001.Xvx.ard
1733	1	!ard\prefabs_Buildings_furniture_f_switch_002.Xvx.ard
1734	1	!ard\prefabs_Buildings_furniture_f_table_001.Xvx.ard
1735	1	!ard\prefabs_Buildings_furniture_f_table_002.Xvx.ard
1736	1	!ard\prefabs_Buildings_furniture_f_tool_locker001.Xvx.ard
1737	1	!ard\prefabs_Buildings_furniture_f_tool_locker002.Xvx.ard
1738	1	!ard\prefabs_Buildings_furniture_f_tool_locker003.Xvx.ard
1739	1	!ard\prefabs_Buildings_furniture_f_tool_locker004.Xvx.ard
1740	1	!ard\prefabs_Buildings_furniture_f_tv_001.Xvx.ard
1741	1	!ard\prefabs_Buildings_furniture_f_wardobe_003.Xvx.ard
1742	1	!ard\prefabs_Buildings_furniture_f_wardobe_1_shop.Xvx.ard
1743	1	!ard\prefabs_Buildings_furniture_f_wardobe_2_shop.Xvx.ard
1744	1	!ard\prefabs_Buildings_furniture_f_wardobe_3_shop.Xvx.ard
1745	1	!ard\prefabs_Buildings_furniture_f_wardrobe_001.Xvx.ard
1746	1	!ard\prefabs_Buildings_furniture_f_wardrobe_002.Xvx.ard
1747	1	!ard\prefabs_Buildings_furniture_hanger_wardobe_001.Xvx.ard
1748	1	!ard\prefabs_Buildings_furniture_jar001.Xvx.ard
1749	1	!ard\prefabs_Buildings_furniture_jar002.Xvx.ard
1750	1	!ard\prefabs_Buildings_furniture_jar003.Xvx.ard
1751	1	!ard\prefabs_Buildings_furniture_kid1_new_nocenter.Xvx.ard
1752	1	!ard\prefabs_Buildings_furniture_kid1_old_nocenter.Xvx.ard
1753	1	!ard\prefabs_Buildings_furniture_kid1_PHYSICS_nocenter.Xvx.ard
1754	1	!ard\prefabs_Buildings_furniture_kid2_new_nocenter.Xvx.ard
1755	1	!ard\prefabs_Buildings_furniture_kid2_old_nocenter.Xvx.ard
1756	1	!ard\prefabs_Buildings_furniture_kid2_PHYSICS_nocenter.Xvx.ard
1757	1	!ard\prefabs_Buildings_furniture_kitchen_new_nocenter.Xvx.ard
1758	1	!ard\prefabs_Buildings_furniture_kitchen_old_nocenter.Xvx.ard
1759	1	!ard\prefabs_Buildings_furniture_kitchen_PHYSICS_nocenter.Xvx.ard
1760	1	!ard\prefabs_Buildings_furniture_living_room_new_nocenter.Xvx.ard
1761	1	!ard\prefabs_Buildings_furniture_living_room_old_nocenter.Xvx.ard
1762	1	!ard\prefabs_Buildings_furniture_living_room_old_PHYSICS_nocenter.Xvx.ard
1763	1	!ard\prefabs_Buildings_furniture_living_room_PHYSICS_nocenter.Xvx.ard
1764	1	!ard\prefabs_Buildings_Garages_gr_airbrick_fixed_wall_1_1_nocenter.Xvx.ard
1765	1	!ard\prefabs_Buildings_Garages_gr_airbrick_fixed_wall_1_2_nocenter.Xvx.ard
1766	1	!ard\prefabs_Buildings_Garages_gr_airbrick_fixed_wall_2_1_nocenter.Xvx.ard
1767	1	!ard\prefabs_Buildings_Garages_gr_airbrick_fixed_wall_2_2_nocenter.Xvx.ard
1768	1	!ard\prefabs_Buildings_Garages_gr_airbrick_fixed_wall_3_1_nocenter.Xvx.ard
1769	1	!ard\prefabs_Buildings_Garages_gr_airbrick_fixed_wall_3_2_nocenter.Xvx.ard
1770	1	!ard\prefabs_Buildings_Garages_gr_airbrick_fixed_wall_4_1_nocenter.Xvx.ard
1771	1	!ard\prefabs_Buildings_Garages_gr_airbrick_fixed_wall_4_2_nocenter.Xvx.ard
1772	1	!ard\prefabs_Buildings_Garages_gr_airbrick_fixed_wall_corner_1_1_nocenter.Xvx.ard
1773	1	!ard\prefabs_Buildings_Garages_gr_airbrick_fixed_wall_corner_1_2_nocenter.Xvx.ard
1774	1	!ard\prefabs_Buildings_Garages_gr_airbrick_fixed_wall_corner_2_1_nocenter.Xvx.ard
1775	1	!ard\prefabs_Buildings_Garages_gr_airbrick_fixed_wall_corner_2_2_nocenter.Xvx.ard
1776	1	!ard\prefabs_Buildings_Garages_gr_airbrick_fixed_wall_corner_door_2_1_nocenter.Xvx.ard
1777	1	!ard\prefabs_Buildings_Garages_gr_airbrick_fixed_wall_corner_door_2_2_nocenter.Xvx.ard
1778	1	!ard\prefabs_Buildings_Garages_gr_airbrick_fixed_wall_corner_widow_1_1_nocenter.Xvx.ard
1779	1	!ard\prefabs_Buildings_Garages_gr_airbrick_fixed_wall_corner_widow_1_2_nocenter.Xvx.ard
1780	1	!ard\prefabs_Buildings_Garages_gr_airbrick_fixed_wall_corner_window_2_1_nocenter.Xvx.ard
1781	1	!ard\prefabs_Buildings_Garages_gr_airbrick_fixed_wall_corner_window_2_2_nocenter.Xvx.ard
1782	1	!ard\prefabs_Buildings_Garages_gr_airbrick_fixed_wall_door_2_1_nocenter.Xvx.ard
1783	1	!ard\prefabs_Buildings_Garages_gr_airbrick_fixed_wall_door_2_2_nocenter.Xvx.ard
1784	1	!ard\prefabs_Buildings_Garages_gr_airbrick_fixed_wall_gate_1_1_nocenter.Xvx.ard
1785	1	!ard\prefabs_Buildings_Garages_gr_airbrick_fixed_wall_gate_1_2_nocenter.Xvx.ard
1786	1	!ard\prefabs_Buildings_Garages_gr_airbrick_fixed_wall_gate_2_1_nocenter.Xvx.ard
1787	1	!ard\prefabs_Buildings_Garages_gr_airbrick_fixed_wall_gate_3_1_nocenter.Xvx.ard
1788	1	!ard\prefabs_Buildings_Garages_gr_airbrick_fixed_wall_inter_1_1_nocenter.Xvx.ard
1789	1	!ard\prefabs_Buildings_Garages_gr_airbrick_fixed_wall_inter_1_2_nocenter.Xvx.ard
1790	1	!ard\prefabs_Buildings_Garages_gr_airbrick_fixed_wall_inter_2_1_nocenter.Xvx.ard
1791	1	!ard\prefabs_Buildings_Garages_gr_airbrick_fixed_wall_inter_2_2_nocenter.Xvx.ard
1792	1	!ard\prefabs_Buildings_Garages_gr_airbrick_fixed_wall_up_1_1_nocenter.Xvx.ard
1793	1	!ard\prefabs_Buildings_Garages_gr_airbrick_fixed_wall_up_1_2_nocenter.Xvx.ard
1794	1	!ard\prefabs_Buildings_Garages_gr_airbrick_fixed_wall_up_2_1_nocenter.Xvx.ard
1795	1	!ard\prefabs_Buildings_Garages_gr_airbrick_fixed_wall_up_2_2_nocenter.Xvx.ard
1796	1	!ard\prefabs_Buildings_Garages_gr_airbrick_fixed_wall_up_3_1_nocenter.Xvx.ard
1797	1	!ard\prefabs_Buildings_Garages_gr_airbrick_fixed_wall_up_4_1_nocenter.Xvx.ard
1798	1	!ard\prefabs_Buildings_Garages_gr_airbrick_fixed_wall_up_corner_1_1_nocenter.Xvx.ard
1799	1	!ard\prefabs_Buildings_Garages_gr_airbrick_fixed_wall_up_corner_1_2_nocenter.Xvx.ard
1800	1	!ard\prefabs_Buildings_Garages_gr_airbrick_fixed_wall_up_corner_2_1_nocenter.Xvx.ard
1801	1	!ard\prefabs_Buildings_Garages_gr_airbrick_fixed_wall_up_corner_2_2_nocenter.Xvx.ard
1802	1	!ard\prefabs_Buildings_Garages_gr_airbrick_fixed_wall_up_corner_3_1_nocenter.Xvx.ard
1803	1	!ard\prefabs_Buildings_Garages_gr_airbrick_fixed_wall_up_corner_4_1_nocenter.Xvx.ard
1804	1	!ard\prefabs_Buildings_Garages_gr_airbrick_fixed_wall_up_inner_1_1_nocenter.Xvx.ard
1805	1	!ard\prefabs_Buildings_Garages_gr_airbrick_fixed_wall_up_inner_1_2_nocenter.Xvx.ard
1806	1	!ard\prefabs_Buildings_Garages_gr_airbrick_fixed_wall_up_inner_2_1_nocenter.Xvx.ard
1807	1	!ard\prefabs_Buildings_Garages_gr_airbrick_fixed_wall_up_inner_2_2_nocenter.Xvx.ard
1808	1	!ard\prefabs_Buildings_Garages_gr_airbrick_fixed_wall_up_window_1_1_nocenter.Xvx.ard
1809	1	!ard\prefabs_Buildings_Garages_gr_airbrick_fixed_wall_up_window_1_2_nocenter.Xvx.ard
1810	1	!ard\prefabs_Buildings_Garages_gr_airbrick_fixed_wall_up_window_2_1_nocenter.Xvx.ard
1811	1	!ard\prefabs_Buildings_Garages_gr_airbrick_fixed_wall_up_window_2_2_nocenter.Xvx.ard
1812	1	!ard\prefabs_Buildings_Garages_gr_airbrick_fixed_wall_window_1_1_nocenter.Xvx.ard
1813	1	!ard\prefabs_Buildings_Garages_gr_airbrick_fixed_wall_window_1_2_nocenter.Xvx.ard
1814	1	!ard\prefabs_Buildings_Garages_gr_airbrick_new_floor_2_1_nocenter.Xvx.ard
1815	1	!ard\prefabs_Buildings_Garages_gr_airbrick_new_floor_2_2_nocenter.Xvx.ard
1816	1	!ard\prefabs_Buildings_Garages_gr_airbrick_new_floor_2_3_nocenter.Xvx.ard
1817	1	!ard\prefabs_Buildings_Garages_gr_airbrick_new_floor_3_1_nocenter.Xvx.ard
1818	1	!ard\prefabs_Buildings_Garages_gr_airbrick_new_floor_3_2_nocenter.Xvx.ard
1819	1	!ard\prefabs_Buildings_Garages_gr_airbrick_new_floor_3_3_nocenter.Xvx.ard
1820	1	!ard\prefabs_Buildings_Garages_gr_airbrick_new_floor_3_4_nocenter.Xvx.ard
1821	1	!ard\prefabs_Buildings_Garages_gr_airbrick_new_floor_4_1_nocenter.Xvx.ard
1822	1	!ard\prefabs_Buildings_Garages_gr_airbrick_new_stairs_1_1_nocenter.Xvx.ard
1823	1	!ard\prefabs_Buildings_Garages_gr_airbrick_new_wall_1_1_nocenter.Xvx.ard
1824	1	!ard\prefabs_Buildings_Garages_gr_airbrick_new_wall_2_1_nocenter.Xvx.ard
1825	1	!ard\prefabs_Buildings_Garages_gr_airbrick_new_wall_3_1_nocenter.Xvx.ard
1826	1	!ard\prefabs_Buildings_Garages_gr_airbrick_new_wall_4_1_nocenter.Xvx.ard
1827	1	!ard\prefabs_Buildings_Garages_gr_airbrick_new_wall_corner_1_1_nocenter.Xvx.ard
1828	1	!ard\prefabs_Buildings_Garages_gr_airbrick_new_wall_corner_2_1_nocenter.Xvx.ard
1829	1	!ard\prefabs_Buildings_Garages_gr_airbrick_new_wall_corner_door_2_1_nocenter.Xvx.ard
1830	1	!ard\prefabs_Buildings_Garages_gr_airbrick_new_wall_corner_widow_1_1_nocenter.Xvx.ard
1831	1	!ard\prefabs_Buildings_Garages_gr_airbrick_new_wall_corner_window_2_2_nocenter.Xvx.ard
1832	1	!ard\prefabs_Buildings_Garages_gr_airbrick_new_wall_door_2_1_nocenter.Xvx.ard
1833	1	!ard\prefabs_Buildings_Garages_gr_airbrick_new_wall_gate_1_1_nocenter.Xvx.ard
1834	1	!ard\prefabs_Buildings_Garages_gr_airbrick_new_wall_gate_2_1_nocenter.Xvx.ard
1835	1	!ard\prefabs_Buildings_Garages_gr_airbrick_new_wall_gate_3_1_nocenter.Xvx.ard
1836	1	!ard\prefabs_Buildings_Garages_gr_airbrick_new_wall_inter_1_1_nocenter.Xvx.ard
1837	1	!ard\prefabs_Buildings_Garages_gr_airbrick_new_wall_inter_2_1_nocenter.Xvx.ard
1838	1	!ard\prefabs_Buildings_Garages_gr_airbrick_new_wall_up_1_1_nocenter.Xvx.ard
1839	1	!ard\prefabs_Buildings_Garages_gr_airbrick_new_wall_up_2_1_nocenter.Xvx.ard
1840	1	!ard\prefabs_Buildings_Garages_gr_airbrick_new_wall_up_3_1_nocenter.Xvx.ard
1841	1	!ard\prefabs_Buildings_Garages_gr_airbrick_new_wall_up_4_1_nocenter.Xvx.ard
1842	1	!ard\prefabs_Buildings_Garages_gr_airbrick_new_wall_up_corner_1_1_nocenter.Xvx.ard
1843	1	!ard\prefabs_Buildings_Garages_gr_airbrick_new_wall_up_corner_2_1_nocenter.Xvx.ard
1844	1	!ard\prefabs_Buildings_Garages_gr_airbrick_new_wall_up_corner_3_1_nocenter.Xvx.ard
1845	1	!ard\prefabs_Buildings_Garages_gr_airbrick_new_wall_up_corner_4_1_nocenter.Xvx.ard
1846	1	!ard\prefabs_Buildings_Garages_gr_airbrick_new_wall_up_inner_1_1_nocenter.Xvx.ard
1847	1	!ard\prefabs_Buildings_Garages_gr_airbrick_new_wall_up_inner_2_1_nocenter.Xvx.ard
1848	1	!ard\prefabs_Buildings_Garages_gr_airbrick_new_wall_up_window_1_1_nocenter.Xvx.ard
1849	1	!ard\prefabs_Buildings_Garages_gr_airbrick_new_wall_up_window_2_1_nocenter.Xvx.ard
1850	1	!ard\prefabs_Buildings_Garages_gr_airbrick_new_wall_window_1_1_nocenter.Xvx.ard
1851	1	!ard\prefabs_Buildings_Garages_gr_airbrick_old_wall_1_2_nocenter.Xvx.ard
1852	1	!ard\prefabs_Buildings_Garages_gr_airbrick_old_wall_2_2_nocenter.Xvx.ard
1853	1	!ard\prefabs_Buildings_Garages_gr_airbrick_old_wall_3_2_nocenter.Xvx.ard
1854	1	!ard\prefabs_Buildings_Garages_gr_airbrick_old_wall_4_2_nocenter.Xvx.ard
1855	1	!ard\prefabs_Buildings_Garages_gr_airbrick_old_wall_corner_1_2_nocenter.Xvx.ard
1856	1	!ard\prefabs_Buildings_Garages_gr_airbrick_old_wall_corner_2_2_nocenter.Xvx.ard
1857	1	!ard\prefabs_Buildings_Garages_gr_airbrick_old_wall_corner_door_2_2_nocenter.Xvx.ard
1858	1	!ard\prefabs_Buildings_Garages_gr_airbrick_old_wall_corner_widow_1_2_nocenter.Xvx.ard
1859	1	!ard\prefabs_Buildings_Garages_gr_airbrick_old_wall_corner_window_2_2_nocenter.Xvx.ard
1860	1	!ard\prefabs_Buildings_Garages_gr_airbrick_old_wall_door_2_2_nocenter.Xvx.ard
1861	1	!ard\prefabs_Buildings_Garages_gr_airbrick_old_wall_gate_1_2_nocenter.Xvx.ard
1862	1	!ard\prefabs_Buildings_Garages_gr_airbrick_old_wall_inter_1_2_nocenter.Xvx.ard
1863	1	!ard\prefabs_Buildings_Garages_gr_airbrick_old_wall_inter_2_2_nocenter.Xvx.ard
1864	1	!ard\prefabs_Buildings_Garages_gr_airbrick_old_wall_up_1_2_nocenter.Xvx.ard
1865	1	!ard\prefabs_Buildings_Garages_gr_airbrick_old_wall_up_2_2_nocenter.Xvx.ard
1866	1	!ard\prefabs_Buildings_Garages_gr_airbrick_old_wall_up_corner_1_2_nocenter.Xvx.ard
1867	1	!ard\prefabs_Buildings_Garages_gr_airbrick_old_wall_up_corner_2_2_nocenter.Xvx.ard
1868	1	!ard\prefabs_Buildings_Garages_gr_airbrick_old_wall_up_inner_1_2_nocenter.Xvx.ard
1869	1	!ard\prefabs_Buildings_Garages_gr_airbrick_old_wall_up_inner_2_2_nocenter.Xvx.ard
1870	1	!ard\prefabs_Buildings_Garages_gr_airbrick_old_wall_up_window_1_2_nocenter.Xvx.ard
1871	1	!ard\prefabs_Buildings_Garages_gr_airbrick_old_wall_up_window_2_2_nocenter.Xvx.ard
1872	1	!ard\prefabs_Buildings_Garages_gr_airbrick_old_wall_window_1_2_nocenter.Xvx.ard
1873	1	!ard\prefabs_Buildings_Garages_gr_airbrick_painted_wall_1_1_nocenter.Xvx.ard
1874	1	!ard\prefabs_Buildings_Garages_gr_airbrick_painted_wall_2_1_nocenter.Xvx.ard
1875	1	!ard\prefabs_Buildings_Garages_gr_airbrick_painted_wall_3_1_nocenter.Xvx.ard
1876	1	!ard\prefabs_Buildings_Garages_gr_airbrick_painted_wall_4_1_nocenter.Xvx.ard
1877	1	!ard\prefabs_Buildings_Garages_gr_airbrick_painted_wall_corner_1_1_nocenter.Xvx.ard
1878	1	!ard\prefabs_Buildings_Garages_gr_airbrick_painted_wall_corner_2_1_nocenter.Xvx.ard
1879	1	!ard\prefabs_Buildings_Garages_gr_airbrick_painted_wall_corner_door_2_1_nocenter.Xvx.ard
1880	1	!ard\prefabs_Buildings_Garages_gr_airbrick_painted_wall_corner_widow_1_1_nocenter.Xvx.ard
1881	1	!ard\prefabs_Buildings_Garages_gr_airbrick_painted_wall_corner_window_2_2_nocenter.Xvx.ard
1882	1	!ard\prefabs_Buildings_Garages_gr_airbrick_painted_wall_door_2_1_nocenter.Xvx.ard
1883	1	!ard\prefabs_Buildings_Garages_gr_airbrick_painted_wall_gate_1_1_nocenter.Xvx.ard
1884	1	!ard\prefabs_Buildings_Garages_gr_airbrick_painted_wall_gate_2_1_nocenter.Xvx.ard
1885	1	!ard\prefabs_Buildings_Garages_gr_airbrick_painted_wall_gate_3_1_nocenter.Xvx.ard
1886	1	!ard\prefabs_Buildings_Garages_gr_airbrick_painted_wall_inter_1_1_nocenter.Xvx.ard
1887	1	!ard\prefabs_Buildings_Garages_gr_airbrick_painted_wall_inter_2_1_nocenter.Xvx.ard
1888	1	!ard\prefabs_Buildings_Garages_gr_airbrick_painted_wall_up_1_1_nocenter.Xvx.ard
1889	1	!ard\prefabs_Buildings_Garages_gr_airbrick_painted_wall_up_2_1_nocenter.Xvx.ard
1890	1	!ard\prefabs_Buildings_Garages_gr_airbrick_painted_wall_up_3_1_nocenter.Xvx.ard
1891	1	!ard\prefabs_Buildings_Garages_gr_airbrick_painted_wall_up_4_1_nocenter.Xvx.ard
1892	1	!ard\prefabs_Buildings_Garages_gr_airbrick_painted_wall_up_corner_1_1_nocenter.Xvx.ard
1893	1	!ard\prefabs_Buildings_Garages_gr_airbrick_painted_wall_up_corner_2_1_nocenter.Xvx.ard
1894	1	!ard\prefabs_Buildings_Garages_gr_airbrick_painted_wall_up_corner_3_1_nocenter.Xvx.ard
1895	1	!ard\prefabs_Buildings_Garages_gr_airbrick_painted_wall_up_corner_4_1_nocenter.Xvx.ard
1896	1	!ard\prefabs_Buildings_Garages_gr_airbrick_painted_wall_up_inner_1_1_nocenter.Xvx.ard
1897	1	!ard\prefabs_Buildings_Garages_gr_airbrick_painted_wall_up_inner_2_1_nocenter.Xvx.ard
1898	1	!ard\prefabs_Buildings_Garages_gr_airbrick_painted_wall_up_window_1_1_nocenter.Xvx.ard
1899	1	!ard\prefabs_Buildings_Garages_gr_airbrick_painted_wall_up_window_2_1_nocenter.Xvx.ard
1900	1	!ard\prefabs_Buildings_Garages_gr_airbrick_painted_wall_window_1_1_nocenter.Xvx.ard
1901	1	!ard\prefabs_Buildings_Garages_gr_bitumen_new_roof_1_1_nocenter.Xvx.ard
1902	1	!ard\prefabs_Buildings_Garages_gr_bitumen_new_roof_2_1_nocenter.Xvx.ard
1903	1	!ard\prefabs_Buildings_Garages_gr_bitumen_new_roof_3_1_nocenter.Xvx.ard
1904	1	!ard\prefabs_Buildings_Garages_gr_bitumen_new_roof_4_1_nocenter.Xvx.ard
1905	1	!ard\prefabs_Buildings_Garages_gr_bitumen_new_roof_5_1_nocenter.Xvx.ard
1906	1	!ard\prefabs_Buildings_Garages_gr_bitumen_new_roof_5_2_nocenter.Xvx.ard
1907	1	!ard\prefabs_Buildings_Garages_gr_brick_fixed_wall_1_1_nocenter.Xvx.ard
1908	1	!ard\prefabs_Buildings_Garages_gr_brick_fixed_wall_1_2_nocenter.Xvx.ard
1909	1	!ard\prefabs_Buildings_Garages_gr_brick_fixed_wall_2_1_nocenter.Xvx.ard
1910	1	!ard\prefabs_Buildings_Garages_gr_brick_fixed_wall_2_2_nocenter.Xvx.ard
1911	1	!ard\prefabs_Buildings_Garages_gr_brick_fixed_wall_3_1_nocenter.Xvx.ard
1912	1	!ard\prefabs_Buildings_Garages_gr_brick_fixed_wall_3_2_nocenter.Xvx.ard
1913	1	!ard\prefabs_Buildings_Garages_gr_brick_fixed_wall_4_1_nocenter.Xvx.ard
1914	1	!ard\prefabs_Buildings_Garages_gr_brick_fixed_wall_4_2_nocenter.Xvx.ard
1915	1	!ard\prefabs_Buildings_Garages_gr_brick_fixed_wall_corner_1_1_nocenter.Xvx.ard
1916	1	!ard\prefabs_Buildings_Garages_gr_brick_fixed_wall_corner_1_2_nocenter.Xvx.ard
1917	1	!ard\prefabs_Buildings_Garages_gr_brick_fixed_wall_corner_2_1_nocenter.Xvx.ard
1918	1	!ard\prefabs_Buildings_Garages_gr_brick_fixed_wall_corner_2_2_nocenter.Xvx.ard
1919	1	!ard\prefabs_Buildings_Garages_gr_brick_fixed_wall_corner_door_2_1_nocenter.Xvx.ard
1920	1	!ard\prefabs_Buildings_Garages_gr_brick_fixed_wall_corner_door_2_2_nocenter.Xvx.ard
1921	1	!ard\prefabs_Buildings_Garages_gr_brick_fixed_wall_corner_widow_1_1_nocenter.Xvx.ard
1922	1	!ard\prefabs_Buildings_Garages_gr_brick_fixed_wall_corner_widow_1_2_nocenter.Xvx.ard
1923	1	!ard\prefabs_Buildings_Garages_gr_brick_fixed_wall_corner_window_2_1_nocenter.Xvx.ard
1924	1	!ard\prefabs_Buildings_Garages_gr_brick_fixed_wall_corner_window_2_2_nocenter.Xvx.ard
1925	1	!ard\prefabs_Buildings_Garages_gr_brick_fixed_wall_door_2_1_nocenter.Xvx.ard
1926	1	!ard\prefabs_Buildings_Garages_gr_brick_fixed_wall_door_2_2_nocenter.Xvx.ard
1927	1	!ard\prefabs_Buildings_Garages_gr_brick_fixed_wall_gate_1_1_nocenter.Xvx.ard
1928	1	!ard\prefabs_Buildings_Garages_gr_brick_fixed_wall_gate_1_2_nocenter.Xvx.ard
1929	1	!ard\prefabs_Buildings_Garages_gr_brick_fixed_wall_gate_2_1_nocenter.Xvx.ard
1930	1	!ard\prefabs_Buildings_Garages_gr_brick_fixed_wall_gate_3_1_nocenter.Xvx.ard
1931	1	!ard\prefabs_Buildings_Garages_gr_brick_fixed_wall_inter_1_1_nocenter.Xvx.ard
1932	1	!ard\prefabs_Buildings_Garages_gr_brick_fixed_wall_inter_1_2_nocenter.Xvx.ard
1933	1	!ard\prefabs_Buildings_Garages_gr_brick_fixed_wall_inter_2_1_nocenter.Xvx.ard
1934	1	!ard\prefabs_Buildings_Garages_gr_brick_fixed_wall_inter_2_2_nocenter.Xvx.ard
1935	1	!ard\prefabs_Buildings_Garages_gr_brick_fixed_wall_up_1_1_nocenter.Xvx.ard
1936	1	!ard\prefabs_Buildings_Garages_gr_brick_fixed_wall_up_2_1_nocenter.Xvx.ard
1937	1	!ard\prefabs_Buildings_Garages_gr_brick_fixed_wall_up_3_1_nocenter.Xvx.ard
1938	1	!ard\prefabs_Buildings_Garages_gr_brick_fixed_wall_up_4_1_nocenter.Xvx.ard
1939	1	!ard\prefabs_Buildings_Garages_gr_brick_fixed_wall_up_corner_1_1_nocenter.Xvx.ard
1940	1	!ard\prefabs_Buildings_Garages_gr_brick_fixed_wall_up_corner_2_1_nocenter.Xvx.ard
1941	1	!ard\prefabs_Buildings_Garages_gr_brick_fixed_wall_up_window_1_1_nocenter.Xvx.ard
1942	1	!ard\prefabs_Buildings_Garages_gr_brick_fixed_wall_up_window_2_1_nocenter.Xvx.ard
1943	1	!ard\prefabs_Buildings_Garages_gr_brick_fixed_wall_window_1_1_nocenter.Xvx.ard
1944	1	!ard\prefabs_Buildings_Garages_gr_brick_fixed_wall_window_1_2_nocenter.Xvx.ard
1945	1	!ard\prefabs_Buildings_Garages_gr_brick_new_wall_1_1_nocenter.Xvx.ard
1946	1	!ard\prefabs_Buildings_Garages_gr_brick_new_wall_2_1_nocenter.Xvx.ard
1947	1	!ard\prefabs_Buildings_Garages_gr_brick_new_wall_3_1_nocenter.Xvx.ard
1948	1	!ard\prefabs_Buildings_Garages_gr_brick_new_wall_4_1_nocenter.Xvx.ard
1949	1	!ard\prefabs_Buildings_Garages_gr_brick_new_wall_corner_1_1_nocenter.Xvx.ard
1950	1	!ard\prefabs_Buildings_Garages_gr_brick_new_wall_corner_2_1_nocenter.Xvx.ard
1951	1	!ard\prefabs_Buildings_Garages_gr_brick_new_wall_corner_door_2_1_nocenter.Xvx.ard
1952	1	!ard\prefabs_Buildings_Garages_gr_brick_new_wall_corner_widow_1_1_nocenter.Xvx.ard
1953	1	!ard\prefabs_Buildings_Garages_gr_brick_new_wall_corner_window_2_1_nocenter.Xvx.ard
1954	1	!ard\prefabs_Buildings_Garages_gr_brick_new_wall_door_2_2_nocenter.Xvx.ard
1955	1	!ard\prefabs_Buildings_Garages_gr_brick_new_wall_gate_1_1_nocenter.Xvx.ard
1956	1	!ard\prefabs_Buildings_Garages_gr_brick_new_wall_gate_2_1_nocenter.Xvx.ard
1957	1	!ard\prefabs_Buildings_Garages_gr_brick_new_wall_gate_3_1_nocenter.Xvx.ard
1958	1	!ard\prefabs_Buildings_Garages_gr_brick_new_wall_inter_1_1_nocenter.Xvx.ard
1959	1	!ard\prefabs_Buildings_Garages_gr_brick_new_wall_inter_2_1_nocenter.Xvx.ard
1960	1	!ard\prefabs_Buildings_Garages_gr_brick_new_wall_up_1_1_nocenter.Xvx.ard
1961	1	!ard\prefabs_Buildings_Garages_gr_brick_new_wall_up_2_1_nocenter.Xvx.ard
1962	1	!ard\prefabs_Buildings_Garages_gr_brick_new_wall_up_3_1_nocenter.Xvx.ard
1963	1	!ard\prefabs_Buildings_Garages_gr_brick_new_wall_up_4_1_nocenter.Xvx.ard
1964	1	!ard\prefabs_Buildings_Garages_gr_brick_new_wall_up_corner_1_1_nocenter.Xvx.ard
1965	1	!ard\prefabs_Buildings_Garages_gr_brick_new_wall_up_corner_2_1_nocenter.Xvx.ard
1966	1	!ard\prefabs_Buildings_Garages_gr_brick_new_wall_up_corner_3_1_nocenter.Xvx.ard
1967	1	!ard\prefabs_Buildings_Garages_gr_brick_new_wall_up_corner_4_1_nocenter.Xvx.ard
1968	1	!ard\prefabs_Buildings_Garages_gr_brick_new_wall_up_window_1_1_nocenter.Xvx.ard
1969	1	!ard\prefabs_Buildings_Garages_gr_brick_new_wall_up_window_2_1_nocenter.Xvx.ard
1970	1	!ard\prefabs_Buildings_Garages_gr_brick_new_wall_window_1_1_nocenter.Xvx.ard
1971	1	!ard\prefabs_Buildings_Garages_gr_brick_old_wall_1_2_nocenter.Xvx.ard
1972	1	!ard\prefabs_Buildings_Garages_gr_brick_old_wall_2_2_nocenter.Xvx.ard
1973	1	!ard\prefabs_Buildings_Garages_gr_brick_old_wall_3_2_nocenter.Xvx.ard
1974	1	!ard\prefabs_Buildings_Garages_gr_brick_old_wall_4_2_nocenter.Xvx.ard
1975	1	!ard\prefabs_Buildings_Garages_gr_brick_old_wall_corner_1_2_nocenter.Xvx.ard
1976	1	!ard\prefabs_Buildings_Garages_gr_brick_old_wall_corner_2_2_nocenter.Xvx.ard
1977	1	!ard\prefabs_Buildings_Garages_gr_brick_old_wall_corner_door_2_2_nocenter.Xvx.ard
1978	1	!ard\prefabs_Buildings_Garages_gr_brick_old_wall_corner_widow_1_2_nocenter.Xvx.ard
1979	1	!ard\prefabs_Buildings_Garages_gr_brick_old_wall_corner_window_2_2_nocenter.Xvx.ard
1980	1	!ard\prefabs_Buildings_Garages_gr_brick_old_wall_door_2_2_nocenter.Xvx.ard
1981	1	!ard\prefabs_Buildings_Garages_gr_brick_old_wall_gate_1_2_nocenter.Xvx.ard
1982	1	!ard\prefabs_Buildings_Garages_gr_brick_old_wall_inter_1_2_nocenter.Xvx.ard
1983	1	!ard\prefabs_Buildings_Garages_gr_brick_old_wall_inter_2_2_nocenter.Xvx.ard
1984	1	!ard\prefabs_Buildings_Garages_gr_brick_old_wall_up_corner_3_1_nocenter.Xvx.ard
1985	1	!ard\prefabs_Buildings_Garages_gr_brick_old_wall_up_corner_4_1_nocenter.Xvx.ard
1986	1	!ard\prefabs_Buildings_Garages_gr_brick_old_wall_window_1_2_nocenter.Xvx.ard
1987	1	!ard\prefabs_Buildings_Garages_gr_ceramic_new_roof_1_1_nocenter.Xvx.ard
1988	1	!ard\prefabs_Buildings_Garages_gr_ceramic_new_roof_2_1_nocenter.Xvx.ard
1989	1	!ard\prefabs_Buildings_Garages_gr_lamp_1_1_nocenter.Xvx.ard
1990	1	!ard\prefabs_Buildings_Garages_gr_lamp_2_1_nocenter.Xvx.ard
1991	1	!ard\prefabs_Buildings_Garages_gr_metal_new_door_1_1_nocenter.Xvx.ard
1992	1	!ard\prefabs_Buildings_Garages_gr_metal_new_gate_1_1_nocenter.Xvx.ard
1993	1	!ard\prefabs_Buildings_Garages_gr_metal_new_gate_2_1_nocenter.Xvx.ard
1994	1	!ard\prefabs_Buildings_Garages_gr_metal_new_roof_1_1_nocenter.Xvx.ard
1995	1	!ard\prefabs_Buildings_Garages_gr_metal_new_roof_2_1_nocenter.Xvx.ard
1996	1	!ard\prefabs_Buildings_Garages_gr_metal_new_roof_3_1_nocenter.Xvx.ard
1997	1	!ard\prefabs_Buildings_Garages_gr_metal_new_roof_4_1_nocenter.Xvx.ard
1998	1	!ard\prefabs_Buildings_Garages_gr_metal_new_roof_lattice_1_1_nocenter.Xvx.ard
1999	1	!ard\prefabs_Buildings_Garages_gr_metal_new_roof_lattice_1_2_nocenter.Xvx.ard
2000	1	!ard\prefabs_Buildings_Garages_gr_metal_new_roof_lattice_1_3_nocenter.Xvx.ard
2001	1	!ard\prefabs_Buildings_Garages_gr_PV_new_roof_5_1_nocenter.Xvx.ard
2002	1	!ard\prefabs_Buildings_Garages_gr_PV_new_roof_5_2_nocenter.Xvx.ard
2003	1	!ard\prefabs_Buildings_Garages_gr_seeds_plane_nocenter.Xvx.ard
2004	1	!ard\prefabs_Buildings_Garages_gr_wood_fixed_gate_1_1_nocenter.Xvx.ard
2005	1	!ard\prefabs_Buildings_Garages_gr_wood_fixed_gate_1_2_nocenter.Xvx.ard
2006	1	!ard\prefabs_Buildings_Garages_gr_wood_fixed_gate_1_3_nocenter.Xvx.ard
2007	1	!ard\prefabs_Buildings_Garages_gr_wood_fixed_gate_2_1_nocenter.Xvx.ard
2008	1	!ard\prefabs_Buildings_Garages_gr_wood_fixed_gate_2_2_nocenter.Xvx.ard
2009	1	!ard\prefabs_Buildings_Garages_gr_wood_fixed_gate_2_3_nocenter.Xvx.ard
2010	1	!ard\prefabs_Buildings_Garages_gr_wood_fixed_roof_1_1_nocenter.Xvx.ard
2011	1	!ard\prefabs_Buildings_Garages_gr_wood_fixed_roof_1_2_nocenter.Xvx.ard
2012	1	!ard\prefabs_Buildings_Garages_gr_wood_fixed_roof_1_3_nocenter.Xvx.ard
2013	1	!ard\prefabs_Buildings_Garages_gr_wood_fixed_roof_1_4_nocenter.Xvx.ard
2014	1	!ard\prefabs_Buildings_Garages_gr_wood_new_gate_1_1_nocenter.Xvx.ard
2015	1	!ard\prefabs_Buildings_Garages_gr_wood_new_gate_2_1_nocenter.Xvx.ard
2016	1	!ard\prefabs_Buildings_Garages_gr_wood_new_roof_1_1_nocenter.Xvx.ard
2017	1	!ard\prefabs_Buildings_Garages_gr_wood_new_roof_1_2_nocenter.Xvx.ard
2018	1	!ard\prefabs_Buildings_Garages_gr_wood_new_roof_1_3_nocenter.Xvx.ard
2019	1	!ard\prefabs_Buildings_Garages_gr_wood_new_roof_1_4_nocenter.Xvx.ard
2020	1	!ard\prefabs_Buildings_Garages_gr_wood_new_roof_1_5_nocenter.Xvx.ard
2021	1	!ard\prefabs_Buildings_Garages_gr_wood_new_roof_2_1_nocenter.Xvx.ard
2022	1	!ard\prefabs_Buildings_Garages_gr_wood_old_gate_1_2_nocenter.Xvx.ard
2023	1	!ard\prefabs_Buildings_Garages_gr_wood_old_gate_1_3_nocenter.Xvx.ard
2024	1	!ard\prefabs_Buildings_Garages_gr_wood_old_gate_2_2_nocenter.Xvx.ard
2025	1	!ard\prefabs_Buildings_Garages_gr_wood_old_gate_2_3_nocenter.Xvx.ard
2026	1	!ard\prefabs_Buildings_Garages_gr_wood_old_roof_1_2_nocenter.Xvx.ard
2027	1	!ard\prefabs_Buildings_Garages_gr_wood_old_roof_1_3_nocenter.Xvx.ard
2028	1	!ard\prefabs_Buildings_Garages_gr_wood_old_roof_1_4_nocenter.Xvx.ard
2029	1	!ard\prefabs_Buildings_Garages_gr_wood_painted_gate_1_1_nocenter.Xvx.ard
2030	1	!ard\prefabs_Buildings_Garages_gr_wood_painted_gate_2_1_nocenter.Xvx.ard
2031	1	!ard\prefabs_Buildings_Garages_gr_wood_painted_roof_1_1_nocenter.Xvx.ard
2032	1	!ard\prefabs_Buildings_Garages_gr_wood_painted_roof_2_1_nocenter.Xvx.ard
2033	1	!ard\prefabs_Buildings_Garages_LOD1_LOD1_gr_metal_new_gate_2_1_nocenter.Xvx.ard
2034	1	!ard\prefabs_Buildings_Garages_LOD1_LOD1_gr_metal_new_roof_2_1_nocenter.Xvx.ard
2035	1	!ard\prefabs_Buildings_Garages_LOD1_LOD1_gr_metal_new_roof_4_1_nocenter.Xvx.ard
2036	1	!ard\prefabs_Buildings_Garages_LOD1_LOD1_gr_metal_new_roof_lattice_1_2_nocenter.Xvx.ard
2037	1	!ard\prefabs_Buildings_Garages_LOD1_LOD1_gr_metal_new_roof_lattice_1_3_nocenter.Xvx.ard
2038	1	!ard\prefabs_Buildings_Garages_LOD1_LOD1_gr_wood_new_gate_1_1_nocenter.Xvx.ard
2039	1	!ard\prefabs_Buildings_Garages_LOD1_LOD1_gr_wood_new_gate_2_1_nocenter.Xvx.ard
2040	1	!ard\prefabs_Buildings_Garages_LOD1_LOD1_gr_wood_painted_gate_1_1_nocenter.Xvx.ard
2041	1	!ard\prefabs_Buildings_Garages_LOD1_LOD1_gr_wood_painted_gate_2_1_nocenter.Xvx.ard
2042	1	!ard\prefabs_Buildings_Garages_LOD2_LOD2_gr_airbrick_fixed_wall_1_1_nocenter.Xvx.ard
2043	1	!ard\prefabs_Buildings_Garages_LOD2_LOD2_gr_airbrick_fixed_wall_1_2_nocenter.Xvx.ard
2044	1	!ard\prefabs_Buildings_Garages_LOD2_LOD2_gr_airbrick_fixed_wall_2_1_nocenter.Xvx.ard
2045	1	!ard\prefabs_Buildings_Garages_LOD2_LOD2_gr_airbrick_fixed_wall_2_2_nocenter.Xvx.ard
2046	1	!ard\prefabs_Buildings_Garages_LOD2_LOD2_gr_airbrick_fixed_wall_3_2_nocenter.Xvx.ard
2047	1	!ard\prefabs_Buildings_Garages_LOD2_LOD2_gr_airbrick_fixed_wall_4_2_nocenter.Xvx.ard
2048	1	!ard\prefabs_Buildings_Garages_LOD2_LOD2_gr_airbrick_fixed_wall_corner_1_1_nocenter.Xvx.ard
2049	1	!ard\prefabs_Buildings_Garages_LOD2_LOD2_gr_airbrick_fixed_wall_corner_1_2_nocenter.Xvx.ard
2050	1	!ard\prefabs_Buildings_Garages_LOD2_LOD2_gr_airbrick_fixed_wall_corner_2_1_nocenter.Xvx.ard
2051	1	!ard\prefabs_Buildings_Garages_LOD2_LOD2_gr_airbrick_fixed_wall_corner_2_2_nocenter.Xvx.ard
2052	1	!ard\prefabs_Buildings_Garages_LOD2_LOD2_gr_airbrick_fixed_wall_corner_door_2_1_nocenter.Xvx.ard
2053	1	!ard\prefabs_Buildings_Garages_LOD2_LOD2_gr_airbrick_fixed_wall_corner_door_2_2_nocenter.Xvx.ard
2054	1	!ard\prefabs_Buildings_Garages_LOD2_LOD2_gr_airbrick_fixed_wall_corner_widow_1_1_nocenter.Xvx.ard
2055	1	!ard\prefabs_Buildings_Garages_LOD2_LOD2_gr_airbrick_fixed_wall_corner_widow_1_2_nocenter.Xvx.ard
2056	1	!ard\prefabs_Buildings_Garages_LOD2_LOD2_gr_airbrick_fixed_wall_corner_window_2_1_nocenter.Xvx.ard
2057	1	!ard\prefabs_Buildings_Garages_LOD2_LOD2_gr_airbrick_fixed_wall_corner_window_2_2_nocenter.Xvx.ard
2058	1	!ard\prefabs_Buildings_Garages_LOD2_LOD2_gr_airbrick_fixed_wall_door_2_1_nocenter.Xvx.ard
2059	1	!ard\prefabs_Buildings_Garages_LOD2_LOD2_gr_airbrick_fixed_wall_door_2_2_nocenter.Xvx.ard
2060	1	!ard\prefabs_Buildings_Garages_LOD2_LOD2_gr_airbrick_fixed_wall_gate_1_1_nocenter.Xvx.ard
2061	1	!ard\prefabs_Buildings_Garages_LOD2_LOD2_gr_airbrick_fixed_wall_gate_1_2_nocenter.Xvx.ard
2062	1	!ard\prefabs_Buildings_Garages_LOD2_LOD2_gr_airbrick_fixed_wall_gate_2_1_nocenter.Xvx.ard
2063	1	!ard\prefabs_Buildings_Garages_LOD2_LOD2_gr_airbrick_fixed_wall_gate_3_1_nocenter.Xvx.ard
2064	1	!ard\prefabs_Buildings_Garages_LOD2_LOD2_gr_airbrick_fixed_wall_inter_1_1_nocenter.Xvx.ard
2065	1	!ard\prefabs_Buildings_Garages_LOD2_LOD2_gr_airbrick_fixed_wall_inter_1_2_nocenter.Xvx.ard
2066	1	!ard\prefabs_Buildings_Garages_LOD2_LOD2_gr_airbrick_fixed_wall_inter_2_1_nocenter.Xvx.ard
2067	1	!ard\prefabs_Buildings_Garages_LOD2_LOD2_gr_airbrick_fixed_wall_inter_2_2_nocenter.Xvx.ard
2068	1	!ard\prefabs_Buildings_Garages_LOD2_LOD2_gr_airbrick_fixed_wall_up_1_1_nocenter.Xvx.ard
2069	1	!ard\prefabs_Buildings_Garages_LOD2_LOD2_gr_airbrick_fixed_wall_up_1_2_nocenter.Xvx.ard
2070	1	!ard\prefabs_Buildings_Garages_LOD2_LOD2_gr_airbrick_fixed_wall_up_2_1_nocenter.Xvx.ard
2071	1	!ard\prefabs_Buildings_Garages_LOD2_LOD2_gr_airbrick_fixed_wall_up_2_2_nocenter.Xvx.ard
2072	1	!ard\prefabs_Buildings_Garages_LOD2_LOD2_gr_airbrick_fixed_wall_up_3_1_nocenter.Xvx.ard
2073	1	!ard\prefabs_Buildings_Garages_LOD2_LOD2_gr_airbrick_fixed_wall_up_4_1_nocenter.Xvx.ard
2074	1	!ard\prefabs_Buildings_Garages_LOD2_LOD2_gr_airbrick_fixed_wall_up_corner_1_1_nocenter.Xvx.ard
2075	1	!ard\prefabs_Buildings_Garages_LOD2_LOD2_gr_airbrick_fixed_wall_up_corner_1_2_nocenter.Xvx.ard
2076	1	!ard\prefabs_Buildings_Garages_LOD2_LOD2_gr_airbrick_fixed_wall_up_corner_2_1_nocenter.Xvx.ard
2077	1	!ard\prefabs_Buildings_Garages_LOD2_LOD2_gr_airbrick_fixed_wall_up_corner_2_2_nocenter.Xvx.ard
2078	1	!ard\prefabs_Buildings_Garages_LOD2_LOD2_gr_airbrick_fixed_wall_up_corner_3_1_nocenter.Xvx.ard
2079	1	!ard\prefabs_Buildings_Garages_LOD2_LOD2_gr_airbrick_fixed_wall_up_corner_4_1_nocenter.Xvx.ard
2080	1	!ard\prefabs_Buildings_Garages_LOD2_LOD2_gr_airbrick_fixed_wall_up_inner_1_1_nocenter.Xvx.ard
2081	1	!ard\prefabs_Buildings_Garages_LOD2_LOD2_gr_airbrick_fixed_wall_up_inner_1_2_nocenter.Xvx.ard
2082	1	!ard\prefabs_Buildings_Garages_LOD2_LOD2_gr_airbrick_fixed_wall_up_inner_2_1_nocenter.Xvx.ard
2083	1	!ard\prefabs_Buildings_Garages_LOD2_LOD2_gr_airbrick_fixed_wall_up_inner_2_2_nocenter.Xvx.ard
2084	1	!ard\prefabs_Buildings_Garages_LOD2_LOD2_gr_airbrick_fixed_wall_up_window_1_1_nocenter.Xvx.ard
2085	1	!ard\prefabs_Buildings_Garages_LOD2_LOD2_gr_airbrick_fixed_wall_up_window_1_2_nocenter.Xvx.ard
2086	1	!ard\prefabs_Buildings_Garages_LOD2_LOD2_gr_airbrick_fixed_wall_up_window_2_1_nocenter.Xvx.ard
2087	1	!ard\prefabs_Buildings_Garages_LOD2_LOD2_gr_airbrick_fixed_wall_up_window_2_2_nocenter.Xvx.ard
2088	1	!ard\prefabs_Buildings_Garages_LOD2_LOD2_gr_airbrick_fixed_wall_window_1_1_nocenter.Xvx.ard
2089	1	!ard\prefabs_Buildings_Garages_LOD2_LOD2_gr_airbrick_fixed_wall_window_1_2_nocenter.Xvx.ard
2090	1	!ard\prefabs_Buildings_Garages_LOD2_LOD2_gr_airbrick_new_wall_1_1_nocenter.Xvx.ard
2091	1	!ard\prefabs_Buildings_Garages_LOD2_LOD2_gr_airbrick_new_wall_2_1_nocenter.Xvx.ard
2092	1	!ard\prefabs_Buildings_Garages_LOD2_LOD2_gr_airbrick_new_wall_corner_1_1_nocenter.Xvx.ard
2093	1	!ard\prefabs_Buildings_Garages_LOD2_LOD2_gr_airbrick_new_wall_corner_2_1_nocenter.Xvx.ard
2094	1	!ard\prefabs_Buildings_Garages_LOD2_LOD2_gr_airbrick_new_wall_corner_door_2_1_nocenter.Xvx.ard
2095	1	!ard\prefabs_Buildings_Garages_LOD2_LOD2_gr_airbrick_new_wall_corner_widow_1_1_nocenter.Xvx.ard
2096	1	!ard\prefabs_Buildings_Garages_LOD2_LOD2_gr_airbrick_new_wall_corner_window_2_2_nocenter.Xvx.ard
2097	1	!ard\prefabs_Buildings_Garages_LOD2_LOD2_gr_airbrick_new_wall_door_2_1_nocenter.Xvx.ard
2098	1	!ard\prefabs_Buildings_Garages_LOD2_LOD2_gr_airbrick_new_wall_gate_1_1_nocenter.Xvx.ard
2099	1	!ard\prefabs_Buildings_Garages_LOD2_LOD2_gr_airbrick_new_wall_gate_2_1_nocenter.Xvx.ard
2100	1	!ard\prefabs_Buildings_Garages_LOD2_LOD2_gr_airbrick_new_wall_gate_3_1_nocenter.Xvx.ard
2101	1	!ard\prefabs_Buildings_Garages_LOD2_LOD2_gr_airbrick_new_wall_inter_2_1_nocenter.Xvx.ard
2102	1	!ard\prefabs_Buildings_Garages_LOD2_LOD2_gr_airbrick_new_wall_up_1_1_nocenter.Xvx.ard
2103	1	!ard\prefabs_Buildings_Garages_LOD2_LOD2_gr_airbrick_new_wall_up_2_1_nocenter.Xvx.ard
2104	1	!ard\prefabs_Buildings_Garages_LOD2_LOD2_gr_airbrick_new_wall_up_3_1_nocenter.Xvx.ard
2105	1	!ard\prefabs_Buildings_Garages_LOD2_LOD2_gr_airbrick_new_wall_up_4_1_nocenter.Xvx.ard
2106	1	!ard\prefabs_Buildings_Garages_LOD2_LOD2_gr_airbrick_new_wall_up_corner_1_1_nocenter.Xvx.ard
2107	1	!ard\prefabs_Buildings_Garages_LOD2_LOD2_gr_airbrick_new_wall_up_corner_2_1_nocenter.Xvx.ard
2108	1	!ard\prefabs_Buildings_Garages_LOD2_LOD2_gr_airbrick_new_wall_up_corner_3_1_nocenter.Xvx.ard
2109	1	!ard\prefabs_Buildings_Garages_LOD2_LOD2_gr_airbrick_new_wall_up_corner_4_1_nocenter.Xvx.ard
2110	1	!ard\prefabs_Buildings_Garages_LOD2_LOD2_gr_airbrick_new_wall_up_inner_1_1_nocenter.Xvx.ard
2111	1	!ard\prefabs_Buildings_Garages_LOD2_LOD2_gr_airbrick_new_wall_up_inner_2_1_nocenter.Xvx.ard
2112	1	!ard\prefabs_Buildings_Garages_LOD2_LOD2_gr_airbrick_new_wall_up_window_1_1_nocenter.Xvx.ard
2113	1	!ard\prefabs_Buildings_Garages_LOD2_LOD2_gr_airbrick_new_wall_up_window_2_1_nocenter.Xvx.ard
2114	1	!ard\prefabs_Buildings_Garages_LOD2_LOD2_gr_airbrick_new_wall_window_1_1_nocenter.Xvx.ard
2115	1	!ard\prefabs_Buildings_Garages_LOD2_LOD2_gr_airbrick_old_wall_1_2_nocenter.Xvx.ard
2116	1	!ard\prefabs_Buildings_Garages_LOD2_LOD2_gr_airbrick_old_wall_2_2_nocenter.Xvx.ard
2117	1	!ard\prefabs_Buildings_Garages_LOD2_LOD2_gr_airbrick_old_wall_3_2_nocenter.Xvx.ard
2118	1	!ard\prefabs_Buildings_Garages_LOD2_LOD2_gr_airbrick_old_wall_4_2_nocenter.Xvx.ard
2119	1	!ard\prefabs_Buildings_Garages_LOD2_LOD2_gr_airbrick_old_wall_corner_1_2_nocenter.Xvx.ard
2120	1	!ard\prefabs_Buildings_Garages_LOD2_LOD2_gr_airbrick_old_wall_corner_2_2_nocenter.Xvx.ard
2121	1	!ard\prefabs_Buildings_Garages_LOD2_LOD2_gr_airbrick_old_wall_corner_door_2_2_nocenter.Xvx.ard
2122	1	!ard\prefabs_Buildings_Garages_LOD2_LOD2_gr_airbrick_old_wall_corner_widow_1_2_nocenter.Xvx.ard
2123	1	!ard\prefabs_Buildings_Garages_LOD2_LOD2_gr_airbrick_old_wall_corner_window_2_2_nocenter.Xvx.ard
2124	1	!ard\prefabs_Buildings_Garages_LOD2_LOD2_gr_airbrick_old_wall_door_2_2_nocenter.Xvx.ard
2125	1	!ard\prefabs_Buildings_Garages_LOD2_LOD2_gr_airbrick_old_wall_gate_1_2_nocenter.Xvx.ard
2126	1	!ard\prefabs_Buildings_Garages_LOD2_LOD2_gr_airbrick_old_wall_inter_1_2_nocenter.Xvx.ard
2127	1	!ard\prefabs_Buildings_Garages_LOD2_LOD2_gr_airbrick_old_wall_inter_2_2_nocenter.Xvx.ard
2128	1	!ard\prefabs_Buildings_Garages_LOD2_LOD2_gr_airbrick_old_wall_up_1_2_nocenter.Xvx.ard
2129	1	!ard\prefabs_Buildings_Garages_LOD2_LOD2_gr_airbrick_old_wall_up_2_2_nocenter.Xvx.ard
2130	1	!ard\prefabs_Buildings_Garages_LOD2_LOD2_gr_airbrick_old_wall_up_corner_1_2_nocenter.Xvx.ard
2131	1	!ard\prefabs_Buildings_Garages_LOD2_LOD2_gr_airbrick_old_wall_up_corner_2_2_nocenter.Xvx.ard
2132	1	!ard\prefabs_Buildings_Garages_LOD2_LOD2_gr_airbrick_old_wall_up_inner_1_2_nocenter.Xvx.ard
2133	1	!ard\prefabs_Buildings_Garages_LOD2_LOD2_gr_airbrick_old_wall_up_inner_2_2_nocenter.Xvx.ard
2134	1	!ard\prefabs_Buildings_Garages_LOD2_LOD2_gr_airbrick_old_wall_up_window_1_2_nocenter.Xvx.ard
2135	1	!ard\prefabs_Buildings_Garages_LOD2_LOD2_gr_airbrick_old_wall_up_window_2_2_nocenter.Xvx.ard
2136	1	!ard\prefabs_Buildings_Garages_LOD2_LOD2_gr_airbrick_old_wall_window_1_2_nocenter.Xvx.ard
2137	1	!ard\prefabs_Buildings_Garages_LOD2_LOD2_gr_airbrick_painted_wall_1_1_nocenter.Xvx.ard
2138	1	!ard\prefabs_Buildings_Garages_LOD2_LOD2_gr_airbrick_painted_wall_2_1_nocenter.Xvx.ard
2139	1	!ard\prefabs_Buildings_Garages_LOD2_LOD2_gr_airbrick_painted_wall_corner_1_1_nocenter.Xvx.ard
2140	1	!ard\prefabs_Buildings_Garages_LOD2_LOD2_gr_airbrick_painted_wall_corner_2_1_nocenter.Xvx.ard
2141	1	!ard\prefabs_Buildings_Garages_LOD2_LOD2_gr_airbrick_painted_wall_corner_door_2_1_nocenter.Xvx.ard
2142	1	!ard\prefabs_Buildings_Garages_LOD2_LOD2_gr_airbrick_painted_wall_corner_widow_1_1_nocenter.Xvx.ard
2143	1	!ard\prefabs_Buildings_Garages_LOD2_LOD2_gr_airbrick_painted_wall_corner_window_2_2_nocenter.Xvx.ard
2144	1	!ard\prefabs_Buildings_Garages_LOD2_LOD2_gr_airbrick_painted_wall_door_2_1_nocenter.Xvx.ard
2145	1	!ard\prefabs_Buildings_Garages_LOD2_LOD2_gr_airbrick_painted_wall_gate_1_1_nocenter.Xvx.ard
2146	1	!ard\prefabs_Buildings_Garages_LOD2_LOD2_gr_airbrick_painted_wall_gate_2_1_nocenter.Xvx.ard
2147	1	!ard\prefabs_Buildings_Garages_LOD2_LOD2_gr_airbrick_painted_wall_gate_3_1_nocenter.Xvx.ard
2148	1	!ard\prefabs_Buildings_Garages_LOD2_LOD2_gr_airbrick_painted_wall_inter_2_1_nocenter.Xvx.ard
2149	1	!ard\prefabs_Buildings_Garages_LOD2_LOD2_gr_airbrick_painted_wall_up_1_1_nocenter.Xvx.ard
2150	1	!ard\prefabs_Buildings_Garages_LOD2_LOD2_gr_airbrick_painted_wall_up_2_1_nocenter.Xvx.ard
2151	1	!ard\prefabs_Buildings_Garages_LOD2_LOD2_gr_airbrick_painted_wall_up_3_1_nocenter.Xvx.ard
2152	1	!ard\prefabs_Buildings_Garages_LOD2_LOD2_gr_airbrick_painted_wall_up_4_1_nocenter.Xvx.ard
2153	1	!ard\prefabs_Buildings_Garages_LOD2_LOD2_gr_airbrick_painted_wall_up_corner_1_1_nocenter.Xvx.ard
2154	1	!ard\prefabs_Buildings_Garages_LOD2_LOD2_gr_airbrick_painted_wall_up_corner_2_1_nocenter.Xvx.ard
2155	1	!ard\prefabs_Buildings_Garages_LOD2_LOD2_gr_airbrick_painted_wall_up_corner_3_1_nocenter.Xvx.ard
2156	1	!ard\prefabs_Buildings_Garages_LOD2_LOD2_gr_airbrick_painted_wall_up_corner_4_1_nocenter.Xvx.ard
2157	1	!ard\prefabs_Buildings_Garages_LOD2_LOD2_gr_airbrick_painted_wall_up_inner_1_1_nocenter.Xvx.ard
2158	1	!ard\prefabs_Buildings_Garages_LOD2_LOD2_gr_airbrick_painted_wall_up_inner_2_1_nocenter.Xvx.ard
2159	1	!ard\prefabs_Buildings_Garages_LOD2_LOD2_gr_airbrick_painted_wall_up_window_1_1_nocenter.Xvx.ard
2160	1	!ard\prefabs_Buildings_Garages_LOD2_LOD2_gr_airbrick_painted_wall_up_window_2_1_nocenter.Xvx.ard
2161	1	!ard\prefabs_Buildings_Garages_LOD2_LOD2_gr_airbrick_painted_wall_window_1_1_nocenter.Xvx.ard
2162	1	!ard\prefabs_Buildings_Garages_LOD2_LOD2_gr_bitumen_new_roof_1_1_nocenter.Xvx.ard
2163	1	!ard\prefabs_Buildings_Garages_LOD2_LOD2_gr_bitumen_new_roof_4_1_nocenter.Xvx.ard
2164	1	!ard\prefabs_Buildings_Garages_LOD2_LOD2_gr_brick_fixed_wall_1_1_nocenter.Xvx.ard
2165	1	!ard\prefabs_Buildings_Garages_LOD2_LOD2_gr_brick_fixed_wall_1_2_nocenter.Xvx.ard
2166	1	!ard\prefabs_Buildings_Garages_LOD2_LOD2_gr_brick_fixed_wall_2_1_nocenter.Xvx.ard
2167	1	!ard\prefabs_Buildings_Garages_LOD2_LOD2_gr_brick_fixed_wall_2_2_nocenter.Xvx.ard
2168	1	!ard\prefabs_Buildings_Garages_LOD2_LOD2_gr_brick_fixed_wall_3_2_nocenter.Xvx.ard
2169	1	!ard\prefabs_Buildings_Garages_LOD2_LOD2_gr_brick_fixed_wall_4_2_nocenter.Xvx.ard
2170	1	!ard\prefabs_Buildings_Garages_LOD2_LOD2_gr_brick_fixed_wall_corner_1_1_nocenter.Xvx.ard
2171	1	!ard\prefabs_Buildings_Garages_LOD2_LOD2_gr_brick_fixed_wall_corner_1_2_nocenter.Xvx.ard
2172	1	!ard\prefabs_Buildings_Garages_LOD2_LOD2_gr_brick_fixed_wall_corner_2_1_nocenter.Xvx.ard
2173	1	!ard\prefabs_Buildings_Garages_LOD2_LOD2_gr_brick_fixed_wall_corner_2_2_nocenter.Xvx.ard
2174	1	!ard\prefabs_Buildings_Garages_LOD2_LOD2_gr_brick_fixed_wall_corner_door_2_1_nocenter.Xvx.ard
2175	1	!ard\prefabs_Buildings_Garages_LOD2_LOD2_gr_brick_fixed_wall_corner_door_2_2_nocenter.Xvx.ard
2176	1	!ard\prefabs_Buildings_Garages_LOD2_LOD2_gr_brick_fixed_wall_corner_widow_1_1_nocenter.Xvx.ard
2177	1	!ard\prefabs_Buildings_Garages_LOD2_LOD2_gr_brick_fixed_wall_corner_widow_1_2_nocenter.Xvx.ard
2178	1	!ard\prefabs_Buildings_Garages_LOD2_LOD2_gr_brick_fixed_wall_corner_window_2_1_nocenter.Xvx.ard
2179	1	!ard\prefabs_Buildings_Garages_LOD2_LOD2_gr_brick_fixed_wall_corner_window_2_2_nocenter.Xvx.ard
2180	1	!ard\prefabs_Buildings_Garages_LOD2_LOD2_gr_brick_fixed_wall_door_2_1_nocenter.Xvx.ard
2181	1	!ard\prefabs_Buildings_Garages_LOD2_LOD2_gr_brick_fixed_wall_door_2_2_nocenter.Xvx.ard
2182	1	!ard\prefabs_Buildings_Garages_LOD2_LOD2_gr_brick_fixed_wall_gate_1_1_nocenter.Xvx.ard
2183	1	!ard\prefabs_Buildings_Garages_LOD2_LOD2_gr_brick_fixed_wall_gate_1_2_nocenter.Xvx.ard
2184	1	!ard\prefabs_Buildings_Garages_LOD2_LOD2_gr_brick_fixed_wall_gate_2_1_nocenter.Xvx.ard
2185	1	!ard\prefabs_Buildings_Garages_LOD2_LOD2_gr_brick_fixed_wall_gate_3_1_nocenter.Xvx.ard
2186	1	!ard\prefabs_Buildings_Garages_LOD2_LOD2_gr_brick_fixed_wall_inter_1_2_nocenter.Xvx.ard
2187	1	!ard\prefabs_Buildings_Garages_LOD2_LOD2_gr_brick_fixed_wall_inter_2_1_nocenter.Xvx.ard
2188	1	!ard\prefabs_Buildings_Garages_LOD2_LOD2_gr_brick_fixed_wall_inter_2_2_nocenter.Xvx.ard
2189	1	!ard\prefabs_Buildings_Garages_LOD2_LOD2_gr_brick_fixed_wall_up_1_1_nocenter.Xvx.ard
2190	1	!ard\prefabs_Buildings_Garages_LOD2_LOD2_gr_brick_fixed_wall_up_2_1_nocenter.Xvx.ard
2191	1	!ard\prefabs_Buildings_Garages_LOD2_LOD2_gr_brick_fixed_wall_up_3_1_nocenter.Xvx.ard
2192	1	!ard\prefabs_Buildings_Garages_LOD2_LOD2_gr_brick_fixed_wall_up_4_1_nocenter.Xvx.ard
2193	1	!ard\prefabs_Buildings_Garages_LOD2_LOD2_gr_brick_fixed_wall_up_corner_1_1_nocenter.Xvx.ard
2194	1	!ard\prefabs_Buildings_Garages_LOD2_LOD2_gr_brick_fixed_wall_up_corner_2_1_nocenter.Xvx.ard
2195	1	!ard\prefabs_Buildings_Garages_LOD2_LOD2_gr_brick_fixed_wall_up_window_1_1_nocenter.Xvx.ard
2196	1	!ard\prefabs_Buildings_Garages_LOD2_LOD2_gr_brick_fixed_wall_up_window_2_1_nocenter.Xvx.ard
2197	1	!ard\prefabs_Buildings_Garages_LOD2_LOD2_gr_brick_fixed_wall_window_1_1_nocenter.Xvx.ard
2198	1	!ard\prefabs_Buildings_Garages_LOD2_LOD2_gr_brick_fixed_wall_window_1_2_nocenter.Xvx.ard
2199	1	!ard\prefabs_Buildings_Garages_LOD2_LOD2_gr_brick_new_wall_1_1_nocenter.Xvx.ard
2200	1	!ard\prefabs_Buildings_Garages_LOD2_LOD2_gr_brick_new_wall_2_1_nocenter.Xvx.ard
2201	1	!ard\prefabs_Buildings_Garages_LOD2_LOD2_gr_brick_new_wall_corner_1_1_nocenter.Xvx.ard
2202	1	!ard\prefabs_Buildings_Garages_LOD2_LOD2_gr_brick_new_wall_corner_2_1_nocenter.Xvx.ard
2203	1	!ard\prefabs_Buildings_Garages_LOD2_LOD2_gr_brick_new_wall_corner_door_2_1_nocenter.Xvx.ard
2204	1	!ard\prefabs_Buildings_Garages_LOD2_LOD2_gr_brick_new_wall_corner_widow_1_1_nocenter.Xvx.ard
2205	1	!ard\prefabs_Buildings_Garages_LOD2_LOD2_gr_brick_new_wall_corner_window_2_1_nocenter.Xvx.ard
2206	1	!ard\prefabs_Buildings_Garages_LOD2_LOD2_gr_brick_new_wall_door_2_2_nocenter.Xvx.ard
2207	1	!ard\prefabs_Buildings_Garages_LOD2_LOD2_gr_brick_new_wall_gate_1_1_nocenter.Xvx.ard
2208	1	!ard\prefabs_Buildings_Garages_LOD2_LOD2_gr_brick_new_wall_gate_2_1_nocenter.Xvx.ard
2209	1	!ard\prefabs_Buildings_Garages_LOD2_LOD2_gr_brick_new_wall_gate_3_1_nocenter.Xvx.ard
2210	1	!ard\prefabs_Buildings_Garages_LOD2_LOD2_gr_brick_new_wall_inter_2_1_nocenter.Xvx.ard
2211	1	!ard\prefabs_Buildings_Garages_LOD2_LOD2_gr_brick_new_wall_up_1_1_nocenter.Xvx.ard
2212	1	!ard\prefabs_Buildings_Garages_LOD2_LOD2_gr_brick_new_wall_up_2_1_nocenter.Xvx.ard
2213	1	!ard\prefabs_Buildings_Garages_LOD2_LOD2_gr_brick_new_wall_up_3_1_nocenter.Xvx.ard
2214	1	!ard\prefabs_Buildings_Garages_LOD2_LOD2_gr_brick_new_wall_up_4_1_nocenter.Xvx.ard
2215	1	!ard\prefabs_Buildings_Garages_LOD2_LOD2_gr_brick_new_wall_up_corner_1_1_nocenter.Xvx.ard
2216	1	!ard\prefabs_Buildings_Garages_LOD2_LOD2_gr_brick_new_wall_up_corner_2_1_nocenter.Xvx.ard
2217	1	!ard\prefabs_Buildings_Garages_LOD2_LOD2_gr_brick_new_wall_up_corner_3_1_nocenter.Xvx.ard
2218	1	!ard\prefabs_Buildings_Garages_LOD2_LOD2_gr_brick_new_wall_up_corner_4_1_nocenter.Xvx.ard
2219	1	!ard\prefabs_Buildings_Garages_LOD2_LOD2_gr_brick_new_wall_up_window_1_1_nocenter.Xvx.ard
2220	1	!ard\prefabs_Buildings_Garages_LOD2_LOD2_gr_brick_new_wall_up_window_2_1_nocenter.Xvx.ard
2221	1	!ard\prefabs_Buildings_Garages_LOD2_LOD2_gr_brick_new_wall_window_1_1_nocenter.Xvx.ard
2222	1	!ard\prefabs_Buildings_Garages_LOD2_LOD2_gr_brick_old_wall_1_2_nocenter.Xvx.ard
2223	1	!ard\prefabs_Buildings_Garages_LOD2_LOD2_gr_brick_old_wall_2_2_nocenter.Xvx.ard
2224	1	!ard\prefabs_Buildings_Garages_LOD2_LOD2_gr_brick_old_wall_3_2_nocenter.Xvx.ard
2225	1	!ard\prefabs_Buildings_Garages_LOD2_LOD2_gr_brick_old_wall_4_2_nocenter.Xvx.ard
2226	1	!ard\prefabs_Buildings_Garages_LOD2_LOD2_gr_brick_old_wall_corner_1_2_nocenter.Xvx.ard
2227	1	!ard\prefabs_Buildings_Garages_LOD2_LOD2_gr_brick_old_wall_corner_widow_1_2_nocenter.Xvx.ard
2228	1	!ard\prefabs_Buildings_Garages_LOD2_LOD2_gr_brick_old_wall_door_2_2_nocenter.Xvx.ard
2229	1	!ard\prefabs_Buildings_Garages_LOD2_LOD2_gr_brick_old_wall_gate_1_2_nocenter.Xvx.ard
2230	1	!ard\prefabs_Buildings_Garages_LOD2_LOD2_gr_brick_old_wall_inter_1_2_nocenter.Xvx.ard
2231	1	!ard\prefabs_Buildings_Garages_LOD2_LOD2_gr_brick_old_wall_inter_2_2_nocenter.Xvx.ard
2232	1	!ard\prefabs_Buildings_Garages_LOD2_LOD2_gr_brick_old_wall_up_corner_3_1_nocenter.Xvx.ard
2233	1	!ard\prefabs_Buildings_Garages_LOD2_LOD2_gr_brick_old_wall_up_corner_4_1_nocenter.Xvx.ard
2234	1	!ard\prefabs_Buildings_Garages_LOD2_LOD2_gr_brick_old_wall_window_1_2_nocenter.Xvx.ard
2235	1	!ard\prefabs_Buildings_Garages_LOD2_LOD2_gr_metal_new_gate_1_1_nocenter.Xvx.ard
2236	1	!ard\prefabs_Buildings_Garages_LOD2_LOD2_gr_metal_new_roof_4_1_nocenter.Xvx.ard
2237	1	!ard\prefabs_Buildings_Garages_LOD2_LOD2_gr_wood_new_roof_1_5_nocenter.Xvx.ard
2238	1	!ard\prefabs_Buildings_Garages_LOD2_LOD2_gr_wood_new_roof_2_1_nocenter.Xvx.ard
2239	1	!ard\prefabs_Buildings_gas_station_gas_station_dispenser_nocenter.Xvx.ard
2240	1	!ard\prefabs_Buildings_gas_station_gas_station_door1_nocenter.Xvx.ard
2241	1	!ard\prefabs_Buildings_gas_station_gas_station_door2_nocenter.Xvx.ard
2242	1	!ard\prefabs_Buildings_gas_station_gas_station_roof_nocenter.Xvx.ard
2243	1	!ard\prefabs_Buildings_gas_station_gas_station_shop_nocenter.Xvx.ard
2244	1	!ard\prefabs_Buildings_gas_station_gas_station_sign_nocenter.Xvx.ard
2245	1	!ard\prefabs_Buildings_grain_blower_grain_blower_nocenter.Xvx.ard
2246	1	!ard\prefabs_Buildings_Greenhouses2_buy_greenhouse_nocenter.Xvx.ard
2247	1	!ard\prefabs_Buildings_Greenhouses2_gh_concrete_fixed_basement_1_1_nocenter.Xvx.ard
2248	1	!ard\prefabs_Buildings_Greenhouses2_gh_concrete_fixed_basement_corner_1_1_nocenter.Xvx.ard
2249	1	!ard\prefabs_Buildings_Greenhouses2_gh_concrete_fixed_basement_corner_2_1_nocenter.Xvx.ard
2250	1	!ard\prefabs_Buildings_Greenhouses2_gh_concrete_fixed_basement_corner_3_1_nocenter.Xvx.ard
2251	1	!ard\prefabs_Buildings_Greenhouses2_gh_concrete_fixed_basement_door_1_1_nocenter.Xvx.ard
2252	1	!ard\prefabs_Buildings_Greenhouses2_gh_concrete_fixed_pavement_1_1_nocenter.Xvx.ard
2253	1	!ard\prefabs_Buildings_Greenhouses2_gh_concrete_new_basement_1_1_nocenter.Xvx.ard
2254	1	!ard\prefabs_Buildings_Greenhouses2_gh_concrete_new_basement_1_2_nocenter.Xvx.ard
2255	1	!ard\prefabs_Buildings_Greenhouses2_gh_concrete_new_basement_corner_1_1_nocenter.Xvx.ard
2256	1	!ard\prefabs_Buildings_Greenhouses2_gh_concrete_new_basement_corner_1_2_nocenter.Xvx.ard
2257	1	!ard\prefabs_Buildings_Greenhouses2_gh_concrete_new_basement_corner_2_1_nocenter.Xvx.ard
2258	1	!ard\prefabs_Buildings_Greenhouses2_gh_concrete_new_basement_corner_2_2_nocenter.Xvx.ard
2259	1	!ard\prefabs_Buildings_Greenhouses2_gh_concrete_new_basement_corner_3_1_nocenter.Xvx.ard
2260	1	!ard\prefabs_Buildings_Greenhouses2_gh_concrete_new_basement_corner_3_2_nocenter.Xvx.ard
2261	1	!ard\prefabs_Buildings_Greenhouses2_gh_concrete_new_basement_corner_4_1_nocenter.Xvx.ard
2262	1	!ard\prefabs_Buildings_Greenhouses2_gh_concrete_new_basement_corner_4_2_nocenter.Xvx.ard
2263	1	!ard\prefabs_Buildings_Greenhouses2_gh_concrete_new_basement_door_1_1_nocenter.Xvx.ard
2264	1	!ard\prefabs_Buildings_Greenhouses2_gh_concrete_new_basement_door_1_2_nocenter.Xvx.ard
2265	1	!ard\prefabs_Buildings_Greenhouses2_gh_concrete_old_basement_1_1_nocenter.Xvx.ard
2266	1	!ard\prefabs_Buildings_Greenhouses2_gh_concrete_old_basement_corner_1_1_nocenter.Xvx.ard
2267	1	!ard\prefabs_Buildings_Greenhouses2_gh_concrete_old_basement_corner_2_1_nocenter.Xvx.ard
2268	1	!ard\prefabs_Buildings_Greenhouses2_gh_concrete_old_basement_corner_3_1_nocenter.Xvx.ard
2269	1	!ard\prefabs_Buildings_Greenhouses2_gh_concrete_old_basement_corner_4_1_nocenter.Xvx.ard
2270	1	!ard\prefabs_Buildings_Greenhouses2_gh_concrete_old_basement_door_1_1_nocenter.Xvx.ard
2271	1	!ard\prefabs_Buildings_Greenhouses2_gh_concrete_old_pavement_1_1_nocenter.Xvx.ard
2272	1	!ard\prefabs_Buildings_Greenhouses2_gh_concrete_old_pavement_1_2_nocenter.Xvx.ard
2273	1	!ard\prefabs_Buildings_Greenhouses2_gh_fixed_seedlings_nocenter.Xvx.ard
2274	1	!ard\prefabs_Buildings_Greenhouses2_gh_fixed_table_nocenter.Xvx.ard
2275	1	!ard\prefabs_Buildings_Greenhouses2_gh_metal_fixed_door_1_1_nocenter.Xvx.ard
2276	1	!ard\prefabs_Buildings_Greenhouses2_gh_metal_fixed_pylon_1_1_nocenter.Xvx.ard
2277	1	!ard\prefabs_Buildings_Greenhouses2_gh_metal_fixed_roof_1_1_nocenter.Xvx.ard
2278	1	!ard\prefabs_Buildings_Greenhouses2_gh_metal_fixed_roof_1_2_nocenter.Xvx.ard
2279	1	!ard\prefabs_Buildings_Greenhouses2_gh_metal_fixed_wall_1_1_nocenter.Xvx.ard
2280	1	!ard\prefabs_Buildings_Greenhouses2_gh_metal_fixed_wall_1_2_nocenter.Xvx.ard
2281	1	!ard\prefabs_Buildings_Greenhouses2_gh_metal_fixed_wall_1_3_nocenter.Xvx.ard
2282	1	!ard\prefabs_Buildings_Greenhouses2_gh_metal_fixed_wall_door_1_1_nocenter.Xvx.ard
2283	1	!ard\prefabs_Buildings_Greenhouses2_gh_metal_fixed_wall_front_1_1_nocenter.Xvx.ard
2284	1	!ard\prefabs_Buildings_Greenhouses2_gh_metal_fixed_window_1_1_nocenter.Xvx.ard
2285	1	!ard\prefabs_Buildings_Greenhouses2_gh_metal_new_door_1_1_nocenter.Xvx.ard
2286	1	!ard\prefabs_Buildings_Greenhouses2_gh_metal_new_pylon_1_1_nocenter.Xvx.ard
2287	1	!ard\prefabs_Buildings_Greenhouses2_gh_metal_new_roof_1_1_nocenter.Xvx.ard
2288	1	!ard\prefabs_Buildings_Greenhouses2_gh_metal_new_roof_1_2_nocenter.Xvx.ard
2289	1	!ard\prefabs_Buildings_Greenhouses2_gh_metal_new_wall_1_1_nocenter.Xvx.ard
2290	1	!ard\prefabs_Buildings_Greenhouses2_gh_metal_new_wall_1_2_nocenter.Xvx.ard
2291	1	!ard\prefabs_Buildings_Greenhouses2_gh_metal_new_wall_1_3_nocenter.Xvx.ard
2292	1	!ard\prefabs_Buildings_Greenhouses2_gh_metal_new_wall_door_1_1_nocenter.Xvx.ard
2293	1	!ard\prefabs_Buildings_Greenhouses2_gh_metal_new_wall_front_1_1_nocenter.Xvx.ard
2294	1	!ard\prefabs_Buildings_Greenhouses2_gh_metal_new_window_1_1_nocenter.Xvx.ard
2295	1	!ard\prefabs_Buildings_Greenhouses2_gh_metal_old_door_1_1_nocenter.Xvx.ard
2296	1	!ard\prefabs_Buildings_Greenhouses2_gh_metal_old_pylon_1_1_nocenter.Xvx.ard
2297	1	!ard\prefabs_Buildings_Greenhouses2_gh_metal_old_roof_1_1_nocenter.Xvx.ard
2298	1	!ard\prefabs_Buildings_Greenhouses2_gh_metal_old_roof_1_2_nocenter.Xvx.ard
2299	1	!ard\prefabs_Buildings_Greenhouses2_gh_metal_old_wall_1_1_nocenter.Xvx.ard
2300	1	!ard\prefabs_Buildings_Greenhouses2_gh_metal_old_wall_1_2_nocenter.Xvx.ard
2301	1	!ard\prefabs_Buildings_Greenhouses2_gh_metal_old_wall_1_3_nocenter.Xvx.ard
2302	1	!ard\prefabs_Buildings_Greenhouses2_gh_metal_old_wall_door_1_1_nocenter.Xvx.ard
2303	1	!ard\prefabs_Buildings_Greenhouses2_gh_metal_old_wall_front_1_1_nocenter.Xvx.ard
2304	1	!ard\prefabs_Buildings_Greenhouses2_gh_metal_old_window_1_1_nocenter.Xvx.ard
2305	1	!ard\prefabs_Buildings_Greenhouses2_gh_new_seedlings_nocenter.Xvx.ard
2306	1	!ard\prefabs_Buildings_Greenhouses2_gh_new_table_nocenter.Xvx.ard
2307	1	!ard\prefabs_Buildings_Greenhouses2_gh_old_seedlings_nocenter.Xvx.ard
2308	1	!ard\prefabs_Buildings_Greenhouses2_gh_old_table_nocenter.Xvx.ard
2309	1	!ard\prefabs_Buildings_Greenhouses2_hydrosysyem2_nocenter.Xvx.ard
2310	1	!ard\prefabs_Buildings_Greenhouses2_hydrosysyem_arrow_nocenter.Xvx.ard
2311	1	!ard\prefabs_Buildings_Greenhouses2_hydrosysyem_button_nocenter.Xvx.ard
2312	1	!ard\prefabs_Buildings_Greenhouses2_hydrosysyem_nocenter.Xvx.ard
2313	1	!ard\prefabs_Buildings_Greenhouses2_hygrometer2_nocenter.Xvx.ard
2314	1	!ard\prefabs_Buildings_Greenhouses2_LOD1_buy_greenhouse_LOD1_nocenter.Xvx.ard
2315	1	!ard\prefabs_Buildings_Greenhouses2_LOD1_gh_fixed_seedlings_LOD1_nocenter.Xvx.ard
2316	1	!ard\prefabs_Buildings_Greenhouses2_LOD1_gh_fixed_table_LOD1_nocenter.Xvx.ard
2317	1	!ard\prefabs_Buildings_Greenhouses2_LOD1_gh_metal_fixed_wall_1_3_LOD1_nocenter.Xvx.ard
2318	1	!ard\prefabs_Buildings_Greenhouses2_LOD1_gh_metal_new_wall_1_3_LOD1_nocenter.Xvx.ard
2319	1	!ard\prefabs_Buildings_Greenhouses2_LOD1_gh_metal_old_wall_1_3_LOD1_nocenter.Xvx.ard
2320	1	!ard\prefabs_Buildings_Greenhouses2_LOD1_gh_new_seedlings_LOD1_nocenter.Xvx.ard
2321	1	!ard\prefabs_Buildings_Greenhouses2_LOD1_gh_new_table_LOD1_nocenter.Xvx.ard
2322	1	!ard\prefabs_Buildings_Greenhouses2_LOD1_gh_old_seedlings_LOD1_nocenter.Xvx.ard
2323	1	!ard\prefabs_Buildings_Greenhouses2_LOD1_gh_old_table_LOD1_nocenter.Xvx.ard
2324	1	!ard\prefabs_Buildings_Greenhouses2_LOD2_buy_greenhouse_LOD2_nocenter.Xvx.ard
2325	1	!ard\prefabs_Buildings_Greenhouses2_LOD2_gh_fixed_seedlings_LOD2_nocenter.Xvx.ard
2326	1	!ard\prefabs_Buildings_Greenhouses2_LOD2_gh_fixed_table_LOD2_nocenter.Xvx.ard
2327	1	!ard\prefabs_Buildings_Greenhouses2_LOD2_gh_metal_fixed_wall_1_3_LOD2_nocenter.Xvx.ard
2328	1	!ard\prefabs_Buildings_Greenhouses2_LOD2_gh_metal_new_wall_1_3_LOD2_nocenter.Xvx.ard
2329	1	!ard\prefabs_Buildings_Greenhouses2_LOD2_gh_metal_old_wall_1_3_LOD2_nocenter.Xvx.ard
2330	1	!ard\prefabs_Buildings_Greenhouses2_LOD2_gh_new_seedlings_LOD2_nocenter.Xvx.ard
2331	1	!ard\prefabs_Buildings_Greenhouses2_LOD2_gh_new_table_LOD2_nocenter.Xvx.ard
2332	1	!ard\prefabs_Buildings_Greenhouses2_LOD2_gh_old_seedlings_LOD2_nocenter.Xvx.ard
2333	1	!ard\prefabs_Buildings_Greenhouses2_LOD2_gh_old_table_LOD2_nocenter.Xvx.ard
2334	1	!ard\prefabs_buildings_greenhouses2_physics_buy_greenhouse_nocenter.xvx.ard
2335	1	!ard\prefabs_Buildings_Greenhouses2_PHYSICS_gh_table_nocenter.Xvx.ard
2336	1	!ard\prefabs_buildings_greenhouses2_physics_hydrosysyem_nocenter.xvx.ard
2337	1	!ard\prefabs_Buildings_Greenhouses_gh_airbrick_new_basement_corner_1_nocenter.Xvx.ard
2338	1	!ard\prefabs_Buildings_Greenhouses_gh_airbrick_new_basement_corner_2_nocenter.Xvx.ard
2339	1	!ard\prefabs_Buildings_Greenhouses_gh_airbrick_new_basement_corner_3_nocenter.Xvx.ard
2340	1	!ard\prefabs_Buildings_Greenhouses_gh_airbrick_new_basement_corner_4_nocenter.Xvx.ard
2341	1	!ard\prefabs_Buildings_Greenhouses_gh_airbrick_new_basement_door_nocenter.Xvx.ard
2342	1	!ard\prefabs_Buildings_Greenhouses_gh_airbrick_new_basement_nocenter.Xvx.ard
2343	1	!ard\prefabs_Buildings_Greenhouses_gh_brick_basement_corner_1_nocenter.Xvx.ard
2344	1	!ard\prefabs_Buildings_Greenhouses_gh_brick_basement_corner_2_nocenter.Xvx.ard
2345	1	!ard\prefabs_Buildings_Greenhouses_gh_brick_basement_corner_3_nocenter.Xvx.ard
2346	1	!ard\prefabs_Buildings_Greenhouses_gh_brick_basement_corner_4_nocenter.Xvx.ard
2347	1	!ard\prefabs_Buildings_Greenhouses_gh_brick_basement_door_nocenter.Xvx.ard
2348	1	!ard\prefabs_Buildings_Greenhouses_gh_brick_new_basement_nocenter.Xvx.ard
2349	1	!ard\prefabs_Buildings_Greenhouses_gh_concrete_fixed_basement_corner_1_nocenter.Xvx.ard
2350	1	!ard\prefabs_Buildings_Greenhouses_gh_concrete_fixed_basement_corner_2_nocenter.Xvx.ard
2351	1	!ard\prefabs_Buildings_Greenhouses_gh_concrete_fixed_basement_corner_3_nocenter.Xvx.ard
2352	1	!ard\prefabs_Buildings_Greenhouses_gh_concrete_fixed_basement_corner_4_nocenter.Xvx.ard
2353	1	!ard\prefabs_Buildings_Greenhouses_gh_concrete_fixed_basement_door_nocenter.Xvx.ard
2354	1	!ard\prefabs_Buildings_Greenhouses_gh_concrete_fixed_basement_nocenter.Xvx.ard
2355	1	!ard\prefabs_Buildings_Greenhouses_gh_concrete_new_pavement_1_nocenter.Xvx.ard
2356	1	!ard\prefabs_Buildings_Greenhouses_gh_concrete_old_basement_corner_1_nocenter.Xvx.ard
2357	1	!ard\prefabs_Buildings_Greenhouses_gh_concrete_old_basement_corner_2_nocenter.Xvx.ard
2358	1	!ard\prefabs_Buildings_Greenhouses_gh_concrete_old_basement_corner_3_nocenter.Xvx.ard
2359	1	!ard\prefabs_Buildings_Greenhouses_gh_concrete_old_basement_corner_4_nocenter.Xvx.ard
2360	1	!ard\prefabs_Buildings_Greenhouses_gh_concrete_old_basement_door_nocenter.Xvx.ard
2361	1	!ard\prefabs_Buildings_Greenhouses_gh_concrete_old_basement_nocenter.Xvx.ard
2362	1	!ard\prefabs_Buildings_Greenhouses_gh_concrete_old_pavement_1_nocenter.Xvx.ard
2363	1	!ard\prefabs_Buildings_Greenhouses_gh_concrete_old_pavement_2_nocenter.Xvx.ard
2364	1	!ard\prefabs_Buildings_Greenhouses_gh_fixed_seedlings_nocenter.Xvx.ard
2365	1	!ard\prefabs_Buildings_Greenhouses_gh_fixed_table_nocenter.Xvx.ard
2366	1	!ard\prefabs_Buildings_Greenhouses_gh_metal_fixed_door_nocenter.Xvx.ard
2367	1	!ard\prefabs_Buildings_Greenhouses_gh_metal_fixed_pylon_1_nocenter.Xvx.ard
2368	1	!ard\prefabs_Buildings_Greenhouses_gh_metal_fixed_roof_1_nocenter.Xvx.ard
2369	1	!ard\prefabs_Buildings_Greenhouses_gh_metal_fixed_wall_1_nocenter.Xvx.ard
2370	1	!ard\prefabs_Buildings_Greenhouses_gh_metal_fixed_wall_2_nocenter.Xvx.ard
2371	1	!ard\prefabs_Buildings_Greenhouses_gh_metal_fixed_wall_door_1_nocenter.Xvx.ard
2372	1	!ard\prefabs_Buildings_Greenhouses_gh_metal_fixed_wall_front_1_nocenter.Xvx.ard
2373	1	!ard\prefabs_Buildings_Greenhouses_gh_metal_fixed_window_1_1_nocenter.Xvx.ard
2374	1	!ard\prefabs_Buildings_Greenhouses_gh_metal_fixed_window_2_1_nocenter.Xvx.ard
2375	1	!ard\prefabs_Buildings_Greenhouses_gh_metal_fixed_window_3_1_nocenter.Xvx.ard
2376	1	!ard\prefabs_Buildings_Greenhouses_gh_metal_fixed_window_4_1_nocenter.Xvx.ard
2377	1	!ard\prefabs_Buildings_Greenhouses_gh_metal_fixed_window_4_vent_nocenter.Xvx.ard
2378	1	!ard\prefabs_Buildings_Greenhouses_gh_metal_new_door_nocenter.Xvx.ard
2379	1	!ard\prefabs_Buildings_Greenhouses_gh_metal_new_pylon_1_nocenter.Xvx.ard
2380	1	!ard\prefabs_Buildings_Greenhouses_gh_metal_new_roof_1_nocenter.Xvx.ard
2381	1	!ard\prefabs_Buildings_Greenhouses_gh_metal_new_wall_1_nocenter.Xvx.ard
2382	1	!ard\prefabs_Buildings_Greenhouses_gh_metal_new_wall_2_nocenter.Xvx.ard
2383	1	!ard\prefabs_Buildings_Greenhouses_gh_metal_new_wall_door_1_nocenter.Xvx.ard
2384	1	!ard\prefabs_Buildings_Greenhouses_gh_metal_new_wall_front_1_nocenter.Xvx.ard
2385	1	!ard\prefabs_Buildings_Greenhouses_gh_metal_new_window_1_1_nocenter.Xvx.ard
2386	1	!ard\prefabs_Buildings_Greenhouses_gh_metal_new_window_2_1_nocenter.Xvx.ard
2387	1	!ard\prefabs_Buildings_Greenhouses_gh_metal_new_window_3_1_nocenter.Xvx.ard
2388	1	!ard\prefabs_Buildings_Greenhouses_gh_metal_new_window_4_1_nocenter.Xvx.ard
2389	1	!ard\prefabs_Buildings_Greenhouses_gh_metal_new_window_4_vent_nocenter.Xvx.ard
2390	1	!ard\prefabs_Buildings_Greenhouses_gh_metal_old_door_1_nocenter.Xvx.ard
2391	1	!ard\prefabs_Buildings_Greenhouses_gh_metal_old_door_2_nocenter.Xvx.ard
2392	1	!ard\prefabs_Buildings_Greenhouses_gh_metal_old_pylon_1_nocenter.Xvx.ard
2393	1	!ard\prefabs_Buildings_Greenhouses_gh_metal_old_roof_1_nocenter.Xvx.ard
2394	1	!ard\prefabs_Buildings_Greenhouses_gh_metal_old_roof_2_nocenter.Xvx.ard
2395	1	!ard\prefabs_Buildings_Greenhouses_gh_metal_old_roof_3_nocenter.Xvx.ard
2396	1	!ard\prefabs_Buildings_Greenhouses_gh_metal_old_roof_4_nocenter.Xvx.ard
2397	1	!ard\prefabs_Buildings_Greenhouses_gh_metal_old_wall_1_nocenter.Xvx.ard
2398	1	!ard\prefabs_Buildings_Greenhouses_gh_metal_old_wall_2_nocenter.Xvx.ard
2399	1	!ard\prefabs_Buildings_Greenhouses_gh_metal_old_wall_door_1_nocenter.Xvx.ard
2400	1	!ard\prefabs_Buildings_Greenhouses_gh_metal_old_wall_door_2_nocenter.Xvx.ard
2401	1	!ard\prefabs_Buildings_Greenhouses_gh_metal_old_wall_front_1_nocenter.Xvx.ard
2402	1	!ard\prefabs_Buildings_Greenhouses_gh_metal_old_wall_front_2_nocenter.Xvx.ard
2403	1	!ard\prefabs_Buildings_Greenhouses_gh_metal_old_window_1_1_nocenter.Xvx.ard
2404	1	!ard\prefabs_Buildings_Greenhouses_gh_metal_old_window_1_2_nocenter.Xvx.ard
2405	1	!ard\prefabs_Buildings_Greenhouses_gh_metal_old_window_1_3_nocenter.Xvx.ard
2406	1	!ard\prefabs_Buildings_Greenhouses_gh_metal_old_window_2_1_nocenter.Xvx.ard
2407	1	!ard\prefabs_Buildings_Greenhouses_gh_metal_old_window_2_2_nocenter.Xvx.ard
2408	1	!ard\prefabs_Buildings_Greenhouses_gh_metal_old_window_2_3_nocenter.Xvx.ard
2409	1	!ard\prefabs_Buildings_Greenhouses_gh_metal_old_window_3_1_nocenter.Xvx.ard
2410	1	!ard\prefabs_Buildings_Greenhouses_gh_metal_old_window_3_2_nocenter.Xvx.ard
2411	1	!ard\prefabs_Buildings_Greenhouses_gh_metal_old_window_3_3_nocenter.Xvx.ard
2412	1	!ard\prefabs_Buildings_Greenhouses_gh_metal_old_window_4_1_nocenter.Xvx.ard
2413	1	!ard\prefabs_Buildings_Greenhouses_gh_metal_old_window_4_2_nocenter.Xvx.ard
2414	1	!ard\prefabs_Buildings_Greenhouses_gh_metal_old_window_4_3_nocenter.Xvx.ard
2415	1	!ard\prefabs_Buildings_Greenhouses_gh_metal_old_window_4_vent_nocenter.Xvx.ard
2416	1	!ard\prefabs_Buildings_Greenhouses_gh_new_seedlings_nocenter.Xvx.ard
2417	1	!ard\prefabs_Buildings_Greenhouses_gh_new_table_nocenter.Xvx.ard
2418	1	!ard\prefabs_Buildings_Greenhouses_gh_old_seedlings_nocenter.Xvx.ard
2419	1	!ard\prefabs_Buildings_Greenhouses_gh_old_table_nocenter.Xvx.ard
2420	1	!ard\prefabs_Buildings_Greenhouses_gh_table_soil_nocenter.Xvx.ard
2421	1	!ard\prefabs_Buildings_Greenhouses_gh_wood_fixed_basement_corner_1_nocenter.Xvx.ard
2422	1	!ard\prefabs_Buildings_Greenhouses_gh_wood_fixed_basement_corner_2_nocenter.Xvx.ard
2423	1	!ard\prefabs_Buildings_Greenhouses_gh_wood_fixed_basement_corner_3_nocenter.Xvx.ard
2424	1	!ard\prefabs_Buildings_Greenhouses_gh_wood_fixed_basement_corner_4_nocenter.Xvx.ard
2425	1	!ard\prefabs_Buildings_Greenhouses_gh_wood_fixed_basement_door_nocenter.Xvx.ard
2426	1	!ard\prefabs_Buildings_Greenhouses_gh_wood_fixed_basement_nocenter.Xvx.ard
2427	1	!ard\prefabs_Buildings_Greenhouses_gh_wood_fixed_door_nocenter.Xvx.ard
2428	1	!ard\prefabs_Buildings_Greenhouses_gh_wood_fixed_pylon_1_nocenter.Xvx.ard
2429	1	!ard\prefabs_Buildings_Greenhouses_gh_wood_fixed_roof_1_nocenter.Xvx.ard
2430	1	!ard\prefabs_Buildings_Greenhouses_gh_wood_fixed_wall_door_1_nocenter.Xvx.ard
2431	1	!ard\prefabs_Buildings_Greenhouses_gh_wood_fixed_wall_front_1_nocenter.Xvx.ard
2432	1	!ard\prefabs_Buildings_Greenhouses_gh_wood_fixed_window_1_1_nocenter.Xvx.ard
2433	1	!ard\prefabs_Buildings_Greenhouses_gh_wood_fixed_window_2_1_nocenter.Xvx.ard
2434	1	!ard\prefabs_Buildings_Greenhouses_gh_wood_fixed_window_3_1_nocenter.Xvx.ard
2435	1	!ard\prefabs_Buildings_Greenhouses_gh_wood_fixed_window_4_1_nocenter.Xvx.ard
2436	1	!ard\prefabs_Buildings_Greenhouses_gh_wood_fixed_window_4_vent_nocenter.Xvx.ard
2437	1	!ard\prefabs_Buildings_Greenhouses_gh_wood_new_basement_corner_1_nocenter.Xvx.ard
2438	1	!ard\prefabs_Buildings_Greenhouses_gh_wood_new_basement_corner_2_nocenter.Xvx.ard
2439	1	!ard\prefabs_Buildings_Greenhouses_gh_wood_new_basement_corner_3_nocenter.Xvx.ard
2440	1	!ard\prefabs_Buildings_Greenhouses_gh_wood_new_basement_corner_4_nocenter.Xvx.ard
2441	1	!ard\prefabs_Buildings_Greenhouses_gh_wood_new_basement_door_nocenter.Xvx.ard
2442	1	!ard\prefabs_Buildings_Greenhouses_gh_wood_new_basement_nocenter.Xvx.ard
2443	1	!ard\prefabs_Buildings_Greenhouses_gh_wood_new_door_nocenter.Xvx.ard
2444	1	!ard\prefabs_Buildings_Greenhouses_gh_wood_new_pylon_1_nocenter.Xvx.ard
2445	1	!ard\prefabs_Buildings_Greenhouses_gh_wood_new_roof_1_nocenter.Xvx.ard
2446	1	!ard\prefabs_Buildings_Greenhouses_gh_wood_new_wall_1_nocenter.Xvx.ard
2447	1	!ard\prefabs_Buildings_Greenhouses_gh_wood_new_wall_2_nocenter.Xvx.ard
2448	1	!ard\prefabs_Buildings_Greenhouses_gh_wood_new_wall_door_1_nocenter.Xvx.ard
2449	1	!ard\prefabs_Buildings_Greenhouses_gh_wood_new_wall_front_1_nocenter.Xvx.ard
2450	1	!ard\prefabs_Buildings_Greenhouses_gh_wood_new_window_1_1_nocenter.Xvx.ard
2451	1	!ard\prefabs_Buildings_Greenhouses_gh_wood_new_window_2_1_nocenter.Xvx.ard
2452	1	!ard\prefabs_Buildings_Greenhouses_gh_wood_new_window_3_1_nocenter.Xvx.ard
2453	1	!ard\prefabs_Buildings_Greenhouses_gh_wood_new_window_4_nocenter.Xvx.ard
2454	1	!ard\prefabs_Buildings_Greenhouses_gh_wood_new_window_4_vent_nocenter.Xvx.ard
2455	1	!ard\prefabs_Buildings_Greenhouses_gh_wood_old_basement_1_nocenter.Xvx.ard
2456	1	!ard\prefabs_Buildings_Greenhouses_gh_wood_old_basement_2_nocenter.Xvx.ard
2457	1	!ard\prefabs_Buildings_Greenhouses_gh_wood_old_basement_corner_1_nocenter.Xvx.ard
2458	1	!ard\prefabs_Buildings_Greenhouses_gh_wood_old_basement_corner_2_nocenter.Xvx.ard
2459	1	!ard\prefabs_Buildings_Greenhouses_gh_wood_old_basement_corner_3_nocenter.Xvx.ard
2460	1	!ard\prefabs_Buildings_Greenhouses_gh_wood_old_basement_corner_4_nocenter.Xvx.ard
2461	1	!ard\prefabs_Buildings_Greenhouses_gh_wood_old_basement_door_nocenter.Xvx.ard
2462	1	!ard\prefabs_Buildings_Greenhouses_gh_wood_old_door_1_nocenter.Xvx.ard
2463	1	!ard\prefabs_Buildings_Greenhouses_gh_wood_old_door_2_nocenter.Xvx.ard
2464	1	!ard\prefabs_Buildings_Greenhouses_gh_wood_old_pylon_1_nocenter.Xvx.ard
2465	1	!ard\prefabs_Buildings_Greenhouses_gh_wood_old_roof_1_nocenter.Xvx.ard
2466	1	!ard\prefabs_Buildings_Greenhouses_gh_wood_old_roof_2_nocenter.Xvx.ard
2467	1	!ard\prefabs_Buildings_Greenhouses_gh_wood_old_roof_3_nocenter.Xvx.ard
2468	1	!ard\prefabs_Buildings_Greenhouses_gh_wood_old_roof_4_nocenter.Xvx.ard
2469	1	!ard\prefabs_Buildings_Greenhouses_gh_wood_old_wall_1_nocenter.Xvx.ard
2470	1	!ard\prefabs_Buildings_Greenhouses_gh_wood_old_wall_door_1_nocenter.Xvx.ard
2471	1	!ard\prefabs_Buildings_Greenhouses_gh_wood_old_wall_front_1_nocenter.Xvx.ard
2472	1	!ard\prefabs_Buildings_Greenhouses_gh_wood_old_wall_front_2_nocenter.Xvx.ard
2473	1	!ard\prefabs_Buildings_Greenhouses_gh_wood_old_window_1_1_nocenter.Xvx.ard
2474	1	!ard\prefabs_Buildings_Greenhouses_gh_wood_old_window_1_2_nocenter.Xvx.ard
2475	1	!ard\prefabs_Buildings_Greenhouses_gh_wood_old_window_1_3_nocenter.Xvx.ard
2476	1	!ard\prefabs_Buildings_Greenhouses_gh_wood_old_window_2_1_nocenter.Xvx.ard
2477	1	!ard\prefabs_Buildings_Greenhouses_gh_wood_old_window_2_2_nocenter.Xvx.ard
2478	1	!ard\prefabs_Buildings_Greenhouses_gh_wood_old_window_2_3_nocenter.Xvx.ard
2479	1	!ard\prefabs_Buildings_Greenhouses_gh_wood_old_window_3_1_nocenter.Xvx.ard
2480	1	!ard\prefabs_Buildings_Greenhouses_gh_wood_old_window_3_2_nocenter.Xvx.ard
2481	1	!ard\prefabs_Buildings_Greenhouses_gh_wood_old_window_3_3_nocenter.Xvx.ard
2482	1	!ard\prefabs_Buildings_Greenhouses_gh_wood_old_window_4_1_nocenter.Xvx.ard
2483	1	!ard\prefabs_Buildings_Greenhouses_gh_wood_old_window_4_2_nocenter.Xvx.ard
2484	1	!ard\prefabs_Buildings_Greenhouses_gh_wood_old_window_4_vent_nocenter.Xvx.ard
2485	1	!ard\prefabs_Buildings_Greenhouses_LOD1_gh_metal_fixed_window_4_1_nocenter.Xvx.ard
2486	1	!ard\prefabs_Buildings_Greenhouses_LOD1_LOD1_gh_airbrick_basement_door_nocenter.Xvx.ard
2487	1	!ard\prefabs_Buildings_Greenhouses_LOD1_LOD1_gh_airbrick_new_basement_corner_1_nocenter.Xvx.ard
2488	1	!ard\prefabs_Buildings_Greenhouses_LOD1_LOD1_gh_airbrick_new_basement_corner_2_nocenter.Xvx.ard
2489	1	!ard\prefabs_Buildings_Greenhouses_LOD1_LOD1_gh_airbrick_new_basement_corner_3_nocenter.Xvx.ard
2490	1	!ard\prefabs_Buildings_Greenhouses_LOD1_LOD1_gh_airbrick_new_basement_corner_4_nocenter.Xvx.ard
2491	1	!ard\prefabs_Buildings_Greenhouses_LOD1_LOD1_gh_airbrick_new_basement_nocenter.Xvx.ard
2492	1	!ard\prefabs_Buildings_Greenhouses_LOD1_LOD1_gh_brick_basement_corner_1_nocenter.Xvx.ard
2493	1	!ard\prefabs_Buildings_Greenhouses_LOD1_LOD1_gh_brick_basement_corner_2_nocenter.Xvx.ard
2494	1	!ard\prefabs_Buildings_Greenhouses_LOD1_LOD1_gh_brick_basement_corner_3_nocenter.Xvx.ard
2495	1	!ard\prefabs_Buildings_Greenhouses_LOD1_LOD1_gh_brick_basement_corner_4_nocenter.Xvx.ard
2496	1	!ard\prefabs_Buildings_Greenhouses_LOD1_LOD1_gh_brick_basement_door_nocenter.Xvx.ard
2497	1	!ard\prefabs_Buildings_Greenhouses_LOD1_LOD1_gh_brick_new_basement_nocenter.Xvx.ard
2498	1	!ard\prefabs_Buildings_Greenhouses_LOD1_LOD1_gh_concrete_fixed_basement_corner_1_nocenter.Xvx.ard
2499	1	!ard\prefabs_Buildings_Greenhouses_LOD1_LOD1_gh_concrete_fixed_basement_corner_2_nocenter.Xvx.ard
2500	1	!ard\prefabs_Buildings_Greenhouses_LOD1_LOD1_gh_concrete_fixed_basement_corner_3_nocenter.Xvx.ard
2501	1	!ard\prefabs_Buildings_Greenhouses_LOD1_LOD1_gh_concrete_fixed_basement_corner_4_nocenter.Xvx.ard
2502	1	!ard\prefabs_Buildings_Greenhouses_LOD1_LOD1_gh_concrete_fixed_basement_door_nocenter.Xvx.ard
2503	1	!ard\prefabs_Buildings_Greenhouses_LOD1_LOD1_gh_concrete_fixed_basement_nocenter.Xvx.ard
2504	1	!ard\prefabs_Buildings_Greenhouses_LOD1_LOD1_gh_concrete_old_basement_corner_1_nocenter.Xvx.ard
2505	1	!ard\prefabs_Buildings_Greenhouses_LOD1_LOD1_gh_concrete_old_basement_corner_2_nocenter.Xvx.ard
2506	1	!ard\prefabs_Buildings_Greenhouses_LOD1_LOD1_gh_concrete_old_basement_corner_3_nocenter.Xvx.ard
2507	1	!ard\prefabs_Buildings_Greenhouses_LOD1_LOD1_gh_concrete_old_basement_corner_4_nocenter.Xvx.ard
2508	1	!ard\prefabs_Buildings_Greenhouses_LOD1_LOD1_gh_concrete_old_basement_door_nocenter.Xvx.ard
2509	1	!ard\prefabs_Buildings_Greenhouses_LOD1_LOD1_gh_concrete_old_basement_nocenter.Xvx.ard
2510	1	!ard\prefabs_Buildings_Greenhouses_LOD1_LOD1_gh_fixed_seedlings_nocenter.Xvx.ard
2511	1	!ard\prefabs_Buildings_Greenhouses_LOD1_LOD1_gh_fixed_table_nocenter.Xvx.ard
2512	1	!ard\prefabs_Buildings_Greenhouses_LOD1_LOD1_gh_metal_fixed_door_nocenter.Xvx.ard
2513	1	!ard\prefabs_Buildings_Greenhouses_LOD1_LOD1_gh_metal_fixed_roof_1_nocenter.Xvx.ard
2514	1	!ard\prefabs_Buildings_Greenhouses_LOD1_LOD1_gh_metal_fixed_wall_door_1_nocenter.Xvx.ard
2515	1	!ard\prefabs_Buildings_Greenhouses_LOD1_LOD1_gh_metal_fixed_wall_front_1_nocenter.Xvx.ard
2516	1	!ard\prefabs_Buildings_Greenhouses_LOD1_LOD1_gh_metal_fixed_window_1_1_nocenter.Xvx.ard
2517	1	!ard\prefabs_Buildings_Greenhouses_LOD1_LOD1_gh_metal_fixed_window_2_1_nocenter.Xvx.ard
2518	1	!ard\prefabs_Buildings_Greenhouses_LOD1_LOD1_gh_metal_fixed_window_4_1_nocenter.Xvx.ard
2519	1	!ard\prefabs_Buildings_Greenhouses_LOD1_LOD1_gh_metal_fixed_window_4_vent_nocenter.Xvx.ard
2520	1	!ard\prefabs_Buildings_Greenhouses_LOD1_LOD1_gh_metal_new_door_nocenter.Xvx.ard
2521	1	!ard\prefabs_Buildings_Greenhouses_LOD1_LOD1_gh_metal_new_roof_1_nocenter.Xvx.ard
2522	1	!ard\prefabs_Buildings_Greenhouses_LOD1_LOD1_gh_metal_new_wall_1_nocenter.Xvx.ard
2523	1	!ard\prefabs_Buildings_Greenhouses_LOD1_LOD1_gh_metal_new_wall_2_nocenter.Xvx.ard
2524	1	!ard\prefabs_Buildings_Greenhouses_LOD1_LOD1_gh_metal_new_wall_door_1_nocenter.Xvx.ard
2525	1	!ard\prefabs_Buildings_Greenhouses_LOD1_LOD1_gh_metal_new_wall_front_1_nocenter.Xvx.ard
2526	1	!ard\prefabs_Buildings_Greenhouses_LOD1_LOD1_gh_metal_new_window_1_1_nocenter.Xvx.ard
2527	1	!ard\prefabs_Buildings_Greenhouses_LOD1_LOD1_gh_metal_new_window_2_1_nocenter.Xvx.ard
2528	1	!ard\prefabs_Buildings_Greenhouses_LOD1_LOD1_gh_metal_new_window_4_1_nocenter.Xvx.ard
2529	1	!ard\prefabs_Buildings_Greenhouses_LOD1_LOD1_gh_metal_new_window_4_vent_nocenter.Xvx.ard
2530	1	!ard\prefabs_Buildings_Greenhouses_LOD1_LOD1_gh_metal_old_door_1_nocenter.Xvx.ard
2531	1	!ard\prefabs_Buildings_Greenhouses_LOD1_LOD1_gh_metal_old_door_2_nocenter.Xvx.ard
2532	1	!ard\prefabs_Buildings_Greenhouses_LOD1_LOD1_gh_metal_old_roof_1_nocenter.Xvx.ard
2533	1	!ard\prefabs_Buildings_Greenhouses_LOD1_LOD1_gh_metal_old_roof_2_nocenter.Xvx.ard
2534	1	!ard\prefabs_Buildings_Greenhouses_LOD1_LOD1_gh_metal_old_roof_3_nocenter.Xvx.ard
2535	1	!ard\prefabs_Buildings_Greenhouses_LOD1_LOD1_gh_metal_old_roof_4_nocenter.Xvx.ard
2536	1	!ard\prefabs_Buildings_Greenhouses_LOD1_LOD1_gh_metal_old_wall_1_nocenter.Xvx.ard
2537	1	!ard\prefabs_Buildings_Greenhouses_LOD1_LOD1_gh_metal_old_wall_2_nocenter.Xvx.ard
2538	1	!ard\prefabs_Buildings_Greenhouses_LOD1_LOD1_gh_metal_old_wall_door_1_nocenter.Xvx.ard
2539	1	!ard\prefabs_Buildings_Greenhouses_LOD1_LOD1_gh_metal_old_wall_door_2_nocenter.Xvx.ard
2540	1	!ard\prefabs_Buildings_Greenhouses_LOD1_LOD1_gh_metal_old_wall_front_1_nocenter.Xvx.ard
2541	1	!ard\prefabs_Buildings_Greenhouses_LOD1_LOD1_gh_metal_old_wall_front_2_nocenter.Xvx.ard
2542	1	!ard\prefabs_Buildings_Greenhouses_LOD1_LOD1_gh_metal_old_window_1_1_nocenter.Xvx.ard
2543	1	!ard\prefabs_Buildings_Greenhouses_LOD1_LOD1_gh_metal_old_window_1_2_nocenter.Xvx.ard
2544	1	!ard\prefabs_Buildings_Greenhouses_LOD1_LOD1_gh_metal_old_window_1_3_nocenter.Xvx.ard
2545	1	!ard\prefabs_Buildings_Greenhouses_LOD1_LOD1_gh_metal_old_window_2_1_nocenter.Xvx.ard
2546	1	!ard\prefabs_Buildings_Greenhouses_LOD1_LOD1_gh_metal_old_window_2_2_nocenter.Xvx.ard
2547	1	!ard\prefabs_Buildings_Greenhouses_LOD1_LOD1_gh_metal_old_window_2_3_nocenter.Xvx.ard
2548	1	!ard\prefabs_Buildings_Greenhouses_LOD1_LOD1_gh_metal_old_window_4_1_nocenter.Xvx.ard
2549	1	!ard\prefabs_Buildings_Greenhouses_LOD1_LOD1_gh_metal_old_window_4_2_nocenter.Xvx.ard
2550	1	!ard\prefabs_Buildings_Greenhouses_LOD1_LOD1_gh_metal_old_window_4_3_nocenter.Xvx.ard
2551	1	!ard\prefabs_Buildings_Greenhouses_LOD1_LOD1_gh_metal_old_window_4_vent_nocenter.Xvx.ard
2552	1	!ard\prefabs_Buildings_Greenhouses_LOD1_LOD1_gh_new_seedlings_nocenter.Xvx.ard
2553	1	!ard\prefabs_Buildings_Greenhouses_LOD1_LOD1_gh_new_table_nocenter.Xvx.ard
2554	1	!ard\prefabs_Buildings_Greenhouses_LOD1_LOD1_gh_old_seedlings_nocenter.Xvx.ard
2555	1	!ard\prefabs_Buildings_Greenhouses_LOD1_LOD1_gh_old_table_nocenter.Xvx.ard
2556	1	!ard\prefabs_Buildings_Greenhouses_LOD1_LOD1_gh_table_soil_nocenter.Xvx.ard
2557	1	!ard\prefabs_Buildings_Greenhouses_LOD1_LOD1_gh_wood_fixed_basement_corner_1_nocenter.Xvx.ard
2558	1	!ard\prefabs_Buildings_Greenhouses_LOD1_LOD1_gh_wood_fixed_basement_corner_2_nocenter.Xvx.ard
2559	1	!ard\prefabs_Buildings_Greenhouses_LOD1_LOD1_gh_wood_fixed_basement_corner_3_nocenter.Xvx.ard
2560	1	!ard\prefabs_Buildings_Greenhouses_LOD1_LOD1_gh_wood_fixed_basement_corner_4_nocenter.Xvx.ard
2561	1	!ard\prefabs_Buildings_Greenhouses_LOD1_LOD1_gh_wood_fixed_basement_door_nocenter.Xvx.ard
2562	1	!ard\prefabs_Buildings_Greenhouses_LOD1_LOD1_gh_wood_fixed_basement_nocenter.Xvx.ard
2563	1	!ard\prefabs_Buildings_Greenhouses_LOD1_LOD1_gh_wood_fixed_door_nocenter.Xvx.ard
2564	1	!ard\prefabs_Buildings_Greenhouses_LOD1_LOD1_gh_wood_fixed_roof_1_nocenter.Xvx.ard
2565	1	!ard\prefabs_Buildings_Greenhouses_LOD1_LOD1_gh_wood_fixed_wall_door_1_nocenter.Xvx.ard
2566	1	!ard\prefabs_Buildings_Greenhouses_LOD1_LOD1_gh_wood_fixed_wall_front_1_nocenter.Xvx.ard
2567	1	!ard\prefabs_Buildings_Greenhouses_LOD1_LOD1_gh_wood_fixed_window_1_1_nocenter.Xvx.ard
2568	1	!ard\prefabs_Buildings_Greenhouses_LOD1_LOD1_gh_wood_fixed_window_2_1_nocenter.Xvx.ard
2569	1	!ard\prefabs_Buildings_Greenhouses_LOD1_LOD1_gh_wood_fixed_window_4_1_nocenter.Xvx.ard
2570	1	!ard\prefabs_Buildings_Greenhouses_LOD1_LOD1_gh_wood_fixed_window_4_vent_nocenter.Xvx.ard
2571	1	!ard\prefabs_Buildings_Greenhouses_LOD1_LOD1_gh_wood_new_basement_corner_1_nocenter.Xvx.ard
2572	1	!ard\prefabs_Buildings_Greenhouses_LOD1_LOD1_gh_wood_new_basement_corner_2_nocenter.Xvx.ard
2573	1	!ard\prefabs_Buildings_Greenhouses_LOD1_LOD1_gh_wood_new_basement_corner_3_nocenter.Xvx.ard
2574	1	!ard\prefabs_Buildings_Greenhouses_LOD1_LOD1_gh_wood_new_basement_corner_4_nocenter.Xvx.ard
2575	1	!ard\prefabs_Buildings_Greenhouses_LOD1_LOD1_gh_wood_new_basement_door_nocenter.Xvx.ard
2576	1	!ard\prefabs_Buildings_Greenhouses_LOD1_LOD1_gh_wood_new_basement_nocenter.Xvx.ard
2577	1	!ard\prefabs_Buildings_Greenhouses_LOD1_LOD1_gh_wood_new_door_nocenter.Xvx.ard
2578	1	!ard\prefabs_Buildings_Greenhouses_LOD1_LOD1_gh_wood_new_roof_1_nocenter.Xvx.ard
2579	1	!ard\prefabs_Buildings_Greenhouses_LOD1_LOD1_gh_wood_new_wall_1_nocenter.Xvx.ard
2580	1	!ard\prefabs_Buildings_Greenhouses_LOD1_LOD1_gh_wood_new_wall_2_nocenter.Xvx.ard
2581	1	!ard\prefabs_Buildings_Greenhouses_LOD1_LOD1_gh_wood_new_wall_door_1_nocenter.Xvx.ard
2582	1	!ard\prefabs_Buildings_Greenhouses_LOD1_LOD1_gh_wood_new_wall_front_1_nocenter.Xvx.ard
2583	1	!ard\prefabs_Buildings_Greenhouses_LOD1_LOD1_gh_wood_new_window_1_1_nocenter.Xvx.ard
2584	1	!ard\prefabs_Buildings_Greenhouses_LOD1_LOD1_gh_wood_new_window_2_1_nocenter.Xvx.ard
2585	1	!ard\prefabs_Buildings_Greenhouses_LOD1_LOD1_gh_wood_new_window_4_nocenter.Xvx.ard
2586	1	!ard\prefabs_Buildings_Greenhouses_LOD1_LOD1_gh_wood_new_window_4_vent_nocenter.Xvx.ard
2587	1	!ard\prefabs_Buildings_Greenhouses_LOD1_LOD1_gh_wood_old_basement_1_nocenter.Xvx.ard
2588	1	!ard\prefabs_Buildings_Greenhouses_LOD1_LOD1_gh_wood_old_basement_2_nocenter.Xvx.ard
2589	1	!ard\prefabs_Buildings_Greenhouses_LOD1_LOD1_gh_wood_old_basement_corner_1_nocenter.Xvx.ard
2590	1	!ard\prefabs_Buildings_Greenhouses_LOD1_LOD1_gh_wood_old_basement_corner_2_nocenter.Xvx.ard
2591	1	!ard\prefabs_Buildings_Greenhouses_LOD1_LOD1_gh_wood_old_basement_corner_3_nocenter.Xvx.ard
2592	1	!ard\prefabs_Buildings_Greenhouses_LOD1_LOD1_gh_wood_old_basement_corner_4_nocenter.Xvx.ard
2593	1	!ard\prefabs_Buildings_Greenhouses_LOD1_LOD1_gh_wood_old_basement_door_nocenter.Xvx.ard
2594	1	!ard\prefabs_Buildings_Greenhouses_LOD1_LOD1_gh_wood_old_door_1_nocenter.Xvx.ard
2595	1	!ard\prefabs_Buildings_Greenhouses_LOD1_LOD1_gh_wood_old_door_2_nocenter.Xvx.ard
2596	1	!ard\prefabs_Buildings_Greenhouses_LOD1_LOD1_gh_wood_old_roof_2_nocenter.Xvx.ard
2597	1	!ard\prefabs_Buildings_Greenhouses_LOD1_LOD1_gh_wood_old_roof_3_nocenter.Xvx.ard
2598	1	!ard\prefabs_Buildings_Greenhouses_LOD1_LOD1_gh_wood_old_roof_4_nocenter.Xvx.ard
2599	1	!ard\prefabs_Buildings_Greenhouses_LOD1_LOD1_gh_wood_old_wall_1_nocenter.Xvx.ard
2600	1	!ard\prefabs_Buildings_Greenhouses_LOD1_LOD1_gh_wood_old_wall_2_nocenter.Xvx.ard
2601	1	!ard\prefabs_Buildings_Greenhouses_LOD1_LOD1_gh_wood_old_wall_door_1_nocenter.Xvx.ard
2602	1	!ard\prefabs_Buildings_Greenhouses_LOD1_LOD1_gh_wood_old_wall_front_1_nocenter.Xvx.ard
2603	1	!ard\prefabs_Buildings_Greenhouses_LOD1_LOD1_gh_wood_old_wall_front_2_nocenter.Xvx.ard
2604	1	!ard\prefabs_Buildings_Greenhouses_LOD1_LOD1_gh_wood_old_window_1_1_nocenter.Xvx.ard
2605	1	!ard\prefabs_Buildings_Greenhouses_LOD1_LOD1_gh_wood_old_window_1_2_nocenter.Xvx.ard
2606	1	!ard\prefabs_Buildings_Greenhouses_LOD1_LOD1_gh_wood_old_window_1_3_nocenter.Xvx.ard
2607	1	!ard\prefabs_Buildings_Greenhouses_LOD1_LOD1_gh_wood_old_window_2_1_nocenter.Xvx.ard
2608	1	!ard\prefabs_Buildings_Greenhouses_LOD1_LOD1_gh_wood_old_window_2_2_nocenter.Xvx.ard
2609	1	!ard\prefabs_Buildings_Greenhouses_LOD1_LOD1_gh_wood_old_window_2_3_nocenter.Xvx.ard
2610	1	!ard\prefabs_Buildings_Greenhouses_LOD1_LOD1_gh_wood_old_window_4_1_nocenter.Xvx.ard
2611	1	!ard\prefabs_Buildings_Greenhouses_LOD1_LOD1_gh_wood_old_window_4_2_nocenter.Xvx.ard
2612	1	!ard\prefabs_Buildings_Greenhouses_LOD1_LOD1_gh_wood_old_window_4_vent_nocenter.Xvx.ard
2613	1	!ard\prefabs_Buildings_Greenhouses_LOD2_LOD2_gh_fixed_table_nocenter.Xvx.ard
2614	1	!ard\prefabs_Buildings_Greenhouses_LOD2_LOD2_gh_metal_fixed_window_4_vent_nocenter.Xvx.ard
2615	1	!ard\prefabs_Buildings_Greenhouses_LOD2_LOD2_gh_metal_new_window_4_vent_nocenter.Xvx.ard
2616	1	!ard\prefabs_Buildings_Greenhouses_LOD2_LOD2_gh_metal_old_window_4_vent_nocenter.Xvx.ard
2617	1	!ard\prefabs_Buildings_Greenhouses_LOD2_LOD2_gh_new_seedlings_nocenter.Xvx.ard
2618	1	!ard\prefabs_Buildings_Greenhouses_LOD2_LOD2_gh_new_table_nocenter.Xvx.ard
2619	1	!ard\prefabs_Buildings_Greenhouses_LOD2_LOD2_gh_old_table_nocenter.Xvx.ard
2620	1	!ard\prefabs_Buildings_Greenhouses_LOD2_LOD2_gh_table_soil_nocenter.Xvx.ard
2621	1	!ard\prefabs_Buildings_Greenhouses_LOD2_LOD2_gh_wood_fixed_window_4_vent_nocenter.Xvx.ard
2622	1	!ard\prefabs_Buildings_Greenhouses_LOD2_LOD2_gh_wood_new_window_4_vent_nocenter.Xvx.ard
2623	1	!ard\prefabs_Buildings_Greenhouses_LOD2_LOD2_gh_wood_old_window_4_vent_nocenter.Xvx.ard
2624	1	!ard\prefabs_Buildings_held_materials_held_airbrick_nocenter.Xvx.ard
2625	1	!ard\prefabs_Buildings_held_materials_held_bitumen_nocenter.Xvx.ard
2626	1	!ard\prefabs_Buildings_held_materials_held_brick_nocenter.Xvx.ard
2627	1	!ard\prefabs_Buildings_held_materials_held_brush_nocenter.Xvx.ard
2628	1	!ard\prefabs_Buildings_held_materials_held_ceramic_roof_nocenter.Xvx.ard
2629	1	!ard\prefabs_Buildings_held_materials_held_greenhouse_glass_nocenter.Xvx.ard
2630	1	!ard\prefabs_Buildings_held_materials_held_grinder_nocenter.Xvx.ard
2631	1	!ard\prefabs_Buildings_held_materials_held_hammer_nocenter.Xvx.ard
2632	1	!ard\prefabs_Buildings_held_materials_held_ladder_nocenter.Xvx.ard
2633	1	!ard\prefabs_Buildings_held_materials_held_metal_planks_nocenter.Xvx.ard
2634	1	!ard\prefabs_Buildings_held_materials_held_metal_red_roof_nocenter.Xvx.ard
2635	1	!ard\prefabs_Buildings_held_materials_held_metal_roof_nocenter.Xvx.ard
2636	1	!ard\prefabs_Buildings_held_materials_held_nailer_nocenter.Xvx.ard
2637	1	!ard\prefabs_Buildings_held_materials_held_plaster_nocenter.Xvx.ard
2638	1	!ard\prefabs_Buildings_held_materials_held_rivetgun_nocenter.Xvx.ard
2639	1	!ard\prefabs_Buildings_held_materials_held_shingle_green_nocenter.Xvx.ard
2640	1	!ard\prefabs_Buildings_held_materials_held_shingle_nocenter.Xvx.ard
2641	1	!ard\prefabs_Buildings_held_materials_held_solar_panel_nocenter.Xvx.ard
2642	1	!ard\prefabs_Buildings_held_materials_held_trowel_nocenter.Xvx.ard
2643	1	!ard\prefabs_Buildings_held_materials_held_wood_nocenter.Xvx.ard
2644	1	!ard\prefabs_Buildings_henhouse_hh_bitumen_new_roof_2_1_nocenter.Xvx.ard
2645	1	!ard\prefabs_Buildings_henhouse_hh_ceramic_new_roof_2_1_nocenter.Xvx.ard
2646	1	!ard\prefabs_Buildings_henhouse_hh_concrete_fixed_floor_1_1_nocenter.Xvx.ard
2647	1	!ard\prefabs_Buildings_henhouse_hh_metal_red_new_roof_2_1_nocenter.Xvx.ard
2648	1	!ard\prefabs_Buildings_henhouse_hh_metal_white_new_roof_2_1_nocenter.Xvx.ard
2649	1	!ard\prefabs_Buildings_henhouse_hh_PV_new_roof_3_1_nocenter.Xvx.ard
2650	1	!ard\prefabs_Buildings_henhouse_hh_shingle_new_roof_2_1_nocenter.Xvx.ard
2651	1	!ard\prefabs_Buildings_henhouse_hh_shingle_new_roof_3_1_nocenter.Xvx.ard
2652	1	!ard\prefabs_Buildings_henhouse_hh_wood_fixed_door_1_1_nocenter.Xvx.ard
2653	1	!ard\prefabs_Buildings_henhouse_hh_wood_fixed_door_1_2_nocenter.Xvx.ard
2654	1	!ard\prefabs_Buildings_henhouse_hh_wood_fixed_door_2_1_nocenter.Xvx.ard
2655	1	!ard\prefabs_Buildings_henhouse_hh_wood_fixed_fence_1_1_nocenter.Xvx.ard
2656	1	!ard\prefabs_Buildings_henhouse_hh_wood_fixed_fence_1_2_nocenter.Xvx.ard
2657	1	!ard\prefabs_Buildings_henhouse_hh_wood_fixed_fence_1_3_nocenter.Xvx.ard
2658	1	!ard\prefabs_Buildings_henhouse_hh_wood_fixed_fence_2_1_nocenter.Xvx.ard
2659	1	!ard\prefabs_Buildings_henhouse_hh_wood_fixed_henbox_1_1_nocenter.Xvx.ard
2660	1	!ard\prefabs_Buildings_henhouse_hh_wood_fixed_henbox_1_2_nocenter.Xvx.ard
2661	1	!ard\prefabs_Buildings_henhouse_hh_wood_fixed_pylon_1_1_nocenter.Xvx.ard
2662	1	!ard\prefabs_Buildings_henhouse_hh_wood_fixed_pylon_1_2_nocenter.Xvx.ard
2663	1	!ard\prefabs_Buildings_henhouse_hh_wood_fixed_roof_1_1_nocenter.Xvx.ard
2664	1	!ard\prefabs_Buildings_henhouse_hh_wood_fixed_roof_1_2_nocenter.Xvx.ard
2665	1	!ard\prefabs_Buildings_henhouse_hh_wood_fixed_roof_1_3_nocenter.Xvx.ard
2666	1	!ard\prefabs_Buildings_henhouse_hh_wood_fixed_roof_front_1_1_nocenter.Xvx.ard
2667	1	!ard\prefabs_Buildings_henhouse_hh_wood_fixed_roof_front_1_2_nocenter.Xvx.ard
2668	1	!ard\prefabs_Buildings_henhouse_hh_wood_fixed_roost_1_1_nocenter.Xvx.ard
2669	1	!ard\prefabs_Buildings_henhouse_hh_wood_fixed_roost_1_2_nocenter.Xvx.ard
2670	1	!ard\prefabs_Buildings_henhouse_hh_wood_fixed_wall_1_1_nocenter.Xvx.ard
2671	1	!ard\prefabs_Buildings_henhouse_hh_wood_fixed_wall_1_2_nocenter.Xvx.ard
2672	1	!ard\prefabs_Buildings_henhouse_hh_wood_fixed_wall_corner_1_1_nocenter.Xvx.ard
2673	1	!ard\prefabs_Buildings_henhouse_hh_wood_fixed_wall_corner_1_2_nocenter.Xvx.ard
2674	1	!ard\prefabs_Buildings_henhouse_hh_wood_fixed_wall_corner_2_1_nocenter.Xvx.ard
2675	1	!ard\prefabs_Buildings_henhouse_hh_wood_fixed_wall_corner_2_2_nocenter.Xvx.ard
2676	1	!ard\prefabs_Buildings_henhouse_hh_wood_fixed_wall_door_1_1_nocenter.Xvx.ard
2677	1	!ard\prefabs_Buildings_henhouse_hh_wood_fixed_wall_door_1_2_nocenter.Xvx.ard
2678	1	!ard\prefabs_Buildings_henhouse_hh_wood_fixed_wall_window_1_1_nocenter.Xvx.ard
2679	1	!ard\prefabs_Buildings_henhouse_hh_wood_fixed_wall_window_1_2_nocenter.Xvx.ard
2680	1	!ard\prefabs_Buildings_henhouse_hh_wood_fixed_wall_window_2_1_nocenter.Xvx.ard
2681	1	!ard\prefabs_Buildings_henhouse_hh_wood_fixed_wall_window_2_2_nocenter.Xvx.ard
2682	1	!ard\prefabs_Buildings_henhouse_hh_wood_new_door_1_1_nocenter.Xvx.ard
2683	1	!ard\prefabs_Buildings_henhouse_hh_wood_new_door_2_1_nocenter.Xvx.ard
2684	1	!ard\prefabs_Buildings_henhouse_hh_wood_new_fence_1_1_nocenter.Xvx.ard
2685	1	!ard\prefabs_Buildings_henhouse_hh_wood_new_fence_2_1_nocenter.Xvx.ard
2686	1	!ard\prefabs_Buildings_henhouse_hh_wood_new_fence_3_1_nocenter.Xvx.ard
2687	1	!ard\prefabs_Buildings_henhouse_hh_wood_new_hay_1_1_nocenter.Xvx.ard
2688	1	!ard\prefabs_Buildings_henhouse_hh_wood_new_henbox_1_1_nocenter.Xvx.ard
2689	1	!ard\prefabs_Buildings_henhouse_hh_wood_new_pylon_1_1_nocenter.Xvx.ard
2690	1	!ard\prefabs_Buildings_henhouse_hh_wood_new_roof_1_1_nocenter.Xvx.ard
2691	1	!ard\prefabs_Buildings_henhouse_hh_wood_new_roof_front_1_1_nocenter.Xvx.ard
2692	1	!ard\prefabs_Buildings_henhouse_hh_wood_new_roost_1_1_nocenter.Xvx.ard
2693	1	!ard\prefabs_Buildings_henhouse_hh_wood_new_wall_1_1_nocenter.Xvx.ard
2694	1	!ard\prefabs_Buildings_henhouse_hh_wood_new_wall_corner_1_1_nocenter.Xvx.ard
2695	1	!ard\prefabs_Buildings_henhouse_hh_wood_new_wall_corner_2_1_nocenter.Xvx.ard
2696	1	!ard\prefabs_Buildings_henhouse_hh_wood_new_wall_door_1_1_nocenter.Xvx.ard
2697	1	!ard\prefabs_Buildings_henhouse_hh_wood_new_wall_window_1_1_nocenter.Xvx.ard
2698	1	!ard\prefabs_Buildings_henhouse_hh_wood_new_wall_window_2_1_nocenter.Xvx.ard
2699	1	!ard\prefabs_Buildings_henhouse_hh_wood_old_door_1_2_nocenter.Xvx.ard
2700	1	!ard\prefabs_Buildings_henhouse_hh_wood_old_fence_1_2_nocenter.Xvx.ard
2701	1	!ard\prefabs_Buildings_henhouse_hh_wood_old_fence_1_3_nocenter.Xvx.ard
2702	1	!ard\prefabs_Buildings_henhouse_hh_wood_old_fence_3_1_nocenter.Xvx.ard
2703	1	!ard\prefabs_Buildings_henhouse_hh_wood_old_henbox_1_2_nocenter.Xvx.ard
2704	1	!ard\prefabs_Buildings_henhouse_hh_wood_old_roof_1_2_nocenter.Xvx.ard
2705	1	!ard\prefabs_Buildings_henhouse_hh_wood_old_roof_1_3_nocenter.Xvx.ard
2706	1	!ard\prefabs_Buildings_henhouse_hh_wood_old_roof_front_1_2_nocenter.Xvx.ard
2707	1	!ard\prefabs_Buildings_henhouse_hh_wood_old_roost_1_2_nocenter.Xvx.ard
2708	1	!ard\prefabs_Buildings_henhouse_hh_wood_old_wall_1_2_nocenter.Xvx.ard
2709	1	!ard\prefabs_Buildings_henhouse_hh_wood_old_wall_corner_1_1_nocenter.Xvx.ard
2710	1	!ard\prefabs_Buildings_henhouse_hh_wood_old_wall_corner_1_2_nocenter.Xvx.ard
2711	1	!ard\prefabs_Buildings_henhouse_hh_wood_old_wall_corner_2_1_nocenter.Xvx.ard
2712	1	!ard\prefabs_Buildings_henhouse_hh_wood_old_wall_corner_2_2_nocenter.Xvx.ard
2713	1	!ard\prefabs_Buildings_henhouse_hh_wood_old_wall_door_1_2_nocenter.Xvx.ard
2714	1	!ard\prefabs_Buildings_henhouse_hh_wood_old_wall_window_1_2_nocenter.Xvx.ard
2715	1	!ard\prefabs_Buildings_henhouse_hh_wood_old_wall_window_2_2_nocenter.Xvx.ard
2716	1	!ard\prefabs_Buildings_henhouse_hh_wood_painted_door_1_1_nocenter.Xvx.ard
2717	1	!ard\prefabs_Buildings_henhouse_hh_wood_painted_door_2_1_nocenter.Xvx.ard
2718	1	!ard\prefabs_Buildings_henhouse_hh_wood_painted_fence_1_1_nocenter.Xvx.ard
2719	1	!ard\prefabs_Buildings_henhouse_hh_wood_painted_fence_2_1_nocenter.Xvx.ard
2720	1	!ard\prefabs_Buildings_henhouse_hh_wood_painted_fence_3_1_nocenter.Xvx.ard
2721	1	!ard\prefabs_Buildings_henhouse_hh_wood_painted_henbox_1_1_nocenter.Xvx.ard
2722	1	!ard\prefabs_Buildings_henhouse_hh_wood_painted_pylon_1_1_nocenter.Xvx.ard
2723	1	!ard\prefabs_Buildings_henhouse_hh_wood_painted_roof_1_1_nocenter.Xvx.ard
2724	1	!ard\prefabs_Buildings_henhouse_hh_wood_painted_roof_front_1_1_nocenter.Xvx.ard
2725	1	!ard\prefabs_Buildings_henhouse_hh_wood_painted_roost_1_1_nocenter.Xvx.ard
2726	1	!ard\prefabs_Buildings_henhouse_hh_wood_painted_wall_1_1_nocenter.Xvx.ard
2727	1	!ard\prefabs_Buildings_henhouse_hh_wood_painted_wall_corner_1_1_nocenter.Xvx.ard
2728	1	!ard\prefabs_Buildings_henhouse_hh_wood_painted_wall_corner_2_1_nocenter.Xvx.ard
2729	1	!ard\prefabs_Buildings_henhouse_hh_wood_painted_wall_door_1_1_nocenter.Xvx.ard
2730	1	!ard\prefabs_Buildings_henhouse_hh_wood_painted_wall_window_1_1_nocenter.Xvx.ard
2731	1	!ard\prefabs_Buildings_henhouse_hh_wood_painted_wall_window_2_1_nocenter.Xvx.ard
2732	1	!ard\prefabs_Buildings_henhouse_LOD1_LOD1_hh_wood_fixed_door_1_1_nocenter.Xvx.ard
2733	1	!ard\prefabs_Buildings_henhouse_LOD1_LOD1_hh_wood_fixed_door_1_2_nocenter.Xvx.ard
2734	1	!ard\prefabs_Buildings_henhouse_LOD1_LOD1_hh_wood_fixed_henbox_1_1_nocenter.Xvx.ard
2735	1	!ard\prefabs_Buildings_henhouse_LOD1_LOD1_hh_wood_fixed_henbox_1_2_nocenter.Xvx.ard
2736	1	!ard\prefabs_Buildings_henhouse_LOD1_LOD1_hh_wood_fixed_wall_1_1_nocenter.Xvx.ard
2737	1	!ard\prefabs_Buildings_henhouse_LOD1_LOD1_hh_wood_fixed_wall_1_2_nocenter.Xvx.ard
2738	1	!ard\prefabs_Buildings_henhouse_LOD1_LOD1_hh_wood_fixed_wall_corner_1_1_nocenter.Xvx.ard
2739	1	!ard\prefabs_Buildings_henhouse_LOD1_LOD1_hh_wood_fixed_wall_corner_1_2_nocenter.Xvx.ard
2740	1	!ard\prefabs_Buildings_henhouse_LOD1_LOD1_hh_wood_fixed_wall_corner_2_1_nocenter.Xvx.ard
2741	1	!ard\prefabs_Buildings_henhouse_LOD1_LOD1_hh_wood_fixed_wall_corner_2_2_nocenter.Xvx.ard
2742	1	!ard\prefabs_Buildings_henhouse_LOD1_LOD1_hh_wood_fixed_wall_door_1_1_nocenter.Xvx.ard
2743	1	!ard\prefabs_Buildings_henhouse_LOD1_LOD1_hh_wood_fixed_wall_door_1_2_nocenter.Xvx.ard
2744	1	!ard\prefabs_Buildings_henhouse_LOD1_LOD1_hh_wood_fixed_wall_window_1_1_nocenter.Xvx.ard
2745	1	!ard\prefabs_Buildings_henhouse_LOD1_LOD1_hh_wood_fixed_wall_window_1_2_nocenter.Xvx.ard
2746	1	!ard\prefabs_Buildings_henhouse_LOD1_LOD1_hh_wood_fixed_wall_window_2_1_nocenter.Xvx.ard
2747	1	!ard\prefabs_Buildings_henhouse_LOD1_LOD1_hh_wood_fixed_wall_window_2_2_nocenter.Xvx.ard
2748	1	!ard\prefabs_Buildings_henhouse_LOD1_LOD1_hh_wood_new_door_1_1_nocenter.Xvx.ard
2749	1	!ard\prefabs_Buildings_henhouse_LOD1_LOD1_hh_wood_new_henbox_1_1_nocenter.Xvx.ard
2750	1	!ard\prefabs_Buildings_henhouse_LOD1_LOD1_hh_wood_new_wall_1_1_nocenter.Xvx.ard
2751	1	!ard\prefabs_Buildings_henhouse_LOD1_LOD1_hh_wood_new_wall_corner_1_1_nocenter.Xvx.ard
2752	1	!ard\prefabs_Buildings_henhouse_LOD1_LOD1_hh_wood_new_wall_corner_2_1_nocenter.Xvx.ard
2753	1	!ard\prefabs_Buildings_henhouse_LOD1_LOD1_hh_wood_new_wall_door_1_1_nocenter.Xvx.ard
2754	1	!ard\prefabs_Buildings_henhouse_LOD1_LOD1_hh_wood_new_wall_window_1_1_nocenter.Xvx.ard
2755	1	!ard\prefabs_Buildings_henhouse_LOD1_LOD1_hh_wood_new_wall_window_2_1_nocenter.Xvx.ard
2756	1	!ard\prefabs_Buildings_henhouse_LOD1_LOD1_hh_wood_old_door_1_2_nocenter.Xvx.ard
2757	1	!ard\prefabs_Buildings_henhouse_LOD1_LOD1_hh_wood_old_henbox_1_2_nocenter.Xvx.ard
2758	1	!ard\prefabs_Buildings_henhouse_LOD1_LOD1_hh_wood_old_wall_1_2_nocenter.Xvx.ard
2759	1	!ard\prefabs_Buildings_henhouse_LOD1_LOD1_hh_wood_old_wall_corner_1_2_nocenter.Xvx.ard
2760	1	!ard\prefabs_Buildings_henhouse_LOD1_LOD1_hh_wood_old_wall_corner_2_2_nocenter.Xvx.ard
2761	1	!ard\prefabs_Buildings_henhouse_LOD1_LOD1_hh_wood_old_wall_door_1_2_nocenter.Xvx.ard
2762	1	!ard\prefabs_Buildings_henhouse_LOD1_LOD1_hh_wood_old_wall_window_1_2_nocenter.Xvx.ard
2763	1	!ard\prefabs_Buildings_henhouse_LOD1_LOD1_hh_wood_old_wall_window_2_2_nocenter.Xvx.ard
2764	1	!ard\prefabs_Buildings_henhouse_LOD1_LOD1_hh_wood_painted_door_1_1_nocenter.Xvx.ard
2765	1	!ard\prefabs_Buildings_henhouse_LOD1_LOD1_hh_wood_painted_henbox_1_1_nocenter.Xvx.ard
2766	1	!ard\prefabs_Buildings_henhouse_LOD1_LOD1_hh_wood_painted_wall_1_1_nocenter.Xvx.ard
2767	1	!ard\prefabs_Buildings_henhouse_LOD1_LOD1_hh_wood_painted_wall_corner_1_1_nocenter.Xvx.ard
2768	1	!ard\prefabs_Buildings_henhouse_LOD1_LOD1_hh_wood_painted_wall_corner_2_1_nocenter.Xvx.ard
2769	1	!ard\prefabs_Buildings_henhouse_LOD1_LOD1_hh_wood_painted_wall_door_1_1_nocenter.Xvx.ard
2770	1	!ard\prefabs_Buildings_henhouse_LOD1_LOD1_hh_wood_painted_wall_window_1_1_nocenter.Xvx.ard
2771	1	!ard\prefabs_Buildings_henhouse_LOD1_LOD1_hh_wood_painted_wall_window_2_1_nocenter.Xvx.ard
2772	1	!ard\prefabs_Buildings_henhouse_LOD2_LOD2_hh_bitumen_new_roof_2_1_nocenter.Xvx.ard
2773	1	!ard\prefabs_Buildings_henhouse_LOD2_LOD2_hh_ceramic_new_roof_2_1_nocenter.Xvx.ard
2774	1	!ard\prefabs_Buildings_henhouse_LOD2_LOD2_hh_concrete_fixed_floor_1_1_nocenter.Xvx.ard
2775	1	!ard\prefabs_Buildings_henhouse_LOD2_LOD2_hh_metal_red_new_roof_2_1_nocenter.Xvx.ard
2776	1	!ard\prefabs_Buildings_henhouse_LOD2_LOD2_hh_metal_white_new_roof_2_1_nocenter.Xvx.ard
2777	1	!ard\prefabs_Buildings_henhouse_LOD2_LOD2_hh_shingle_new_roof_2_1_nocenter.Xvx.ard
2778	1	!ard\prefabs_Buildings_henhouse_LOD2_LOD2_hh_wood_fixed_door_1_1_nocenter.Xvx.ard
2779	1	!ard\prefabs_Buildings_henhouse_LOD2_LOD2_hh_wood_fixed_door_1_2_nocenter.Xvx.ard
2780	1	!ard\prefabs_Buildings_henhouse_LOD2_LOD2_hh_wood_fixed_door_2_1_nocenter.Xvx.ard
2781	1	!ard\prefabs_Buildings_henhouse_LOD2_LOD2_hh_wood_fixed_fence_1_1_nocenter.Xvx.ard
2782	1	!ard\prefabs_Buildings_henhouse_LOD2_LOD2_hh_wood_fixed_fence_1_2_nocenter.Xvx.ard
2783	1	!ard\prefabs_Buildings_henhouse_LOD2_LOD2_hh_wood_fixed_fence_1_3_nocenter.Xvx.ard
2784	1	!ard\prefabs_Buildings_henhouse_LOD2_LOD2_hh_wood_fixed_fence_2_1_nocenter.Xvx.ard
2785	1	!ard\prefabs_Buildings_henhouse_LOD2_LOD2_hh_wood_fixed_henbox_1_1_nocenter.Xvx.ard
2786	1	!ard\prefabs_Buildings_henhouse_LOD2_LOD2_hh_wood_fixed_henbox_1_2_nocenter.Xvx.ard
2787	1	!ard\prefabs_Buildings_henhouse_LOD2_LOD2_hh_wood_fixed_pylon_1_1_nocenter.Xvx.ard
2788	1	!ard\prefabs_Buildings_henhouse_LOD2_LOD2_hh_wood_fixed_pylon_1_2_nocenter.Xvx.ard
2789	1	!ard\prefabs_Buildings_henhouse_LOD2_LOD2_hh_wood_fixed_roof_1_1_nocenter.Xvx.ard
2790	1	!ard\prefabs_Buildings_henhouse_LOD2_LOD2_hh_wood_fixed_roof_1_2_nocenter.Xvx.ard
2791	1	!ard\prefabs_Buildings_henhouse_LOD2_LOD2_hh_wood_fixed_roof_1_3_nocenter.Xvx.ard
2792	1	!ard\prefabs_Buildings_henhouse_LOD2_LOD2_hh_wood_fixed_roof_front_1_1_nocenter.Xvx.ard
2793	1	!ard\prefabs_Buildings_henhouse_LOD2_LOD2_hh_wood_fixed_roof_front_1_2_nocenter.Xvx.ard
2794	1	!ard\prefabs_Buildings_henhouse_LOD2_LOD2_hh_wood_fixed_roost_1_1_nocenter.Xvx.ard
2795	1	!ard\prefabs_Buildings_henhouse_LOD2_LOD2_hh_wood_fixed_roost_1_2_nocenter.Xvx.ard
2796	1	!ard\prefabs_Buildings_henhouse_LOD2_LOD2_hh_wood_fixed_wall_1_1_nocenter.Xvx.ard
2797	1	!ard\prefabs_Buildings_henhouse_LOD2_LOD2_hh_wood_fixed_wall_1_2_nocenter.Xvx.ard
2798	1	!ard\prefabs_Buildings_henhouse_LOD2_LOD2_hh_wood_fixed_wall_corner_1_1_nocenter.Xvx.ard
2799	1	!ard\prefabs_Buildings_henhouse_LOD2_LOD2_hh_wood_fixed_wall_corner_1_2_nocenter.Xvx.ard
2800	1	!ard\prefabs_Buildings_henhouse_LOD2_LOD2_hh_wood_fixed_wall_corner_2_1_nocenter.Xvx.ard
2801	1	!ard\prefabs_Buildings_henhouse_LOD2_LOD2_hh_wood_fixed_wall_corner_2_2_nocenter.Xvx.ard
2802	1	!ard\prefabs_Buildings_henhouse_LOD2_LOD2_hh_wood_fixed_wall_door_1_1_nocenter.Xvx.ard
2803	1	!ard\prefabs_Buildings_henhouse_LOD2_LOD2_hh_wood_fixed_wall_door_1_2_nocenter.Xvx.ard
2804	1	!ard\prefabs_Buildings_henhouse_LOD2_LOD2_hh_wood_fixed_wall_window_1_1_nocenter.Xvx.ard
2805	1	!ard\prefabs_Buildings_henhouse_LOD2_LOD2_hh_wood_fixed_wall_window_1_2_nocenter.Xvx.ard
2806	1	!ard\prefabs_Buildings_henhouse_LOD2_LOD2_hh_wood_fixed_wall_window_2_1_nocenter.Xvx.ard
2807	1	!ard\prefabs_Buildings_henhouse_LOD2_LOD2_hh_wood_fixed_wall_window_2_2_nocenter.Xvx.ard
2808	1	!ard\prefabs_Buildings_henhouse_LOD2_LOD2_hh_wood_new_door_1_1_nocenter.Xvx.ard
2809	1	!ard\prefabs_Buildings_henhouse_LOD2_LOD2_hh_wood_new_door_2_1_nocenter.Xvx.ard
2810	1	!ard\prefabs_Buildings_henhouse_LOD2_LOD2_hh_wood_new_fence_1_1_nocenter.Xvx.ard
2811	1	!ard\prefabs_Buildings_henhouse_LOD2_LOD2_hh_wood_new_fence_2_1_nocenter.Xvx.ard
2812	1	!ard\prefabs_Buildings_henhouse_LOD2_LOD2_hh_wood_new_hay_1_1_nocenter.Xvx.ard
2813	1	!ard\prefabs_Buildings_henhouse_LOD2_LOD2_hh_wood_new_henbox_1_1_nocenter.Xvx.ard
2814	1	!ard\prefabs_Buildings_henhouse_LOD2_LOD2_hh_wood_new_pylon_1_1_nocenter.Xvx.ard
2815	1	!ard\prefabs_Buildings_henhouse_LOD2_LOD2_hh_wood_new_roof_1_1_nocenter.Xvx.ard
2816	1	!ard\prefabs_Buildings_henhouse_LOD2_LOD2_hh_wood_new_roof_front_1_1_nocenter.Xvx.ard
2817	1	!ard\prefabs_Buildings_henhouse_LOD2_LOD2_hh_wood_new_roost_1_1_nocenter.Xvx.ard
2818	1	!ard\prefabs_Buildings_henhouse_LOD2_LOD2_hh_wood_new_wall_1_1_nocenter.Xvx.ard
2819	1	!ard\prefabs_Buildings_henhouse_LOD2_LOD2_hh_wood_new_wall_corner_1_1_nocenter.Xvx.ard
2820	1	!ard\prefabs_Buildings_henhouse_LOD2_LOD2_hh_wood_new_wall_corner_2_1_nocenter.Xvx.ard
2821	1	!ard\prefabs_Buildings_henhouse_LOD2_LOD2_hh_wood_new_wall_door_1_1_nocenter.Xvx.ard
2822	1	!ard\prefabs_Buildings_henhouse_LOD2_LOD2_hh_wood_new_wall_window_1_1_nocenter.Xvx.ard
2823	1	!ard\prefabs_Buildings_henhouse_LOD2_LOD2_hh_wood_new_wall_window_2_1_nocenter.Xvx.ard
2824	1	!ard\prefabs_Buildings_henhouse_LOD2_LOD2_hh_wood_old_door_1_2_nocenter.Xvx.ard
2825	1	!ard\prefabs_Buildings_henhouse_LOD2_LOD2_hh_wood_old_fence_1_2_nocenter.Xvx.ard
2826	1	!ard\prefabs_Buildings_henhouse_LOD2_LOD2_hh_wood_old_fence_1_3_nocenter.Xvx.ard
2827	1	!ard\prefabs_Buildings_henhouse_LOD2_LOD2_hh_wood_old_henbox_1_2_nocenter.Xvx.ard
2828	1	!ard\prefabs_Buildings_henhouse_LOD2_LOD2_hh_wood_old_roof_1_2_nocenter.Xvx.ard
2829	1	!ard\prefabs_Buildings_henhouse_LOD2_LOD2_hh_wood_old_roof_1_3_nocenter.Xvx.ard
2830	1	!ard\prefabs_Buildings_henhouse_LOD2_LOD2_hh_wood_old_roof_front_1_2_nocenter.Xvx.ard
2831	1	!ard\prefabs_Buildings_henhouse_LOD2_LOD2_hh_wood_old_roost_1_2_nocenter.Xvx.ard
2832	1	!ard\prefabs_Buildings_henhouse_LOD2_LOD2_hh_wood_old_wall_1_2_nocenter.Xvx.ard
2833	1	!ard\prefabs_Buildings_henhouse_LOD2_LOD2_hh_wood_old_wall_corner_1_2_nocenter.Xvx.ard
2834	1	!ard\prefabs_Buildings_henhouse_LOD2_LOD2_hh_wood_old_wall_corner_2_2_nocenter.Xvx.ard
2835	1	!ard\prefabs_Buildings_henhouse_LOD2_LOD2_hh_wood_old_wall_door_1_2_nocenter.Xvx.ard
2836	1	!ard\prefabs_Buildings_henhouse_LOD2_LOD2_hh_wood_old_wall_window_1_2_nocenter.Xvx.ard
2837	1	!ard\prefabs_Buildings_henhouse_LOD2_LOD2_hh_wood_old_wall_window_2_2_nocenter.Xvx.ard
2838	1	!ard\prefabs_Buildings_henhouse_LOD2_LOD2_hh_wood_painted_door_1_1_nocenter.Xvx.ard
2839	1	!ard\prefabs_Buildings_henhouse_LOD2_LOD2_hh_wood_painted_door_2_1_nocenter.Xvx.ard
2840	1	!ard\prefabs_Buildings_henhouse_LOD2_LOD2_hh_wood_painted_fence_1_1_nocenter.Xvx.ard
2841	1	!ard\prefabs_Buildings_henhouse_LOD2_LOD2_hh_wood_painted_fence_2_1_nocenter.Xvx.ard
2842	1	!ard\prefabs_Buildings_henhouse_LOD2_LOD2_hh_wood_painted_henbox_1_1_nocenter.Xvx.ard
2843	1	!ard\prefabs_Buildings_henhouse_LOD2_LOD2_hh_wood_painted_pylon_1_1_nocenter.Xvx.ard
2844	1	!ard\prefabs_Buildings_henhouse_LOD2_LOD2_hh_wood_painted_roof_1_1_nocenter.Xvx.ard
2845	1	!ard\prefabs_Buildings_henhouse_LOD2_LOD2_hh_wood_painted_roof_front_1_1_nocenter.Xvx.ard
2846	1	!ard\prefabs_Buildings_henhouse_LOD2_LOD2_hh_wood_painted_roost_1_1_nocenter.Xvx.ard
2847	1	!ard\prefabs_Buildings_henhouse_LOD2_LOD2_hh_wood_painted_wall_1_1_nocenter.Xvx.ard
2848	1	!ard\prefabs_Buildings_henhouse_LOD2_LOD2_hh_wood_painted_wall_corner_1_1_nocenter.Xvx.ard
2849	1	!ard\prefabs_Buildings_henhouse_LOD2_LOD2_hh_wood_painted_wall_corner_2_1_nocenter.Xvx.ard
2850	1	!ard\prefabs_Buildings_henhouse_LOD2_LOD2_hh_wood_painted_wall_door_1_1_nocenter.Xvx.ard
2851	1	!ard\prefabs_Buildings_henhouse_LOD2_LOD2_hh_wood_painted_wall_window_1_1_nocenter.Xvx.ard
2852	1	!ard\prefabs_Buildings_henhouse_LOD2_LOD2_hh_wood_painted_wall_window_2_1_nocenter.Xvx.ard
2853	1	!ard\prefabs_Buildings_hives_hives_001_nocenter.Xvx.ard
2854	1	!ard\prefabs_Buildings_hives_hives_002_nocenter.Xvx.ard
2855	1	!ard\prefabs_Buildings_hives_hives_003_nocenter.Xvx.ard
2856	1	!ard\prefabs_Buildings_hives_hives_004_nocenter.Xvx.ard
2857	1	!ard\prefabs_Buildings_houses_hs_airbrick_fixed_front_wall_1_1_nocenter.Xvx.ard
2858	1	!ard\prefabs_Buildings_houses_hs_airbrick_fixed_wall_1_1_nocenter.Xvx.ard
2859	1	!ard\prefabs_Buildings_houses_hs_airbrick_fixed_wall_1_2_nocenter.Xvx.ard
2860	1	!ard\prefabs_Buildings_houses_hs_airbrick_fixed_wall_corner_1_1_nocenter.Xvx.ard
2861	1	!ard\prefabs_Buildings_houses_hs_airbrick_fixed_wall_corner_2_1_nocenter.Xvx.ard
2862	1	!ard\prefabs_Buildings_houses_hs_airbrick_fixed_wall_corner_2_2_nocenter.Xvx.ard
2863	1	!ard\prefabs_Buildings_houses_hs_airbrick_fixed_wall_corner_2_3_nocenter.Xvx.ard
2864	1	!ard\prefabs_Buildings_houses_hs_airbrick_fixed_wall_door_1_1_nocenter.Xvx.ard
2865	1	!ard\prefabs_Buildings_houses_hs_airbrick_fixed_wall_porch_1_1_nocenter.Xvx.ard
2866	1	!ard\prefabs_Buildings_houses_hs_airbrick_fixed_wall_window_1_1_nocenter.Xvx.ard
2867	1	!ard\prefabs_Buildings_houses_hs_airbrick_fixed_wall_window_2_1_nocenter.Xvx.ard
2868	1	!ard\prefabs_Buildings_houses_hs_airbrick_fixed_wall_window_3_1_nocenter.Xvx.ard
2869	1	!ard\prefabs_Buildings_houses_hs_airbrick_fixed_wall_window_3_2_nocenter.Xvx.ard
2870	1	!ard\prefabs_Buildings_houses_hs_airbrick_fixed_wall_window_4_1_nocenter.Xvx.ard
2871	1	!ard\prefabs_Buildings_houses_hs_airbrick_fixed_wall_window_4_2_nocenter.Xvx.ard
2872	1	!ard\prefabs_Buildings_houses_hs_airbrick_new_front_wall_1_1_nocenter.Xvx.ard
2873	1	!ard\prefabs_Buildings_houses_hs_airbrick_new_wall_1_1_nocenter.Xvx.ard
2874	1	!ard\prefabs_Buildings_houses_hs_airbrick_new_wall_corner_1_1_nocenter.Xvx.ard
2875	1	!ard\prefabs_Buildings_houses_hs_airbrick_new_wall_corner_2_1_nocenter.Xvx.ard
2876	1	!ard\prefabs_Buildings_houses_hs_airbrick_new_wall_corner_2_2_nocenter.Xvx.ard
2877	1	!ard\prefabs_Buildings_houses_hs_airbrick_new_wall_door_1_1_nocenter.Xvx.ard
2878	1	!ard\prefabs_Buildings_houses_hs_airbrick_new_wall_porch_1_1_nocenter.Xvx.ard
2879	1	!ard\prefabs_Buildings_houses_hs_airbrick_new_wall_window_1_1_nocenter.Xvx.ard
2880	1	!ard\prefabs_Buildings_houses_hs_airbrick_new_wall_window_2_1_nocenter.Xvx.ard
2881	1	!ard\prefabs_Buildings_houses_hs_airbrick_new_wall_window_3_1_nocenter.Xvx.ard
2882	1	!ard\prefabs_Buildings_houses_hs_airbrick_new_wall_window_4_1_nocenter.Xvx.ard
2883	1	!ard\prefabs_Buildings_houses_hs_airbrick_old_wall_1_2_nocenter.Xvx.ard
2884	1	!ard\prefabs_Buildings_houses_hs_airbrick_old_wall_corner_2_3_nocenter.Xvx.ard
2885	1	!ard\prefabs_Buildings_houses_hs_airbrick_old_wall_window_3_2_nocenter.Xvx.ard
2886	1	!ard\prefabs_Buildings_houses_hs_airbrick_old_wall_window_4_2_nocenter.Xvx.ard
2887	1	!ard\prefabs_Buildings_houses_hs_bitumen_fixed_roof_porch_1_1_nocenter.Xvx.ard
2888	1	!ard\prefabs_Buildings_houses_hs_bitumen_new_roof_2_2_nocenter.Xvx.ard
2889	1	!ard\prefabs_Buildings_houses_hs_bitumen_new_roof_front_2_1_nocenter.Xvx.ard
2890	1	!ard\prefabs_Buildings_houses_hs_bitumen_new_roof_front_2_2_nocenter.Xvx.ard
2891	1	!ard\prefabs_Buildings_houses_hs_brick_fixed_chimney_1_1_nocenter.Xvx.ard
2892	1	!ard\prefabs_Buildings_houses_hs_brick_fixed_chimney_1_2_nocenter.Xvx.ard
2893	1	!ard\prefabs_Buildings_houses_hs_brick_fixed_front_wall_1_1_nocenter.Xvx.ard
2894	1	!ard\prefabs_Buildings_houses_hs_brick_fixed_innerwall_1_1_nocenter.Xvx.ard
2895	1	!ard\prefabs_Buildings_houses_hs_brick_fixed_innerwall_1_2_nocenter.Xvx.ard
2896	1	!ard\prefabs_Buildings_houses_hs_brick_fixed_innerwall_corner_1_1_nocenter.Xvx.ard
2897	1	!ard\prefabs_Buildings_houses_hs_brick_fixed_innerwall_corner_1_2_nocenter.Xvx.ard
2898	1	!ard\prefabs_Buildings_houses_hs_brick_fixed_innerwall_corner_window_1_1_nocenter.Xvx.ard
2899	1	!ard\prefabs_Buildings_houses_hs_brick_fixed_innerwall_corner_window_1_2_nocenter.Xvx.ard
2900	1	!ard\prefabs_Buildings_houses_hs_brick_fixed_innerwall_door_1_1_nocenter.Xvx.ard
2901	1	!ard\prefabs_Buildings_houses_hs_brick_fixed_innerwall_door_1_2_nocenter.Xvx.ard
2902	1	!ard\prefabs_Buildings_houses_hs_brick_fixed_innerwall_window_1_1_nocenter.Xvx.ard
2903	1	!ard\prefabs_Buildings_houses_hs_brick_fixed_innerwall_window_2_1_nocenter.Xvx.ard
2904	1	!ard\prefabs_Buildings_houses_hs_brick_fixed_innerwall_window_3_1_nocenter.Xvx.ard
2905	1	!ard\prefabs_Buildings_houses_hs_brick_fixed_innerwall_window_3_2_nocenter.Xvx.ard
2906	1	!ard\prefabs_Buildings_houses_hs_brick_fixed_innerwall_window_4_1_nocenter.Xvx.ard
2907	1	!ard\prefabs_Buildings_houses_hs_brick_fixed_innerwall_window_4_2_nocenter.Xvx.ard
2908	1	!ard\prefabs_Buildings_houses_hs_brick_fixed_wall_1_1_nocenter.Xvx.ard
2909	1	!ard\prefabs_Buildings_houses_hs_brick_fixed_wall_1_2_nocenter.Xvx.ard
2910	1	!ard\prefabs_Buildings_houses_hs_brick_fixed_wall_cellar_1_1_nocenter.Xvx.ard
2911	1	!ard\prefabs_Buildings_houses_hs_brick_fixed_wall_corner_1_1_nocenter.Xvx.ard
2912	1	!ard\prefabs_Buildings_houses_hs_brick_fixed_wall_corner_2_1_nocenter.Xvx.ard
2913	1	!ard\prefabs_Buildings_houses_hs_brick_fixed_wall_corner_2_2_nocenter.Xvx.ard
2914	1	!ard\prefabs_Buildings_houses_hs_brick_fixed_wall_corner_2_3_nocenter.Xvx.ard
2915	1	!ard\prefabs_Buildings_houses_hs_brick_fixed_wall_door_1_1_nocenter.Xvx.ard
2916	1	!ard\prefabs_Buildings_houses_hs_brick_fixed_wall_porch_1_1_nocenter.Xvx.ard
2917	1	!ard\prefabs_Buildings_houses_hs_brick_fixed_wall_window_1_1_nocenter.Xvx.ard
2918	1	!ard\prefabs_Buildings_houses_hs_brick_fixed_wall_window_2_1_nocenter.Xvx.ard
2919	1	!ard\prefabs_Buildings_houses_hs_brick_fixed_wall_window_3_1_nocenter.Xvx.ard
2920	1	!ard\prefabs_Buildings_houses_hs_brick_fixed_wall_window_3_2_nocenter.Xvx.ard
2921	1	!ard\prefabs_Buildings_houses_hs_brick_fixed_wall_window_4_1_nocenter.Xvx.ard
2922	1	!ard\prefabs_Buildings_houses_hs_brick_fixed_wall_window_4_2_nocenter.Xvx.ard
2923	1	!ard\prefabs_Buildings_houses_hs_brick_new_chimney_1_1_nocenter.Xvx.ard
2924	1	!ard\prefabs_Buildings_houses_hs_brick_new_chimney_1_3_nocenter.Xvx.ard
2925	1	!ard\prefabs_Buildings_houses_hs_brick_new_front_wall_1_1_nocenter.Xvx.ard
2926	1	!ard\prefabs_Buildings_houses_hs_brick_new_innerwall_1_1_nocenter.Xvx.ard
2927	1	!ard\prefabs_Buildings_houses_hs_brick_new_innerwall_corner_1_1_nocenter.Xvx.ard
2928	1	!ard\prefabs_Buildings_houses_hs_brick_new_innerwall_corner_window_1_1_nocenter.Xvx.ard
2929	1	!ard\prefabs_Buildings_houses_hs_brick_new_innerwall_door_1_1_nocenter.Xvx.ard
2930	1	!ard\prefabs_Buildings_houses_hs_brick_new_innerwall_window_1_1_nocenter.Xvx.ard
2931	1	!ard\prefabs_Buildings_houses_hs_brick_new_innerwall_window_2_1_nocenter.Xvx.ard
2932	1	!ard\prefabs_Buildings_houses_hs_brick_new_innerwall_window_3_1_nocenter.Xvx.ard
2933	1	!ard\prefabs_Buildings_houses_hs_brick_new_innerwall_window_4_1_nocenter.Xvx.ard
2934	1	!ard\prefabs_Buildings_houses_hs_brick_new_wall_1_1_nocenter.Xvx.ard
2935	1	!ard\prefabs_Buildings_houses_hs_brick_new_wall_cellar_1_1_nocenter.Xvx.ard
2936	1	!ard\prefabs_Buildings_houses_hs_brick_new_wall_corner_1_1_nocenter.Xvx.ard
2937	1	!ard\prefabs_Buildings_houses_hs_brick_new_wall_corner_2_1_nocenter.Xvx.ard
2938	1	!ard\prefabs_Buildings_houses_hs_brick_new_wall_corner_2_2_nocenter.Xvx.ard
2939	1	!ard\prefabs_Buildings_houses_hs_brick_new_wall_door_1_1_nocenter.Xvx.ard
2940	1	!ard\prefabs_Buildings_houses_hs_brick_new_wall_porch_1_1_nocenter.Xvx.ard
2941	1	!ard\prefabs_Buildings_houses_hs_brick_new_wall_window_1_1_nocenter.Xvx.ard
2942	1	!ard\prefabs_Buildings_houses_hs_brick_new_wall_window_2_1_nocenter.Xvx.ard
2943	1	!ard\prefabs_Buildings_houses_hs_brick_new_wall_window_3_1_nocenter.Xvx.ard
2944	1	!ard\prefabs_Buildings_houses_hs_brick_new_wall_window_4_1_nocenter.Xvx.ard
2945	1	!ard\prefabs_Buildings_houses_hs_brick_old_innerwall_1_2_nocenter.Xvx.ard
2946	1	!ard\prefabs_Buildings_houses_hs_brick_old_innerwall_corner_1_2_nocenter.Xvx.ard
2947	1	!ard\prefabs_Buildings_houses_hs_brick_old_innerwall_corner_window_1_2_nocenter.Xvx.ard
2948	1	!ard\prefabs_Buildings_houses_hs_brick_old_innerwall_door_1_2_nocenter.Xvx.ard
2949	1	!ard\prefabs_Buildings_houses_hs_brick_old_innerwall_window_3_2_nocenter.Xvx.ard
2950	1	!ard\prefabs_Buildings_houses_hs_brick_old_innerwall_window_4_2_nocenter.Xvx.ard
2951	1	!ard\prefabs_Buildings_houses_hs_brick_old_wall_1_2_nocenter.Xvx.ard
2952	1	!ard\prefabs_Buildings_houses_hs_brick_old_wall_corner_2_3_nocenter.Xvx.ard
2953	1	!ard\prefabs_Buildings_houses_hs_brick_old_wall_window_3_2_nocenter.Xvx.ard
2954	1	!ard\prefabs_Buildings_houses_hs_brick_old_wall_window_4_2_nocenter.Xvx.ard
2955	1	!ard\prefabs_Buildings_houses_hs_brick_painted_chimney_1_1_nocenter.Xvx.ard
2956	1	!ard\prefabs_Buildings_houses_hs_brick_painted_chimney_1_3_nocenter.Xvx.ard
2957	1	!ard\prefabs_Buildings_houses_hs_brick_painted_innerwall_1_1_nocenter.Xvx.ard
2958	1	!ard\prefabs_Buildings_houses_hs_brick_painted_innerwall_corner_1_1_nocenter.Xvx.ard
2959	1	!ard\prefabs_Buildings_houses_hs_brick_painted_innerwall_corner_window_1_1_nocenter.Xvx.ard
2960	1	!ard\prefabs_Buildings_houses_hs_brick_painted_innerwall_door_1_1_nocenter.Xvx.ard
2961	1	!ard\prefabs_Buildings_houses_hs_brick_painted_innerwall_window_1_1_nocenter.Xvx.ard
2962	1	!ard\prefabs_Buildings_houses_hs_brick_painted_innerwall_window_2_1_nocenter.Xvx.ard
2963	1	!ard\prefabs_Buildings_houses_hs_brick_painted_innerwall_window_3_1_nocenter.Xvx.ard
2964	1	!ard\prefabs_Buildings_houses_hs_brick_painted_innerwall_window_4_1_nocenter.Xvx.ard
2965	1	!ard\prefabs_Buildings_houses_hs_brick_painted_wall_cellar_1_1_nocenter.Xvx.ard
2966	1	!ard\prefabs_Buildings_houses_hs_ceramic_new_roof_2_2_nocenter.Xvx.ard
2967	1	!ard\prefabs_Buildings_houses_hs_ceramic_new_roof_front_2_1_nocenter.Xvx.ard
2968	1	!ard\prefabs_Buildings_houses_hs_ceramic_new_roof_front_2_2_nocenter.Xvx.ard
2969	1	!ard\prefabs_Buildings_houses_hs_ceramic_new_roof_porch_1_1_nocenter.Xvx.ard
2970	1	!ard\prefabs_Buildings_houses_hs_concrete_fixed_basement_1_1_nocenter.Xvx.ard
2971	1	!ard\prefabs_Buildings_houses_hs_concrete_fixed_basement_1_2_nocenter.Xvx.ard
2972	1	!ard\prefabs_Buildings_houses_hs_concrete_fixed_basement_1_3_nocenter.Xvx.ard
2973	1	!ard\prefabs_Buildings_houses_hs_concrete_fixed_basement_2_1_nocenter.Xvx.ard
2974	1	!ard\prefabs_Buildings_houses_hs_concrete_fixed_ceiling_1_1_nocenter.Xvx.ard
2975	1	!ard\prefabs_Buildings_houses_hs_concrete_fixed_ceiling_1_2_nocenter.Xvx.ard
2976	1	!ard\prefabs_Buildings_houses_hs_concrete_fixed_floor_1_1_nocenter.Xvx.ard
2977	1	!ard\prefabs_Buildings_houses_hs_concrete_fixed_floor_1_2_nocenter.Xvx.ard
2978	1	!ard\prefabs_Buildings_houses_hs_concrete_fixed_floor_1_3_nocenter.Xvx.ard
2979	1	!ard\prefabs_Buildings_houses_hs_concrete_fixed_floor_1_4_nocenter.Xvx.ard
2980	1	!ard\prefabs_Buildings_houses_hs_concrete_fixed_stairs_1_1_nocenter.Xvx.ard
2981	1	!ard\prefabs_Buildings_houses_hs_concrete_fixed_stairs_1_2_nocenter.Xvx.ard
2982	1	!ard\prefabs_Buildings_houses_hs_concrete_fixed_stairs_1_3_nocenter.Xvx.ard
2983	1	!ard\prefabs_Buildings_houses_hs_concrete_fixed_stairs_1_4_nocenter.Xvx.ard
2984	1	!ard\prefabs_Buildings_houses_hs_concrete_fixed_string_course_1_1_nocenter.Xvx.ard
2985	1	!ard\prefabs_Buildings_houses_hs_concrete_fixed_string_course_1_2_nocenter.Xvx.ard
2986	1	!ard\prefabs_Buildings_houses_hs_concrete_fixed_wall_stairs_1_2_nocenter.Xvx.ard
2987	1	!ard\prefabs_Buildings_houses_hs_concrete_new_basement_1_1_nocenter.Xvx.ard
2988	1	!ard\prefabs_Buildings_houses_hs_concrete_new_basement_1_2_nocenter.Xvx.ard
2989	1	!ard\prefabs_Buildings_houses_hs_concrete_new_basement_1_3_nocenter.Xvx.ard
2990	1	!ard\prefabs_Buildings_houses_hs_concrete_new_basement_2_1_nocenter.Xvx.ard
2991	1	!ard\prefabs_Buildings_houses_hs_concrete_new_ceiling_1_1_nocenter.Xvx.ard
2992	1	!ard\prefabs_Buildings_houses_hs_concrete_new_ceiling_1_2_nocenter.Xvx.ard
2993	1	!ard\prefabs_Buildings_houses_hs_concrete_new_floor_1_1_nocenter.Xvx.ard
2994	1	!ard\prefabs_Buildings_houses_hs_concrete_new_floor_1_2_nocenter.Xvx.ard
2995	1	!ard\prefabs_Buildings_houses_hs_concrete_new_floor_1_4_nocenter.Xvx.ard
2996	1	!ard\prefabs_Buildings_houses_hs_concrete_new_stairs_1_1_nocenter.Xvx.ard
2997	1	!ard\prefabs_Buildings_houses_hs_concrete_new_stairs_1_2_nocenter.Xvx.ard
2998	1	!ard\prefabs_Buildings_houses_hs_concrete_new_stairs_1_3_nocenter.Xvx.ard
2999	1	!ard\prefabs_Buildings_houses_hs_concrete_new_string_course_1_1_nocenter.Xvx.ard
3000	1	!ard\prefabs_Buildings_houses_hs_concrete_new_wall_stairs_1_1_nocenter.Xvx.ard
3001	1	!ard\prefabs_Buildings_houses_hs_concrete_old_floor_1_1_nocenter.Xvx.ard
3002	1	!ard\prefabs_Buildings_houses_hs_concrete_old_stairs_1_4_nocenter.Xvx.ard
3003	1	!ard\prefabs_Buildings_houses_hs_concrete_painted_ceiling_1_1_nocenter.Xvx.ard
3004	1	!ard\prefabs_Buildings_houses_hs_concrete_painted_ceiling_1_2_nocenter.Xvx.ard
3005	1	!ard\prefabs_Buildings_houses_hs_concrete_painted_floor_1_2_nocenter.Xvx.ard
3006	1	!ard\prefabs_Buildings_houses_hs_concrete_painted_floor_1_4_nocenter.Xvx.ard
3007	1	!ard\prefabs_Buildings_houses_hs_concrete_painted_stairs_1_1_nocenter.Xvx.ard
3008	1	!ard\prefabs_Buildings_houses_hs_concrete_painted_stairs_1_2_nocenter.Xvx.ard
3009	1	!ard\prefabs_Buildings_houses_hs_concrete_painted_stairs_1_3_nocenter.Xvx.ard
3010	1	!ard\prefabs_Buildings_houses_hs_concrete_painted_string_course_1_1_nocenter.Xvx.ard
3011	1	!ard\prefabs_Buildings_houses_hs_concrete_painted_string_course_1_2_nocenter.Xvx.ard
3012	1	!ard\prefabs_Buildings_houses_hs_concrete_painted_wall_stairs_1_1_nocenter.Xvx.ard
3013	1	!ard\prefabs_Buildings_houses_hs_metal_fixed_doorpost_1_1_nocenter.Xvx.ard
3014	1	!ard\prefabs_Buildings_houses_hs_metal_fixed_gutter_1_1_nocenter.Xvx.ard
3015	1	!ard\prefabs_Buildings_houses_hs_metal_fixed_gutter_2_1_nocenter.Xvx.ard
3016	1	!ard\prefabs_Buildings_houses_hs_metal_fixed_gutter_2_2_nocenter.Xvx.ard
3017	1	!ard\prefabs_Buildings_houses_hs_metal_fixed_gutter_3_1_nocenter.Xvx.ard
3018	1	!ard\prefabs_Buildings_houses_hs_metal_fixed_gutter_3_2_nocenter.Xvx.ard
3019	1	!ard\prefabs_Buildings_houses_hs_metal_fixed_gutter_4_1_nocenter.Xvx.ard
3020	1	!ard\prefabs_Buildings_houses_hs_metal_fixed_gutter_5_1_nocenter.Xvx.ard
3021	1	!ard\prefabs_Buildings_houses_hs_metal_new_fence_1_1_nocenter.Xvx.ard
3022	1	!ard\prefabs_Buildings_houses_hs_metal_new_gutter_1_1_nocenter.Xvx.ard
3023	1	!ard\prefabs_Buildings_houses_hs_metal_new_gutter_2_1_nocenter.Xvx.ard
3024	1	!ard\prefabs_Buildings_houses_hs_metal_new_gutter_2_2_nocenter.Xvx.ard
3025	1	!ard\prefabs_Buildings_houses_hs_metal_new_gutter_3_1_nocenter.Xvx.ard
3026	1	!ard\prefabs_Buildings_houses_hs_metal_new_gutter_3_2_nocenter.Xvx.ard
3027	1	!ard\prefabs_Buildings_houses_hs_metal_new_gutter_4_1_nocenter.Xvx.ard
3028	1	!ard\prefabs_Buildings_houses_hs_metal_new_gutter_5_1_nocenter.Xvx.ard
3029	1	!ard\prefabs_Buildings_houses_hs_metal_new_roof_front_red_2_1_nocenter.Xvx.ard
3030	1	!ard\prefabs_Buildings_houses_hs_metal_new_roof_front_red_2_2_nocenter.Xvx.ard
3031	1	!ard\prefabs_Buildings_houses_hs_metal_new_roof_front_white_2_1_nocenter.Xvx.ard
3032	1	!ard\prefabs_Buildings_houses_hs_metal_new_roof_front_white_2_2_nocenter.Xvx.ard
3033	1	!ard\prefabs_Buildings_houses_hs_metal_new_roof_red_2_2_nocenter.Xvx.ard
3034	1	!ard\prefabs_Buildings_houses_hs_metal_new_roof_red_porch_1_1_nocenter.Xvx.ard
3035	1	!ard\prefabs_Buildings_houses_hs_metal_new_roof_white_2_2_nocenter.Xvx.ard
3036	1	!ard\prefabs_Buildings_houses_hs_metal_new_roof_white_porch_1_1_nocenter.Xvx.ard
3037	1	!ard\prefabs_Buildings_houses_hs_plaster_new_front_wall_1_1_nocenter.Xvx.ard
3038	1	!ard\prefabs_Buildings_houses_hs_plaster_new_wall_1_1_nocenter.Xvx.ard
3039	1	!ard\prefabs_Buildings_houses_hs_plaster_new_wall_corner_1_1_nocenter.Xvx.ard
3040	1	!ard\prefabs_Buildings_houses_hs_plaster_new_wall_corner_2_1_nocenter.Xvx.ard
3041	1	!ard\prefabs_Buildings_houses_hs_plaster_new_wall_corner_2_2_nocenter.Xvx.ard
3042	1	!ard\prefabs_Buildings_houses_hs_plaster_new_wall_door_1_1_nocenter.Xvx.ard
3043	1	!ard\prefabs_Buildings_houses_hs_plaster_new_wall_porch_1_1_nocenter.Xvx.ard
3044	1	!ard\prefabs_Buildings_houses_hs_plaster_new_wall_window_1_1_nocenter.Xvx.ard
3045	1	!ard\prefabs_Buildings_houses_hs_plaster_new_wall_window_2_1_nocenter.Xvx.ard
3046	1	!ard\prefabs_Buildings_houses_hs_plaster_new_wall_window_3_1_nocenter.Xvx.ard
3047	1	!ard\prefabs_Buildings_houses_hs_plaster_new_wall_window_4_1_nocenter.Xvx.ard
3048	1	!ard\prefabs_Buildings_houses_hs_PV_new_roof_1_1_nocenter.Xvx.ard
3049	1	!ard\prefabs_Buildings_houses_hs_PV_new_roof_front_1_1_nocenter.Xvx.ard
3050	1	!ard\prefabs_Buildings_houses_hs_PV_new_roof_front_1_2_nocenter.Xvx.ard
3051	1	!ard\prefabs_Buildings_houses_hs_PV_new_roof_porch_1_1_nocenter.Xvx.ard
3052	1	!ard\prefabs_Buildings_houses_hs_shingle_new_roof_2_2_nocenter.Xvx.ard
3053	1	!ard\prefabs_Buildings_houses_hs_shingle_new_roof_3_2_nocenter.Xvx.ard
3054	1	!ard\prefabs_Buildings_houses_hs_shingle_new_roof_front_2_1_nocenter.Xvx.ard
3055	1	!ard\prefabs_Buildings_houses_hs_shingle_new_roof_front_2_2_nocenter.Xvx.ard
3056	1	!ard\prefabs_Buildings_houses_hs_shingle_new_roof_front_3_1_nocenter.Xvx.ard
3057	1	!ard\prefabs_Buildings_houses_hs_shingle_new_roof_front_3_2_nocenter.Xvx.ard
3058	1	!ard\prefabs_Buildings_houses_hs_shingle_new_roof_porch_1_1_nocenter.Xvx.ard
3059	1	!ard\prefabs_Buildings_houses_hs_shingle_new_roof_porch_2_1_nocenter.Xvx.ard
3060	1	!ard\prefabs_Buildings_houses_hs_wood_fixed_door_1_1_nocenter.Xvx.ard
3061	1	!ard\prefabs_Buildings_houses_hs_wood_fixed_door_1_2_nocenter.Xvx.ard
3062	1	!ard\prefabs_Buildings_houses_hs_wood_fixed_door_2_1_nocenter.Xvx.ard
3063	1	!ard\prefabs_Buildings_houses_hs_wood_fixed_floor_1_1_nocenter.Xvx.ard
3064	1	!ard\prefabs_Buildings_houses_hs_wood_fixed_floor_1_2_nocenter.Xvx.ard
3065	1	!ard\prefabs_Buildings_houses_hs_wood_fixed_floor_1_3_nocenter.Xvx.ard
3066	1	!ard\prefabs_Buildings_houses_hs_wood_fixed_roof_1_1_nocenter.Xvx.ard
3067	1	!ard\prefabs_Buildings_houses_hs_wood_fixed_roof_1_2_nocenter.Xvx.ard
3068	1	!ard\prefabs_Buildings_houses_hs_wood_fixed_roof_2_1_nocenter.Xvx.ard
3069	1	!ard\prefabs_Buildings_houses_hs_wood_fixed_roof_2_2_nocenter.Xvx.ard
3070	1	!ard\prefabs_Buildings_houses_hs_wood_fixed_roof_front_1_1_nocenter.Xvx.ard
3071	1	!ard\prefabs_Buildings_houses_hs_wood_fixed_roof_front_1_2_nocenter.Xvx.ard
3072	1	!ard\prefabs_Buildings_houses_hs_wood_fixed_roof_front_2_1_nocenter.Xvx.ard
3073	1	!ard\prefabs_Buildings_houses_hs_wood_fixed_roof_front_2_2_nocenter.Xvx.ard
3074	1	!ard\prefabs_Buildings_houses_hs_wood_new_door_1_1_nocenter.Xvx.ard
3075	1	!ard\prefabs_Buildings_houses_hs_wood_new_door_2_1_nocenter.Xvx.ard
3076	1	!ard\prefabs_Buildings_houses_hs_wood_new_door_3_1_nocenter.Xvx.ard
3077	1	!ard\prefabs_Buildings_houses_hs_wood_new_floor_1_1_nocenter.Xvx.ard
3078	1	!ard\prefabs_Buildings_houses_hs_wood_new_roof_2_2_nocenter.Xvx.ard
3079	1	!ard\prefabs_Buildings_houses_hs_wood_new_roof_front_2_1_nocenter.Xvx.ard
3080	1	!ard\prefabs_Buildings_houses_hs_wood_new_roof_front_2_2_nocenter.Xvx.ard
3081	1	!ard\prefabs_Buildings_houses_hs_wood_new_roof_porch_1_1_nocenter.Xvx.ard
3082	1	!ard\prefabs_Buildings_houses_hs_wood_old_door_1_1_nocenter.Xvx.ard
3083	1	!ard\prefabs_Buildings_houses_hs_wood_old_door_2_1_nocenter.Xvx.ard
3084	1	!ard\prefabs_Buildings_houses_hs_wood_old_floor_1_2_nocenter.Xvx.ard
3085	1	!ard\prefabs_Buildings_houses_hs_wood_old_floor_1_3_nocenter.Xvx.ard
3086	1	!ard\prefabs_Buildings_houses_hs_wood_old_roof_1_1_nocenter.Xvx.ard
3087	1	!ard\prefabs_Buildings_houses_hs_wood_old_roof_1_2_nocenter.Xvx.ard
3088	1	!ard\prefabs_Buildings_houses_hs_wood_old_roof_2_1_nocenter.Xvx.ard
3089	1	!ard\prefabs_Buildings_houses_hs_wood_old_roof_2_2_nocenter.Xvx.ard
3090	1	!ard\prefabs_Buildings_houses_hs_wood_old_roof_front_1_1_nocenter.Xvx.ard
3091	1	!ard\prefabs_Buildings_houses_hs_wood_old_roof_front_1_2_nocenter.Xvx.ard
3092	1	!ard\prefabs_Buildings_houses_hs_wood_old_roof_front_2_1_nocenter.Xvx.ard
3093	1	!ard\prefabs_Buildings_houses_hs_wood_old_roof_front_2_2_nocenter.Xvx.ard
3094	1	!ard\prefabs_Buildings_houses_hs_wood_painted_floor_1_1_nocenter.Xvx.ard
3095	1	!ard\prefabs_Buildings_houses_LOD1_LOD1_hs_concrete_fixed_floor_1_4_nocenter.Xvx.ard
3096	1	!ard\prefabs_Buildings_houses_LOD1_LOD1_hs_metal_fixed_gutter_2_1_nocenter.Xvx.ard
3097	1	!ard\prefabs_Buildings_houses_LOD1_LOD1_hs_metal_fixed_gutter_3_1_nocenter.Xvx.ard
3098	1	!ard\prefabs_Buildings_houses_LOD1_LOD1_hs_metal_fixed_gutter_4_1_nocenter.Xvx.ard
3099	1	!ard\prefabs_Buildings_houses_LOD1_LOD1_hs_metal_new_gutter_2_1_nocenter.Xvx.ard
3100	1	!ard\prefabs_Buildings_houses_LOD1_LOD1_hs_metal_new_gutter_3_1_nocenter.Xvx.ard
3101	1	!ard\prefabs_Buildings_houses_LOD1_LOD1_hs_metal_new_gutter_4_1_nocenter.Xvx.ard
3102	1	!ard\prefabs_Buildings_houses_LOD1_LOD1_hs_metal_new_roof_front_white_2_1_nocenter.Xvx.ard
3103	1	!ard\prefabs_Buildings_houses_LOD1_LOD1_hs_metal_new_roof_front_white_2_2_nocenter.Xvx.ard
3104	1	!ard\prefabs_Buildings_houses_LOD1_LOD1_hs_metal_new_roof_white_2_2_nocenter.Xvx.ard
3105	1	!ard\prefabs_Buildings_houses_LOD1_LOD1_hs_wood_fixed_floor_1_1_nocenter.Xvx.ard
3106	1	!ard\prefabs_Buildings_houses_LOD1_LOD1_hs_wood_fixed_floor_1_2_nocenter.Xvx.ard
3107	1	!ard\prefabs_Buildings_houses_LOD1_LOD1_hs_wood_fixed_floor_1_3_nocenter.Xvx.ard
3108	1	!ard\prefabs_Buildings_houses_LOD1_LOD1_hs_wood_fixed_roof_1_1_nocenter.Xvx.ard
3109	1	!ard\prefabs_Buildings_houses_LOD1_LOD1_hs_wood_fixed_roof_1_2_nocenter.Xvx.ard
3110	1	!ard\prefabs_Buildings_houses_LOD1_LOD1_hs_wood_fixed_roof_2_1_nocenter.Xvx.ard
3111	1	!ard\prefabs_Buildings_houses_LOD1_LOD1_hs_wood_fixed_roof_2_2_nocenter.Xvx.ard
3112	1	!ard\prefabs_Buildings_houses_LOD1_LOD1_hs_wood_fixed_roof_front_1_1_nocenter.Xvx.ard
3113	1	!ard\prefabs_Buildings_houses_LOD1_LOD1_hs_wood_fixed_roof_front_1_2_nocenter.Xvx.ard
3114	1	!ard\prefabs_Buildings_houses_LOD1_LOD1_hs_wood_fixed_roof_front_2_1_nocenter.Xvx.ard
3115	1	!ard\prefabs_Buildings_houses_LOD1_LOD1_hs_wood_fixed_roof_front_2_2_nocenter.Xvx.ard
3116	1	!ard\prefabs_Buildings_houses_LOD1_LOD1_hs_wood_new_roof_front_2_1_nocenter.Xvx.ard
3117	1	!ard\prefabs_Buildings_houses_LOD1_LOD1_hs_wood_new_roof_front_2_2_nocenter.Xvx.ard
3118	1	!ard\prefabs_Buildings_houses_LOD1_LOD1_hs_wood_old_floor_1_2_nocenter.Xvx.ard
3119	1	!ard\prefabs_Buildings_houses_LOD1_LOD1_hs_wood_old_floor_1_3_nocenter.Xvx.ard
3120	1	!ard\prefabs_Buildings_houses_LOD1_LOD1_hs_wood_old_roof_1_1_nocenter.Xvx.ard
3121	1	!ard\prefabs_Buildings_houses_LOD1_LOD1_hs_wood_old_roof_1_2_nocenter.Xvx.ard
3122	1	!ard\prefabs_Buildings_houses_LOD1_LOD1_hs_wood_old_roof_2_1_nocenter.Xvx.ard
3123	1	!ard\prefabs_Buildings_houses_LOD1_LOD1_hs_wood_old_roof_2_2_nocenter.Xvx.ard
3124	1	!ard\prefabs_Buildings_houses_LOD1_LOD1_hs_wood_old_roof_front_1_1_nocenter.Xvx.ard
3125	1	!ard\prefabs_Buildings_houses_LOD1_LOD1_hs_wood_old_roof_front_1_2_nocenter.Xvx.ard
3126	1	!ard\prefabs_Buildings_houses_LOD1_LOD1_hs_wood_old_roof_front_2_1_nocenter.Xvx.ard
3127	1	!ard\prefabs_Buildings_houses_LOD1_LOD1_hs_wood_old_roof_front_2_2_nocenter.Xvx.ard
3128	1	!ard\prefabs_Buildings_houses_LOD2_LOD2_hs_airbrick_fixed_front_wall_1_1_nocenter.Xvx.ard
3129	1	!ard\prefabs_Buildings_houses_LOD2_LOD2_hs_airbrick_fixed_wall_1_1_nocenter.Xvx.ard
3130	1	!ard\prefabs_Buildings_houses_LOD2_LOD2_hs_airbrick_fixed_wall_1_2_nocenter.Xvx.ard
3131	1	!ard\prefabs_Buildings_houses_LOD2_LOD2_hs_airbrick_fixed_wall_corner_1_1_nocenter.Xvx.ard
3132	1	!ard\prefabs_Buildings_houses_LOD2_LOD2_hs_airbrick_fixed_wall_corner_2_1_nocenter.Xvx.ard
3133	1	!ard\prefabs_Buildings_houses_LOD2_LOD2_hs_airbrick_fixed_wall_corner_2_2_nocenter.Xvx.ard
3134	1	!ard\prefabs_Buildings_houses_LOD2_LOD2_hs_airbrick_fixed_wall_corner_2_3_nocenter.Xvx.ard
3135	1	!ard\prefabs_Buildings_houses_LOD2_LOD2_hs_airbrick_fixed_wall_door_1_1_nocenter.Xvx.ard
3136	1	!ard\prefabs_Buildings_houses_LOD2_LOD2_hs_airbrick_fixed_wall_window_1_1_nocenter.Xvx.ard
3137	1	!ard\prefabs_Buildings_houses_LOD2_LOD2_hs_airbrick_fixed_wall_window_2_1_nocenter.Xvx.ard
3138	1	!ard\prefabs_Buildings_houses_LOD2_LOD2_hs_airbrick_fixed_wall_window_3_1_nocenter.Xvx.ard
3139	1	!ard\prefabs_Buildings_houses_LOD2_LOD2_hs_airbrick_fixed_wall_window_3_2_nocenter.Xvx.ard
3140	1	!ard\prefabs_Buildings_houses_LOD2_LOD2_hs_airbrick_fixed_wall_window_4_1_nocenter.Xvx.ard
3141	1	!ard\prefabs_Buildings_houses_LOD2_LOD2_hs_airbrick_fixed_wall_window_4_2_nocenter.Xvx.ard
3142	1	!ard\prefabs_Buildings_houses_LOD2_LOD2_hs_airbrick_new_front_wall_1_1_nocenter.Xvx.ard
3143	1	!ard\prefabs_Buildings_houses_LOD2_LOD2_hs_airbrick_new_wall_1_1_nocenter.Xvx.ard
3144	1	!ard\prefabs_Buildings_houses_LOD2_LOD2_hs_airbrick_new_wall_corner_1_1_nocenter.Xvx.ard
3145	1	!ard\prefabs_Buildings_houses_LOD2_LOD2_hs_airbrick_new_wall_corner_2_1_nocenter.Xvx.ard
3146	1	!ard\prefabs_Buildings_houses_LOD2_LOD2_hs_airbrick_new_wall_corner_2_2_nocenter.Xvx.ard
3147	1	!ard\prefabs_Buildings_houses_LOD2_LOD2_hs_airbrick_new_wall_door_1_1_nocenter.Xvx.ard
3148	1	!ard\prefabs_Buildings_houses_LOD2_LOD2_hs_airbrick_new_wall_window_1_1_nocenter.Xvx.ard
3149	1	!ard\prefabs_Buildings_houses_LOD2_LOD2_hs_airbrick_new_wall_window_2_1_nocenter.Xvx.ard
3150	1	!ard\prefabs_Buildings_houses_LOD2_LOD2_hs_airbrick_new_wall_window_3_1_nocenter.Xvx.ard
3151	1	!ard\prefabs_Buildings_houses_LOD2_LOD2_hs_airbrick_new_wall_window_4_1_nocenter.Xvx.ard
3152	1	!ard\prefabs_Buildings_houses_LOD2_LOD2_hs_airbrick_old_wall_1_2_nocenter.Xvx.ard
3153	1	!ard\prefabs_Buildings_houses_LOD2_LOD2_hs_airbrick_old_wall_corner_2_3_nocenter.Xvx.ard
3154	1	!ard\prefabs_Buildings_houses_LOD2_LOD2_hs_airbrick_old_wall_window_3_2_nocenter.Xvx.ard
3155	1	!ard\prefabs_Buildings_houses_LOD2_LOD2_hs_airbrick_old_wall_window_4_2_nocenter.Xvx.ard
3156	1	!ard\prefabs_Buildings_houses_LOD2_LOD2_hs_brick_fixed_front_wall_1_1_nocenter.Xvx.ard
3157	1	!ard\prefabs_Buildings_houses_LOD2_LOD2_hs_brick_fixed_innerwall_1_1_nocenter.Xvx.ard
3158	1	!ard\prefabs_Buildings_houses_LOD2_LOD2_hs_brick_fixed_innerwall_1_2_nocenter.Xvx.ard
3159	1	!ard\prefabs_Buildings_houses_LOD2_LOD2_hs_brick_fixed_innerwall_corner_1_1_nocenter.Xvx.ard
3160	1	!ard\prefabs_Buildings_houses_LOD2_LOD2_hs_brick_fixed_innerwall_corner_1_2_nocenter.Xvx.ard
3161	1	!ard\prefabs_Buildings_houses_LOD2_LOD2_hs_brick_fixed_innerwall_corner_window_1_1_nocenter.Xvx.ard
3162	1	!ard\prefabs_Buildings_houses_LOD2_LOD2_hs_brick_fixed_innerwall_corner_window_1_2_nocenter.Xvx.ard
3163	1	!ard\prefabs_Buildings_houses_LOD2_LOD2_hs_brick_fixed_innerwall_door_1_1_nocenter.Xvx.ard
3164	1	!ard\prefabs_Buildings_houses_LOD2_LOD2_hs_brick_fixed_innerwall_door_1_2_nocenter.Xvx.ard
3165	1	!ard\prefabs_Buildings_houses_LOD2_LOD2_hs_brick_fixed_innerwall_window_1_1_nocenter.Xvx.ard
3166	1	!ard\prefabs_Buildings_houses_LOD2_LOD2_hs_brick_fixed_innerwall_window_2_1_nocenter.Xvx.ard
3167	1	!ard\prefabs_Buildings_houses_LOD2_LOD2_hs_brick_fixed_innerwall_window_3_1_nocenter.Xvx.ard
3168	1	!ard\prefabs_Buildings_houses_LOD2_LOD2_hs_brick_fixed_innerwall_window_3_2_nocenter.Xvx.ard
3169	1	!ard\prefabs_Buildings_houses_LOD2_LOD2_hs_brick_fixed_innerwall_window_4_1_nocenter.Xvx.ard
3170	1	!ard\prefabs_Buildings_houses_LOD2_LOD2_hs_brick_fixed_innerwall_window_4_2_nocenter.Xvx.ard
3171	1	!ard\prefabs_Buildings_houses_LOD2_LOD2_hs_brick_fixed_wall_1_1_nocenter.Xvx.ard
3172	1	!ard\prefabs_Buildings_houses_LOD2_LOD2_hs_brick_fixed_wall_1_2_nocenter.Xvx.ard
3173	1	!ard\prefabs_Buildings_houses_LOD2_LOD2_hs_brick_fixed_wall_cellar_1_1_nocenter.Xvx.ard
3174	1	!ard\prefabs_Buildings_houses_LOD2_LOD2_hs_brick_fixed_wall_corner_1_1_nocenter.Xvx.ard
3175	1	!ard\prefabs_Buildings_houses_LOD2_LOD2_hs_brick_fixed_wall_corner_2_1_nocenter.Xvx.ard
3176	1	!ard\prefabs_Buildings_houses_LOD2_LOD2_hs_brick_fixed_wall_corner_2_2_nocenter.Xvx.ard
3177	1	!ard\prefabs_Buildings_houses_LOD2_LOD2_hs_brick_fixed_wall_corner_2_3_nocenter.Xvx.ard
3178	1	!ard\prefabs_Buildings_houses_LOD2_LOD2_hs_brick_fixed_wall_door_1_1_nocenter.Xvx.ard
3179	1	!ard\prefabs_Buildings_houses_LOD2_LOD2_hs_brick_fixed_wall_window_1_1_nocenter.Xvx.ard
3180	1	!ard\prefabs_Buildings_houses_LOD2_LOD2_hs_brick_fixed_wall_window_2_1_nocenter.Xvx.ard
3181	1	!ard\prefabs_Buildings_houses_LOD2_LOD2_hs_brick_fixed_wall_window_3_1_nocenter.Xvx.ard
3182	1	!ard\prefabs_Buildings_houses_LOD2_LOD2_hs_brick_fixed_wall_window_3_2_nocenter.Xvx.ard
3183	1	!ard\prefabs_Buildings_houses_LOD2_LOD2_hs_brick_fixed_wall_window_4_1_nocenter.Xvx.ard
3184	1	!ard\prefabs_Buildings_houses_LOD2_LOD2_hs_brick_fixed_wall_window_4_2_nocenter.Xvx.ard
3185	1	!ard\prefabs_Buildings_houses_LOD2_LOD2_hs_brick_new_front_wall_1_1_nocenter.Xvx.ard
3186	1	!ard\prefabs_Buildings_houses_LOD2_LOD2_hs_brick_new_innerwall_1_1_nocenter.Xvx.ard
3187	1	!ard\prefabs_Buildings_houses_LOD2_LOD2_hs_brick_new_innerwall_corner_1_1_nocenter.Xvx.ard
3188	1	!ard\prefabs_Buildings_houses_LOD2_LOD2_hs_brick_new_innerwall_corner_window_1_1_nocenter.Xvx.ard
3189	1	!ard\prefabs_Buildings_houses_LOD2_LOD2_hs_brick_new_innerwall_door_1_1_nocenter.Xvx.ard
3190	1	!ard\prefabs_Buildings_houses_LOD2_LOD2_hs_brick_new_innerwall_window_1_1_nocenter.Xvx.ard
3191	1	!ard\prefabs_Buildings_houses_LOD2_LOD2_hs_brick_new_innerwall_window_2_1_nocenter.Xvx.ard
3192	1	!ard\prefabs_Buildings_houses_LOD2_LOD2_hs_brick_new_innerwall_window_3_1_nocenter.Xvx.ard
3193	1	!ard\prefabs_Buildings_houses_LOD2_LOD2_hs_brick_new_innerwall_window_4_1_nocenter.Xvx.ard
3194	1	!ard\prefabs_Buildings_houses_LOD2_LOD2_hs_brick_new_wall_1_1_nocenter.Xvx.ard
3195	1	!ard\prefabs_Buildings_houses_LOD2_LOD2_hs_brick_new_wall_cellar_1_1_nocenter.Xvx.ard
3196	1	!ard\prefabs_Buildings_houses_LOD2_LOD2_hs_brick_new_wall_corner_1_1_nocenter.Xvx.ard
3197	1	!ard\prefabs_Buildings_houses_LOD2_LOD2_hs_brick_new_wall_corner_2_1_nocenter.Xvx.ard
3198	1	!ard\prefabs_Buildings_houses_LOD2_LOD2_hs_brick_new_wall_corner_2_2_nocenter.Xvx.ard
3199	1	!ard\prefabs_Buildings_houses_LOD2_LOD2_hs_brick_new_wall_door_1_1_nocenter.Xvx.ard
3200	1	!ard\prefabs_Buildings_houses_LOD2_LOD2_hs_brick_new_wall_window_1_1_nocenter.Xvx.ard
3201	1	!ard\prefabs_Buildings_houses_LOD2_LOD2_hs_brick_new_wall_window_2_1_nocenter.Xvx.ard
3202	1	!ard\prefabs_Buildings_houses_LOD2_LOD2_hs_brick_new_wall_window_3_1_nocenter.Xvx.ard
3203	1	!ard\prefabs_Buildings_houses_LOD2_LOD2_hs_brick_new_wall_window_4_1_nocenter.Xvx.ard
3204	1	!ard\prefabs_Buildings_houses_LOD2_LOD2_hs_brick_old_innerwall_1_2_nocenter.Xvx.ard
3205	1	!ard\prefabs_Buildings_houses_LOD2_LOD2_hs_brick_old_innerwall_corner_1_2_nocenter.Xvx.ard
3206	1	!ard\prefabs_Buildings_houses_LOD2_LOD2_hs_brick_old_innerwall_corner_window_1_2_nocenter.Xvx.ard
3207	1	!ard\prefabs_Buildings_houses_LOD2_LOD2_hs_brick_old_innerwall_door_1_2_nocenter.Xvx.ard
3208	1	!ard\prefabs_Buildings_houses_LOD2_LOD2_hs_brick_old_innerwall_window_3_2_nocenter.Xvx.ard
3209	1	!ard\prefabs_Buildings_houses_LOD2_LOD2_hs_brick_old_innerwall_window_4_2_nocenter.Xvx.ard
3210	1	!ard\prefabs_Buildings_houses_LOD2_LOD2_hs_brick_old_wall_1_2_nocenter.Xvx.ard
3211	1	!ard\prefabs_Buildings_houses_LOD2_LOD2_hs_brick_old_wall_corner_2_3_nocenter.Xvx.ard
3212	1	!ard\prefabs_Buildings_houses_LOD2_LOD2_hs_brick_old_wall_window_3_2_nocenter.Xvx.ard
3213	1	!ard\prefabs_Buildings_houses_LOD2_LOD2_hs_brick_old_wall_window_4_2_nocenter.Xvx.ard
3214	1	!ard\prefabs_Buildings_houses_LOD2_LOD2_hs_brick_painted_innerwall_1_1_nocenter.Xvx.ard
3215	1	!ard\prefabs_Buildings_houses_LOD2_LOD2_hs_brick_painted_innerwall_corner_1_1_nocenter.Xvx.ard
3216	1	!ard\prefabs_Buildings_houses_LOD2_LOD2_hs_brick_painted_innerwall_corner_window_1_1_nocenter.Xvx.ard
3217	1	!ard\prefabs_Buildings_houses_LOD2_LOD2_hs_brick_painted_innerwall_door_1_1_nocenter.Xvx.ard
3218	1	!ard\prefabs_Buildings_houses_LOD2_LOD2_hs_brick_painted_innerwall_window_1_1_nocenter.Xvx.ard
3219	1	!ard\prefabs_Buildings_houses_LOD2_LOD2_hs_brick_painted_innerwall_window_2_1_nocenter.Xvx.ard
3220	1	!ard\prefabs_Buildings_houses_LOD2_LOD2_hs_brick_painted_innerwall_window_3_1_nocenter.Xvx.ard
3221	1	!ard\prefabs_Buildings_houses_LOD2_LOD2_hs_brick_painted_innerwall_window_4_1_nocenter.Xvx.ard
3222	1	!ard\prefabs_Buildings_houses_LOD2_LOD2_hs_brick_painted_wall_cellar_1_1_nocenter.Xvx.ard
3223	1	!ard\prefabs_Buildings_houses_LOD2_LOD2_hs_concrete_fixed_stairs_1_1_nocenter.Xvx.ard
3224	1	!ard\prefabs_Buildings_houses_LOD2_LOD2_hs_concrete_fixed_stairs_1_2_nocenter.Xvx.ard
3225	1	!ard\prefabs_Buildings_houses_LOD2_LOD2_hs_concrete_fixed_stairs_1_3_nocenter.Xvx.ard
3226	1	!ard\prefabs_Buildings_houses_LOD2_LOD2_hs_concrete_fixed_wall_stairs_1_2_nocenter.Xvx.ard
3227	1	!ard\prefabs_Buildings_houses_LOD2_LOD2_hs_concrete_new_stairs_1_1_nocenter.Xvx.ard
3228	1	!ard\prefabs_Buildings_houses_LOD2_LOD2_hs_concrete_new_stairs_1_3_nocenter.Xvx.ard
3229	1	!ard\prefabs_Buildings_houses_LOD2_LOD2_hs_concrete_new_wall_stairs_1_1_nocenter.Xvx.ard
3230	1	!ard\prefabs_Buildings_houses_LOD2_LOD2_hs_concrete_painted_stairs_1_1_nocenter.Xvx.ard
3231	1	!ard\prefabs_Buildings_houses_LOD2_LOD2_hs_concrete_painted_wall_stairs_1_1_nocenter.Xvx.ard
3232	1	!ard\prefabs_Buildings_houses_LOD2_LOD2_hs_plaster_new_front_wall_1_1_nocenter.Xvx.ard
3233	1	!ard\prefabs_Buildings_houses_LOD2_LOD2_hs_plaster_new_wall_1_1_nocenter.Xvx.ard
3234	1	!ard\prefabs_Buildings_houses_LOD2_LOD2_hs_plaster_new_wall_corner_1_1_nocenter.Xvx.ard
3235	1	!ard\prefabs_Buildings_houses_LOD2_LOD2_hs_plaster_new_wall_corner_2_1_nocenter.Xvx.ard
3236	1	!ard\prefabs_Buildings_houses_LOD2_LOD2_hs_plaster_new_wall_corner_2_2_nocenter.Xvx.ard
3237	1	!ard\prefabs_Buildings_houses_LOD2_LOD2_hs_plaster_new_wall_door_1_1_nocenter.Xvx.ard
3238	1	!ard\prefabs_Buildings_houses_LOD2_LOD2_hs_plaster_new_wall_window_1_1_nocenter.Xvx.ard
3239	1	!ard\prefabs_Buildings_houses_LOD2_LOD2_hs_plaster_new_wall_window_2_1_nocenter.Xvx.ard
3240	1	!ard\prefabs_Buildings_houses_LOD2_LOD2_hs_plaster_new_wall_window_3_1_nocenter.Xvx.ard
3241	1	!ard\prefabs_Buildings_houses_LOD2_LOD2_hs_plaster_new_wall_window_4_1_nocenter.Xvx.ard
3242	1	!ard\prefabs_Buildings_playground_pg_sandpit_fixed_1_1_nocenter.Xvx.ard
3243	1	!ard\prefabs_Buildings_playground_pg_sandpit_new_1_1_nocenter.Xvx.ard
3244	1	!ard\prefabs_Buildings_playground_pg_sandpit_old_1_1_nocenter.Xvx.ard
3245	1	!ard\prefabs_Buildings_playground_pg_sandpit_painted_1_1_nocenter.Xvx.ard
3246	1	!ard\prefabs_Buildings_playground_pg_slide_fixed_1_1_nocenter.Xvx.ard
3247	1	!ard\prefabs_Buildings_playground_pg_slide_new_1_1_nocenter.Xvx.ard
3248	1	!ard\prefabs_Buildings_playground_pg_slide_old_1_1_nocenter.Xvx.ard
3249	1	!ard\prefabs_Buildings_playground_pg_slide_painted_1_1_nocenter.Xvx.ard
3250	1	!ard\prefabs_Buildings_playground_pg_swing_fixed_1_1_nocenter.Xvx.ard
3251	1	!ard\prefabs_Buildings_playground_pg_swing_new_1_1_nocenter.Xvx.ard
3252	1	!ard\prefabs_Buildings_playground_pg_swing_old_1_1_nocenter.Xvx.ard
3253	1	!ard\prefabs_Buildings_playground_pg_swing_painted_1_1_nocenter.Xvx.ard
3254	1	!ard\prefabs_Buildings_playground_pg_teeter_fixed_1_1_nocenter.Xvx.ard
3255	1	!ard\prefabs_Buildings_playground_pg_teeter_new_1_1_nocenter.Xvx.ard
3256	1	!ard\prefabs_Buildings_playground_pg_teeter_old_1_1_nocenter.Xvx.ard
3257	1	!ard\prefabs_Buildings_railway_station_railway_station_1_nocenter.Xvx.ard
3258	1	!ard\prefabs_Buildings_railway_station_railway_station_2_nocenter.Xvx.ard
3259	1	!ard\prefabs_Buildings_railway_station_railway_station_3_nocenter.Xvx.ard
3260	1	!ard\prefabs_Buildings_railway_station_railway_station_bridge_nocenter.Xvx.ard
3261	1	!ard\prefabs_Buildings_railway_station_railway_station_sign_nocenter.Xvx.ard
3262	1	!ard\prefabs_Buildings_railway_station_raiway_station_pylon_nocenter.Xvx.ard
3263	1	!ard\prefabs_Buildings_railway_station_raiway_station_roof_nocenter.Xvx.ard
3264	1	!ard\prefabs_Buildings_scaffold_scaffold1_nocenter.Xvx.ard
3265	1	!ard\prefabs_Buildings_scaffold_scaffold1_PHYSICS_nocenter.Xvx.ard
3266	1	!ard\prefabs_Buildings_scaffold_scaffold2_nocenter.Xvx.ard
3267	1	!ard\prefabs_Buildings_scaffold_scaffold2_PHYSICS_nocenter.Xvx.ard
3268	1	!ard\prefabs_Buildings_scaffold_scaffold3_nocenter.Xvx.ard
3269	1	!ard\prefabs_Buildings_scaffold_scaffold3_PHYSICS_nocenter.Xvx.ard
3270	1	!ard\prefabs_Buildings_scaffold_scaffold4_nocenter.Xvx.ard
3271	1	!ard\prefabs_Buildings_scaffold_scaffold4_PHYSICS_nocenter.Xvx.ard
3272	1	!ard\prefabs_Buildings_scaffold_scaffold5_nocenter.Xvx.ard
3273	1	!ard\prefabs_Buildings_scaffold_scaffold5_PHYSICS_nocenter.Xvx.ard
3274	1	!ard\prefabs_Buildings_Silo_LOD1_LOD1_sl_concrete_new_base_1_1_nocenter.Xvx.ard
3275	1	!ard\prefabs_Buildings_Silo_LOD1_LOD1_sl_concrete_new_base_2_1_nocenter.Xvx.ard
3276	1	!ard\prefabs_Buildings_Silo_LOD1_LOD1_sl_concrete_new_tower_1_1_nocenter.Xvx.ard
3277	1	!ard\prefabs_Buildings_Silo_LOD1_LOD1_sl_concrete_new_tower_2_1_nocenter.Xvx.ard
3278	1	!ard\prefabs_Buildings_Silo_LOD1_silo_big_LOD1_nocenter.Xvx.ard
3279	1	!ard\prefabs_Buildings_Silo_LOD1_silo_small_LOD1_nocenter.Xvx.ard
3280	1	!ard\prefabs_Buildings_Silo_LOD2_silo_big_LOD2_nocenter.Xvx.ard
3281	1	!ard\prefabs_Buildings_Silo_LOD2_silo_small_LOD2_nocenter.Xvx.ard
3282	1	!ard\prefabs_buildings_silo_physics_silo_big_nocenter.xvx.ard
3283	1	!ard\prefabs_Buildings_Silo_silo_big_nocenter.Xvx.ard
3284	1	!ard\prefabs_Buildings_Silo_silo_small_nocenter.Xvx.ard
3285	1	!ard\prefabs_Buildings_Silo_sl_concrete_new_base_1_1_nocenter.Xvx.ard
3286	1	!ard\prefabs_Buildings_Silo_sl_concrete_new_base_2_1_nocenter.Xvx.ard
3287	1	!ard\prefabs_Buildings_Silo_sl_concrete_new_tower_1_1_nocenter.Xvx.ard
3288	1	!ard\prefabs_Buildings_Silo_sl_concrete_new_tower_2_1_nocenter.Xvx.ard
3289	1	!ard\prefabs_Buildings_Silo_sl_metal_fixed_top_1_1_nocenter.Xvx.ard
3290	1	!ard\prefabs_Buildings_Silo_sl_metal_fixed_top_1_2_nocenter.Xvx.ard
3291	1	!ard\prefabs_Buildings_Silo_sl_metal_fixed_top_2_1_nocenter.Xvx.ard
3292	1	!ard\prefabs_Buildings_Silo_sl_metal_fixed_wall_1_1_nocenter.Xvx.ard
3293	1	!ard\prefabs_Buildings_Silo_sl_metal_fixed_wall_1_2_nocenter.Xvx.ard
3294	1	!ard\prefabs_Buildings_Silo_sl_metal_fixed_wall_1_3_nocenter.Xvx.ard
3295	1	!ard\prefabs_Buildings_Silo_sl_metal_fixed_wall_1_4_nocenter.Xvx.ard
3296	1	!ard\prefabs_Buildings_Silo_sl_metal_fixed_wall_2_1_nocenter.Xvx.ard
3297	1	!ard\prefabs_Buildings_Silo_sl_metal_fixed_wall_2_2_nocenter.Xvx.ard
3298	1	!ard\prefabs_Buildings_Silo_sl_metal_fixed_wall_2_3_nocenter.Xvx.ard
3299	1	!ard\prefabs_Buildings_Silo_sl_metal_fixed_wall_3_1_nocenter.Xvx.ard
3300	1	!ard\prefabs_Buildings_Silo_sl_metal_fixed_wall_3_2_nocenter.Xvx.ard
3301	1	!ard\prefabs_Buildings_Silo_sl_metal_fixed_wall_3_3_nocenter.Xvx.ard
3302	1	!ard\prefabs_Buildings_Silo_sl_metal_fixed_wall_4_1_nocenter.Xvx.ard
3303	1	!ard\prefabs_Buildings_Silo_sl_metal_fixed_wall_4_2_nocenter.Xvx.ard
3304	1	!ard\prefabs_Buildings_Silo_sl_metal_fixed_wall_4_3_nocenter.Xvx.ard
3305	1	!ard\prefabs_Buildings_Silo_sl_metal_fixed_wall_5_1_nocenter.Xvx.ard
3306	1	!ard\prefabs_Buildings_Silo_sl_metal_fixed_wall_5_2_nocenter.Xvx.ard
3307	1	!ard\prefabs_Buildings_Silo_sl_metal_fixed_wall_5_3_nocenter.Xvx.ard
3308	1	!ard\prefabs_Buildings_Silo_sl_metal_fixed_wall_6_1_nocenter.Xvx.ard
3309	1	!ard\prefabs_Buildings_Silo_sl_metal_fixed_wall_6_2_nocenter.Xvx.ard
3310	1	!ard\prefabs_Buildings_Silo_sl_metal_fixed_wall_6_3_nocenter.Xvx.ard
3311	1	!ard\prefabs_Buildings_Silo_sl_metal_fixed_wall_6_4_nocenter.Xvx.ard
3312	1	!ard\prefabs_Buildings_Silo_sl_metal_new_lid_1_1_nocenter.Xvx.ard
3313	1	!ard\prefabs_Buildings_Silo_sl_metal_new_pipe_1_1_nocenter.Xvx.ard
3314	1	!ard\prefabs_Buildings_Silo_sl_metal_new_pipe_2_1_nocenter.Xvx.ard
3315	1	!ard\prefabs_Buildings_Silo_sl_metal_new_top_1_1_nocenter.Xvx.ard
3316	1	!ard\prefabs_Buildings_Silo_sl_metal_new_top_2_1_nocenter.Xvx.ard
3317	1	!ard\prefabs_Buildings_Silo_sl_metal_new_vent_1_1_nocenter.Xvx.ard
3318	1	!ard\prefabs_Buildings_Silo_sl_metal_new_wall_1_1_nocenter.Xvx.ard
3319	1	!ard\prefabs_Buildings_Silo_sl_metal_new_wall_1_2_nocenter.Xvx.ard
3320	1	!ard\prefabs_Buildings_Silo_sl_metal_new_wall_1_3_nocenter.Xvx.ard
3321	1	!ard\prefabs_Buildings_Silo_sl_metal_new_wall_1_4_nocenter.Xvx.ard
3322	1	!ard\prefabs_Buildings_Silo_sl_metal_new_wall_2_1_nocenter.Xvx.ard
3323	1	!ard\prefabs_Buildings_Silo_sl_metal_new_wall_2_3_nocenter.Xvx.ard
3324	1	!ard\prefabs_Buildings_Silo_sl_metal_new_wall_3_1_nocenter.Xvx.ard
3325	1	!ard\prefabs_Buildings_Silo_sl_metal_new_wall_3_3_nocenter.Xvx.ard
3326	1	!ard\prefabs_Buildings_Silo_sl_metal_new_wall_4_1_nocenter.Xvx.ard
3327	1	!ard\prefabs_Buildings_Silo_sl_metal_new_wall_4_3_nocenter.Xvx.ard
3328	1	!ard\prefabs_Buildings_Silo_sl_metal_new_wall_5_1_nocenter.Xvx.ard
3329	1	!ard\prefabs_Buildings_Silo_sl_metal_new_wall_5_3_nocenter.Xvx.ard
3330	1	!ard\prefabs_Buildings_Silo_sl_metal_new_wall_6_1_nocenter.Xvx.ard
3331	1	!ard\prefabs_Buildings_Silo_sl_metal_new_wall_6_3_nocenter.Xvx.ard
3332	1	!ard\prefabs_Buildings_Silo_sl_metal_old_top_1_1_nocenter.Xvx.ard
3333	1	!ard\prefabs_Buildings_Silo_sl_metal_old_top_1_2_nocenter.Xvx.ard
3334	1	!ard\prefabs_Buildings_Silo_sl_metal_old_wall_1_4_nocenter.Xvx.ard
3335	1	!ard\prefabs_Buildings_Silo_sl_metal_old_wall_4_1_nocenter.Xvx.ard
3336	1	!ard\prefabs_Buildings_Silo_sl_metal_old_wall_4_2_nocenter.Xvx.ard
3337	1	!ard\prefabs_Buildings_Silo_sl_metal_old_wall_5_1_nocenter.Xvx.ard
3338	1	!ard\prefabs_Buildings_Silo_sl_metal_old_wall_5_3_nocenter.Xvx.ard
3339	1	!ard\prefabs_Buildings_Silo_sl_metal_old_wall_6_1_nocenter.Xvx.ard
3340	1	!ard\prefabs_Buildings_Silo_sl_metal_old_wall_6_3_nocenter.Xvx.ard
3341	1	!ard\prefabs_Buildings_slurry_pump_slurry_nocenter.Xvx.ard
3342	1	!ard\prefabs_Buildings_slurry_pump_slurry_pump_nocenter.Xvx.ard
3343	1	!ard\prefabs_Buildings_town_church_nocenter.Xvx.ard
3344	1	!ard\prefabs_Buildings_town_LOD1_LOD1_church_nocenter.Xvx.ard
3345	1	!ard\prefabs_Buildings_town_LOD1_LOD1_twn_treepot_1_nocenter.Xvx.ard
3346	1	!ard\prefabs_Buildings_town_LOD2_LOD2_twn_fasade_corner_dwn_2_1_nocenter.Xvx.ard
3347	1	!ard\prefabs_Buildings_town_LOD2_LOD2_twn_fasade_corner_dwn_2_2_nocenter.Xvx.ard
3348	1	!ard\prefabs_Buildings_town_LOD2_LOD2_twn_fasade_corner_dwn_2_3_nocenter.Xvx.ard
3349	1	!ard\prefabs_Buildings_town_LOD2_LOD2_twn_fasade_corner_dwn_2_4_nocenter.Xvx.ard
3350	1	!ard\prefabs_Buildings_town_LOD2_LOD2_twn_fasade_dwn_1_1_nocenter.Xvx.ard
3351	1	!ard\prefabs_Buildings_town_LOD2_LOD2_twn_fasade_dwn_1_2_nocenter.Xvx.ard
3352	1	!ard\prefabs_Buildings_town_LOD2_LOD2_twn_fasade_dwn_1_3_nocenter.Xvx.ard
3353	1	!ard\prefabs_Buildings_town_LOD2_LOD2_twn_fasade_dwn_1_4_nocenter.Xvx.ard
3354	1	!ard\prefabs_Buildings_town_LOD2_LOD2_twn_fasade_dwn_2_1_nocenter.Xvx.ard
3355	1	!ard\prefabs_Buildings_town_LOD2_LOD2_twn_fasade_dwn_2_2_nocenter.Xvx.ard
3356	1	!ard\prefabs_Buildings_town_LOD2_LOD2_twn_fasade_dwn_2_3_nocenter.Xvx.ard
3357	1	!ard\prefabs_Buildings_town_LOD2_LOD2_twn_fasade_dwn_2_4_nocenter.Xvx.ard
3358	1	!ard\prefabs_Buildings_town_LOD2_LOD2_twn_fasade_dwn_5_1_nocenter.Xvx.ard
3359	1	!ard\prefabs_Buildings_town_LOD2_LOD2_twn_fasade_dwn_5_2_nocenter.Xvx.ard
3360	1	!ard\prefabs_Buildings_town_LOD2_LOD2_twn_fasade_dwn_5_3_nocenter.Xvx.ard
3361	1	!ard\prefabs_Buildings_town_LOD2_LOD2_twn_fasade_dwn_5_4_nocenter.Xvx.ard
3362	1	!ard\prefabs_Buildings_town_LOD2_LOD2_twn_fasade_dwn_6_1_nocenter.Xvx.ard
3363	1	!ard\prefabs_Buildings_town_LOD2_LOD2_twn_fasade_dwn_6_2_nocenter.Xvx.ard
3364	1	!ard\prefabs_Buildings_town_LOD2_LOD2_twn_fasade_dwn_6_4_nocenter.Xvx.ard
3365	1	!ard\prefabs_Buildings_town_LOD2_LOD2_twn_fasade_up_2_1_nocenter.Xvx.ard
3366	1	!ard\prefabs_Buildings_town_LOD2_LOD2_twn_fasade_up_2_2_nocenter.Xvx.ard
3367	1	!ard\prefabs_Buildings_town_LOD2_LOD2_twn_fasade_up_2_3_nocenter.Xvx.ard
3368	1	!ard\prefabs_Buildings_town_LOD2_LOD2_twn_fasade_up_2_4_nocenter.Xvx.ard
3369	1	!ard\prefabs_Buildings_town_LOD2_LOD2_twn_fasade_up_5_1_nocenter.Xvx.ard
3370	1	!ard\prefabs_Buildings_town_LOD2_LOD2_twn_fasade_up_5_2_nocenter.Xvx.ard
3371	1	!ard\prefabs_Buildings_town_LOD2_LOD2_twn_fasade_up_5_3_nocenter.Xvx.ard
3372	1	!ard\prefabs_Buildings_town_LOD2_LOD2_twn_fasade_up_5_4_nocenter.Xvx.ard
3373	1	!ard\prefabs_Buildings_town_LOD2_LOD2_twn_gutter_1_1_nocenter.Xvx.ard
3374	1	!ard\prefabs_Buildings_town_LOD2_LOD2_twn_townhall_1_1_nocenter001.Xvx.ard
3375	1	!ard\prefabs_Buildings_town_twn_bitumen_new_roof_2_1_nocenter.Xvx.ard
3376	1	!ard\prefabs_Buildings_town_twn_bitumen_old_roof_2_1_nocenter.Xvx.ard
3377	1	!ard\prefabs_Buildings_town_twn_bridge_1_1_nocenter.Xvx.ard
3378	1	!ard\prefabs_Buildings_town_twn_ceramic_new_roof_1_2_nocenter.Xvx.ard
3379	1	!ard\prefabs_Buildings_town_twn_chimney_new_1_1_nocenter.Xvx.ard
3380	1	!ard\prefabs_Buildings_town_twn_chimney_new_2_1_nocenter.Xvx.ard
3381	1	!ard\prefabs_Buildings_town_twn_chimney_new_3_1_nocenter.Xvx.ard
3382	1	!ard\prefabs_Buildings_town_twn_corner_1_1_nocenter.Xvx.ard
3383	1	!ard\prefabs_Buildings_town_twn_door_1_1_nocenter.Xvx.ard
3384	1	!ard\prefabs_Buildings_town_twn_door_1_2_nocenter.Xvx.ard
3385	1	!ard\prefabs_Buildings_town_twn_door_1_3_nocenter.Xvx.ard
3386	1	!ard\prefabs_Buildings_town_twn_fasade_corner_dwn_1_1_nocenter.Xvx.ard
3387	1	!ard\prefabs_Buildings_town_twn_fasade_corner_dwn_1_2_nocenter.Xvx.ard
3388	1	!ard\prefabs_Buildings_town_twn_fasade_corner_dwn_1_3_nocenter.Xvx.ard
3389	1	!ard\prefabs_Buildings_town_twn_fasade_corner_dwn_1_4_nocenter.Xvx.ard
3390	1	!ard\prefabs_Buildings_town_twn_fasade_corner_dwn_2_1_nocenter.Xvx.ard
3391	1	!ard\prefabs_Buildings_town_twn_fasade_corner_dwn_2_2_nocenter.Xvx.ard
3392	1	!ard\prefabs_Buildings_town_twn_fasade_corner_dwn_2_3_nocenter.Xvx.ard
3393	1	!ard\prefabs_Buildings_town_twn_fasade_corner_dwn_2_4_nocenter.Xvx.ard
3394	1	!ard\prefabs_Buildings_town_twn_fasade_corner_up_1_1_nocenter.Xvx.ard
3395	1	!ard\prefabs_Buildings_town_twn_fasade_corner_up_1_2_nocenter.Xvx.ard
3396	1	!ard\prefabs_Buildings_town_twn_fasade_corner_up_1_3_nocenter.Xvx.ard
3397	1	!ard\prefabs_Buildings_town_twn_fasade_corner_up_1_4_nocenter.Xvx.ard
3398	1	!ard\prefabs_Buildings_town_twn_fasade_corner_up_2_1_nocenter.Xvx.ard
3399	1	!ard\prefabs_Buildings_town_twn_fasade_corner_up_2_2_nocenter.Xvx.ard
3400	1	!ard\prefabs_Buildings_town_twn_fasade_corner_up_2_3_nocenter.Xvx.ard
3401	1	!ard\prefabs_Buildings_town_twn_fasade_corner_up_2_4_nocenter.Xvx.ard
3402	1	!ard\prefabs_Buildings_town_twn_fasade_dwn_1_1_nocenter.Xvx.ard
3403	1	!ard\prefabs_Buildings_town_twn_fasade_dwn_1_2_nocenter.Xvx.ard
3404	1	!ard\prefabs_Buildings_town_twn_fasade_dwn_1_3_nocenter.Xvx.ard
3405	1	!ard\prefabs_Buildings_town_twn_fasade_dwn_1_4_nocenter.Xvx.ard
3406	1	!ard\prefabs_Buildings_town_twn_fasade_dwn_2_1_nocenter.Xvx.ard
3407	1	!ard\prefabs_Buildings_town_twn_fasade_dwn_2_2_nocenter.Xvx.ard
3408	1	!ard\prefabs_Buildings_town_twn_fasade_dwn_2_3_nocenter.Xvx.ard
3409	1	!ard\prefabs_Buildings_town_twn_fasade_dwn_2_4_nocenter.Xvx.ard
3410	1	!ard\prefabs_Buildings_town_twn_fasade_dwn_3_1_nocenter.Xvx.ard
3411	1	!ard\prefabs_Buildings_town_twn_fasade_dwn_3_2_nocenter.Xvx.ard
3412	1	!ard\prefabs_Buildings_town_twn_fasade_dwn_3_3_nocenter.Xvx.ard
3413	1	!ard\prefabs_Buildings_town_twn_fasade_dwn_3_4_nocenter.Xvx.ard
3414	1	!ard\prefabs_Buildings_town_twn_fasade_dwn_4_1_nocenter.Xvx.ard
3415	1	!ard\prefabs_Buildings_town_twn_fasade_dwn_4_2_nocenter.Xvx.ard
3416	1	!ard\prefabs_Buildings_town_twn_fasade_dwn_4_3_nocenter.Xvx.ard
3417	1	!ard\prefabs_Buildings_town_twn_fasade_dwn_4_4_nocenter.Xvx.ard
3418	1	!ard\prefabs_Buildings_town_twn_fasade_dwn_5_1_nocenter.Xvx.ard
3419	1	!ard\prefabs_Buildings_town_twn_fasade_dwn_5_2_nocenter.Xvx.ard
3420	1	!ard\prefabs_Buildings_town_twn_fasade_dwn_5_3_nocenter.Xvx.ard
3421	1	!ard\prefabs_Buildings_town_twn_fasade_dwn_5_4_nocenter.Xvx.ard
3422	1	!ard\prefabs_Buildings_town_twn_fasade_dwn_6_1_nocenter.Xvx.ard
3423	1	!ard\prefabs_Buildings_town_twn_fasade_dwn_6_2_nocenter.Xvx.ard
3424	1	!ard\prefabs_Buildings_town_twn_fasade_dwn_6_3_nocenter.Xvx.ard
3425	1	!ard\prefabs_Buildings_town_twn_fasade_dwn_6_4_nocenter.Xvx.ard
3426	1	!ard\prefabs_Buildings_town_twn_fasade_dwn_7_1_nocenter.Xvx.ard
3427	1	!ard\prefabs_Buildings_town_twn_fasade_dwn_7_2_nocenter.Xvx.ard
3428	1	!ard\prefabs_Buildings_town_twn_fasade_dwn_7_3_nocenter.Xvx.ard
3429	1	!ard\prefabs_Buildings_town_twn_fasade_dwn_7_4_nocenter.Xvx.ard
3430	1	!ard\prefabs_Buildings_town_twn_fasade_side_down_1_1_nocenter.Xvx.ard
3431	1	!ard\prefabs_Buildings_town_twn_fasade_side_down_1_2_nocenter.Xvx.ard
3432	1	!ard\prefabs_Buildings_town_twn_fasade_side_down_1_3_nocenterv.Xvx.ard
3433	1	!ard\prefabs_Buildings_town_twn_fasade_side_down_1_4_nocenter.Xvx.ard
3434	1	!ard\prefabs_Buildings_town_twn_fasade_side_down_2_1_nocenter.Xvx.ard
3435	1	!ard\prefabs_Buildings_town_twn_fasade_side_down_2_2_nocenter.Xvx.ard
3436	1	!ard\prefabs_Buildings_town_twn_fasade_side_down_2_3_nocenter.Xvx.ard
3437	1	!ard\prefabs_Buildings_town_twn_fasade_side_down_2_4_nocenter.Xvx.ard
3438	1	!ard\prefabs_Buildings_town_twn_fasade_side_down_3_1_nocenter.Xvx.ard
3439	1	!ard\prefabs_Buildings_town_twn_fasade_side_down_3_2_nocenter.Xvx.ard
3440	1	!ard\prefabs_Buildings_town_twn_fasade_side_down_3_3_nocenter.Xvx.ard
3441	1	!ard\prefabs_Buildings_town_twn_fasade_side_down_3_4_nocenter.Xvx.ard
3442	1	!ard\prefabs_Buildings_town_twn_fasade_side_up_1_1_nocenter.Xvx.ard
3443	1	!ard\prefabs_Buildings_town_twn_fasade_side_up_1_2_nocenter.Xvx.ard
3444	1	!ard\prefabs_Buildings_town_twn_fasade_side_up_1_3_nocenter.Xvx.ard
3445	1	!ard\prefabs_Buildings_town_twn_fasade_side_up_1_4_nocenter.Xvx.ard
3446	1	!ard\prefabs_Buildings_town_twn_fasade_side_up_2_1_nocenter.Xvx.ard
3447	1	!ard\prefabs_Buildings_town_twn_fasade_side_up_2_2_nocenter.Xvx.ard
3448	1	!ard\prefabs_Buildings_town_twn_fasade_side_up_2_3_nocenter.Xvx.ard
3449	1	!ard\prefabs_Buildings_town_twn_fasade_side_up_2_4_nocenter.Xvx.ard
3450	1	!ard\prefabs_Buildings_town_twn_fasade_side_up_3_1_nocenter.Xvx.ard
3451	1	!ard\prefabs_Buildings_town_twn_fasade_side_up_3_2_nocenter.Xvx.ard
3452	1	!ard\prefabs_Buildings_town_twn_fasade_side_up_3_3_nocenter.Xvx.ard
3453	1	!ard\prefabs_Buildings_town_twn_fasade_side_up_3_4_nocenter.Xvx.ard
3454	1	!ard\prefabs_Buildings_town_twn_fasade_side_up_4_1_nocenter.Xvx.ard
3455	1	!ard\prefabs_Buildings_town_twn_fasade_side_up_4_2_nocenter.Xvx.ard
3456	1	!ard\prefabs_Buildings_town_twn_fasade_side_up_4_3_nocenter.Xvx.ard
3457	1	!ard\prefabs_Buildings_town_twn_fasade_side_up_4_4_nocenter.Xvx.ard
3458	1	!ard\prefabs_Buildings_town_twn_fasade_side_up_5_1_nocenter.Xvx.ard
3459	1	!ard\prefabs_Buildings_town_twn_fasade_side_up_5_2_nocenter.Xvx.ard
3460	1	!ard\prefabs_Buildings_town_twn_fasade_side_up_5_3_nocenter.Xvx.ard
3461	1	!ard\prefabs_Buildings_town_twn_fasade_side_up_5_4_nocenter.Xvx.ard
3462	1	!ard\prefabs_Buildings_town_twn_fasade_side_up_6_1_nocenter.Xvx.ard
3463	1	!ard\prefabs_Buildings_town_twn_fasade_side_up_6_2_nocenter.Xvx.ard
3464	1	!ard\prefabs_Buildings_town_twn_fasade_side_up_6_3_nocenter.Xvx.ard
3465	1	!ard\prefabs_Buildings_town_twn_fasade_side_up_6_4_nocenter.Xvx.ard
3466	1	!ard\prefabs_Buildings_town_twn_fasade_side_up_7_1_nocenter.Xvx.ard
3467	1	!ard\prefabs_Buildings_town_twn_fasade_side_up_7_2_nocenter.Xvx.ard
3468	1	!ard\prefabs_Buildings_town_twn_fasade_side_up_7_3_nocenter.Xvx.ard
3469	1	!ard\prefabs_Buildings_town_twn_fasade_side_up_7_4_nocenter.Xvx.ard
3470	1	!ard\prefabs_Buildings_town_twn_fasade_up_1_1_nocenter.Xvx.ard
3471	1	!ard\prefabs_Buildings_town_twn_fasade_up_1_2_nocenter.Xvx.ard
3472	1	!ard\prefabs_Buildings_town_twn_fasade_up_1_3_nocenter.Xvx.ard
3473	1	!ard\prefabs_Buildings_town_twn_fasade_up_1_4_nocenter.Xvx.ard
3474	1	!ard\prefabs_Buildings_town_twn_fasade_up_2_1_nocenter.Xvx.ard
3475	1	!ard\prefabs_Buildings_town_twn_fasade_up_2_2_nocenter.Xvx.ard
3476	1	!ard\prefabs_Buildings_town_twn_fasade_up_2_3_nocenter.Xvx.ard
3477	1	!ard\prefabs_Buildings_town_twn_fasade_up_2_4_nocenter.Xvx.ard
3478	1	!ard\prefabs_Buildings_town_twn_fasade_up_3_1_nocenter.Xvx.ard
3479	1	!ard\prefabs_Buildings_town_twn_fasade_up_3_2_nocenter.Xvx.ard
3480	1	!ard\prefabs_Buildings_town_twn_fasade_up_3_3_nocenter.Xvx.ard
3481	1	!ard\prefabs_Buildings_town_twn_fasade_up_3_4_nocenter.Xvx.ard
3482	1	!ard\prefabs_Buildings_town_twn_fasade_up_4_1_nocenter.Xvx.ard
3483	1	!ard\prefabs_Buildings_town_twn_fasade_up_4_2_nocenter.Xvx.ard
3484	1	!ard\prefabs_Buildings_town_twn_fasade_up_4_3_nocenter.Xvx.ard
3485	1	!ard\prefabs_Buildings_town_twn_fasade_up_4_4_nocenter.Xvx.ard
3486	1	!ard\prefabs_Buildings_town_twn_fasade_up_5_1_nocenter.Xvx.ard
3487	1	!ard\prefabs_Buildings_town_twn_fasade_up_5_2_nocenter.Xvx.ard
3488	1	!ard\prefabs_Buildings_town_twn_fasade_up_5_3_nocenter.Xvx.ard
3489	1	!ard\prefabs_Buildings_town_twn_fasade_up_5_4_nocenter.Xvx.ard
3490	1	!ard\prefabs_Buildings_town_twn_fasade_up_6_1_nocenter.Xvx.ard
3491	1	!ard\prefabs_Buildings_town_twn_fasade_up_6_2_nocenter.Xvx.ard
3492	1	!ard\prefabs_Buildings_town_twn_fasade_up_6_3_nocenter.Xvx.ard
3493	1	!ard\prefabs_Buildings_town_twn_fasade_up_6_4_nocenter.Xvx.ard
3494	1	!ard\prefabs_Buildings_town_twn_fasade_up_7_1_nocenter.Xvx.ard
3495	1	!ard\prefabs_Buildings_town_twn_fasade_up_7_2_nocenter.Xvx.ard
3496	1	!ard\prefabs_Buildings_town_twn_fasade_up_7_3_nocenter.Xvx.ard
3497	1	!ard\prefabs_Buildings_town_twn_fasade_up_7_4_nocenter.Xvx.ard
3498	1	!ard\prefabs_Buildings_town_twn_fence_1_1_nocenter.Xvx.ard
3499	1	!ard\prefabs_Buildings_town_twn_fence_1_2_nocenter.Xvx.ard
3500	1	!ard\prefabs_Buildings_town_twn_fence_1_3_nocenter.Xvx.ard
3501	1	!ard\prefabs_Buildings_town_twn_fence_2_1_nocenter.Xvx.ard
3502	1	!ard\prefabs_Buildings_town_twn_fence_2_2_nocenter.Xvx.ard
3503	1	!ard\prefabs_Buildings_town_twn_fence_2_3_nocenter.Xvx.ard
3504	1	!ard\prefabs_Buildings_town_twn_fence_3_1_nocenter.Xvx.ard
3505	1	!ard\prefabs_Buildings_town_twn_fence_3_2_nocenter.Xvx.ard
3506	1	!ard\prefabs_Buildings_town_twn_fence_3_3_nocenter.Xvx.ard
3507	1	!ard\prefabs_Buildings_town_twn_flags001_nocenter.Xvx.ard
3508	1	!ard\prefabs_Buildings_town_twn_floorstreet_1_1_nocenter.Xvx.ard
3509	1	!ard\prefabs_Buildings_town_twn_floorstreet_2_1_nocenter.Xvx.ard
3510	1	!ard\prefabs_Buildings_town_twn_floorstreet_3_1_nocenter.Xvx.ard
3511	1	!ard\prefabs_Buildings_town_twn_floorstreet_4_1_nocenter.Xvx.ard
3512	1	!ard\prefabs_Buildings_town_twn_fountain001_nocenter.Xvx.ard
3513	1	!ard\prefabs_Buildings_town_twn_gutter_1_1_nocenter.Xvx.ard
3514	1	!ard\prefabs_Buildings_town_twn_gutter_2_1_nocenter.Xvx.ard
3515	1	!ard\prefabs_Buildings_town_twn_metal_new_roof_1_1_nocenter.Xvx.ard
3516	1	!ard\prefabs_Buildings_town_twn_metal_new_roof_3_1_nocenter.Xvx.ard
3517	1	!ard\prefabs_Buildings_town_twn_metal_new_roof_3_2_nocenter.Xvx.ard
3518	1	!ard\prefabs_Buildings_town_twn_metal_new_roof_4_1_nocenter.Xvx.ard
3519	1	!ard\prefabs_Buildings_town_twn_metal_new_roof_4_2_nocenter.Xvx.ard
3520	1	!ard\prefabs_Buildings_town_twn_pavement_1_1_nocenter.Xvx.ard
3521	1	!ard\prefabs_Buildings_town_twn_pavement_corner_1_1_nocenter.Xvx.ard
3522	1	!ard\prefabs_Buildings_town_twn_townhall_1_1_nocenter.Xvx.ard
3523	1	!ard\prefabs_Buildings_town_twn_treepot_1_nocenter.Xvx.ard
3524	1	!ard\prefabs_Buildings_town_twn_treepot_2_nocenter.Xvx.ard
3525	1	!ard\prefabs_Buildings_wells_LOD1_LOD1_well_brick_new_tube_1_1_nocenter.Xvx.ard
3526	1	!ard\prefabs_Buildings_wells_LOD1_LOD1_well_brick_old_tube_1_1_nocenter.Xvx.ard
3527	1	!ard\prefabs_Buildings_wells_LOD1_LOD1_well_brick_painted_tube_1_1_nocenter.Xvx.ard
3528	1	!ard\prefabs_Buildings_wells_LOD1_LOD1_well_metal_new_roof_1_1_nocenter.Xvx.ard
3529	1	!ard\prefabs_Buildings_wells_LOD1_LOD1_well_wood_new_construction_1_1_nocenter.Xvx.ard
3530	1	!ard\prefabs_Buildings_wells_LOD1_LOD1_well_wood_old_construction_1_1_nocenter.Xvx.ard
3531	1	!ard\prefabs_Buildings_wells_LOD1_LOD1_well_wood_painted_construction_1_1_nocenter.Xvx.ard
3532	1	!ard\prefabs_Buildings_wells_well_bitumen_new_roof_1_1_nocenter.Xvx.ard
3533	1	!ard\prefabs_Buildings_wells_well_bitumen_new_roof_2_1_nocenter.Xvx.ard
3534	1	!ard\prefabs_Buildings_wells_well_bitumen_new_roof_3_1_nocenter.Xvx.ard
3535	1	!ard\prefabs_Buildings_wells_well_brick_new_tube_1_1_nocenter.Xvx.ard
3536	1	!ard\prefabs_Buildings_wells_well_brick_old_tube_1_1_nocenter.Xvx.ard
3537	1	!ard\prefabs_Buildings_wells_well_brick_painted_tube_1_1_nocenter.Xvx.ard
3538	1	!ard\prefabs_Buildings_wells_well_ceramic_new_roof_1_1_nocenter.Xvx.ard
3539	1	!ard\prefabs_Buildings_wells_well_metal_new_roof_1_1_nocenter.Xvx.ard
3540	1	!ard\prefabs_Buildings_wells_well_metal_new_roof_2_1_nocenter.Xvx.ard
3541	1	!ard\prefabs_Buildings_wells_well_PV_new_roof_3_1_nocenter.Xvx.ard
3542	1	!ard\prefabs_Buildings_wells_well_wood_new_construction_1_1_nocenter.Xvx.ard
3543	1	!ard\prefabs_Buildings_wells_well_wood_new_roof_1_1_nocenter.Xvx.ard
3544	1	!ard\prefabs_Buildings_wells_well_wood_old_construction_1_1_nocenter.Xvx.ard
3545	1	!ard\prefabs_Buildings_wells_well_wood_old_roof_1_1_nocenter.Xvx.ard
3546	1	!ard\prefabs_Buildings_wells_well_wood_painted_construction_1_1_nocenter.Xvx.ard
3547	1	!ard\prefabs_Buildings_wells_well_wood_painted_roof_1_1_nocenter.Xvx.ard
3548	1	!ard\prefabs_Buildings_world_bar_nocenter.Xvx.ard
3549	1	!ard\prefabs_Buildings_world_bridge001_nocenter.Xvx.ard
3550	1	!ard\prefabs_Buildings_world_bus_stop_nocenter.Xvx.ard
3551	1	!ard\prefabs_Buildings_world_car_shop1_door_left_nocenter.Xvx.ard
3552	1	!ard\prefabs_Buildings_world_car_shop1_door_right_nocenter.Xvx.ard
3553	1	!ard\prefabs_Buildings_world_car_shop1_nocenter.Xvx.ard
3554	1	!ard\prefabs_Buildings_world_coffee_Shop_cup_nocenter.Xvx.ard
3555	1	!ard\prefabs_Buildings_world_coffee_Shop_logo_big_nocenter.Xvx.ard
3556	1	!ard\prefabs_Buildings_world_coffee_shop_logo_nocenter.Xvx.ard
3557	1	!ard\prefabs_Buildings_world_coffee_shop_nocenter.Xvx.ard
3558	1	!ard\prefabs_Buildings_world_henhouse_neighbour_1_nocenter.Xvx.ard
3559	1	!ard\prefabs_Buildings_world_henhouse_neighbour_2_nocenter.Xvx.ard
3560	1	!ard\prefabs_Buildings_world_henhouse_neighbour_3_nocenter.Xvx.ard
3561	1	!ard\prefabs_Buildings_world_PHYSICS_coffee_Shop_logo_big_nocenter.Xvx.ard
3562	1	!ard\prefabs_Buildings_world_playgorund_new_nocenter.Xvx.ard
3563	1	!ard\prefabs_Buildings_world_playgorund_old_nocenter.Xvx.ard
3564	1	!ard\prefabs_Buildings_world_rail_bridge_002_nocenter.Xvx.ard
3565	1	!ard\prefabs_Buildings_world_rail_bridge_003_nocenter.Xvx.ard
3566	1	!ard\prefabs_Buildings_world_rail_bridge_nocenter.Xvx.ard
3567	1	!ard\prefabs_Buildings_world_shop_agro1_nocenter.Xvx.ard
3568	1	!ard\prefabs_Buildings_world_shop_agro2_nocenter.Xvx.ard
3569	1	!ard\prefabs_Buildings_world_shop_agro_bowl_nocenter.Xvx.ard
3570	1	!ard\prefabs_Buildings_world_shop_agro_door1_nocenter.Xvx.ard
3571	1	!ard\prefabs_Buildings_world_shop_agro_door2_nocenter.Xvx.ard
3572	1	!ard\prefabs_Buildings_world_shop_building_materials2_nocenter.Xvx.ard
3573	1	!ard\prefabs_Buildings_world_shop_building_materials_nocenter.Xvx.ard
3574	1	!ard\prefabs_Buildings_world_shop_building_materials_ramp_nocenter.Xvx.ard
3575	1	!ard\prefabs_Buildings_world_shop_countertop.Xvx.ard
3576	1	!ard\prefabs_Buildings_world_shop_material_1.Xvx.ard
3577	1	!ard\prefabs_Buildings_world_shop_material_2.Xvx.ard
3578	1	!ard\prefabs_Buildings_world_shop_material_3.Xvx.ard
3579	1	!ard\prefabs_Buildings_world_shop_material_4.Xvx.ard
3580	1	!ard\prefabs_Buildings_world_shop_rack.Xvx.ard
3581	1	!ard\prefabs_Buildings_world_shop_shed1_nocenter.Xvx.ard
3582	1	!ard\prefabs_Buildings_world_shop_shed2_nocenter.Xvx.ard
3583	1	!ard\prefabs_Buildings_world_shop_shelf1.Xvx.ard
3584	1	!ard\prefabs_Buildings_world_shop_shelf2.Xvx.ard
3585	1	!ard\prefabs_Buildings_world_shop_silo_1.Xvx.ard
3586	1	!ard\prefabs_Buildings_world_shop_silo_2.Xvx.ard
3587	1	!ard\prefabs_Buildings_world_shop_silo_building1.Xvx.ard
3588	1	!ard\prefabs_Buildings_world_shop_silo_building2.Xvx.ard
3589	1	!ard\prefabs_Buildings_world_shop_silo_conveyor.Xvx.ard
3590	1	!ard\prefabs_Buildings_world_shop_silo_entrance.Xvx.ard
3591	1	!ard\prefabs_Buildings_world_shop_silo_hay.Xvx.ard
3592	1	!ard\prefabs_Buildings_world_shop_silo_tower1.Xvx.ard
3593	1	!ard\prefabs_Buildings_world_shop_silo_tower2.Xvx.ard
3594	1	!ard\prefabs_Buildings_world_shop_small_door_nocenter.Xvx.ard
3595	1	!ard\prefabs_Buildings_world_shop_small_nocenter.Xvx.ard
3596	1	!ard\prefabs_Buildings_world_stalls_add_nocenter.Xvx.ard
3597	1	!ard\prefabs_Buildings_world_stalls_nocenter.Xvx.ard
3598	1	!ard\prefabs_Buildings_world_steel_rack.Xvx.ard
3599	1	!ard\prefabs_Buildings_world_table_nocenter.Xvx.ard
3600	1	!ard\prefabs_Buildings_world_wedding_altan_nocenter.Xvx.ard
3601	1	!ard\prefabs_Buildings_world_windmill_old_chute_nocenter.Xvx.ard
3602	1	!ard\prefabs_Buildings_world_windmill_old_motor_nocenter.Xvx.ard
3603	1	!ard\prefabs_Buildings_world_windmill_old_nocenter.Xvx.ard
3604	1	!ard\prefabs_Buildings_world_windmill_old_rotor_nocenter.Xvx.ard
3605	1	!ard\prefabs_crops_beet01_nocenter.xvx.ard
3606	1	!ard\prefabs_crops_beet02_nocenter.xvx.ard
3607	1	!ard\prefabs_crops_beet03_nocenter.xvx.ard
3608	1	!ard\prefabs_crops_beet04_nocenter.xvx.ard
3609	1	!ard\prefabs_crops_crops_barley02_lod1_nocenter.xvx.ard
3610	1	!ard\prefabs_crops_crops_barley02_nocenter.xvx.ard
3611	1	!ard\prefabs_crops_crops_barley03_lod1_nocenter.xvx.ard
3612	1	!ard\prefabs_crops_crops_barley03_nocenter.xvx.ard
3613	1	!ard\prefabs_crops_crops_beet01_nocenter.xvx.ard
3614	1	!ard\prefabs_crops_crops_beet02_nocenter.xvx.ard
3615	1	!ard\prefabs_crops_crops_beet03_nocenter.xvx.ard
3616	1	!ard\prefabs_crops_crops_beet04_nocenter.xvx.ard
3617	1	!ard\prefabs_crops_crops_corn02_lod1_nocenter.xvx.ard
3618	1	!ard\prefabs_crops_crops_corn02_nocenter.xvx.ard
3619	1	!ard\prefabs_crops_crops_corn03_lod1_nocenter.xvx.ard
3620	1	!ard\prefabs_crops_crops_corn03_nocenter.xvx.ard
3621	1	!ard\prefabs_crops_crops_corn04_lod1_nocenter.xvx.ard
3622	1	!ard\prefabs_crops_crops_corn04_nocenter.xvx.ard
3623	1	!ard\prefabs_crops_crops_corn05_lod1_nocenter.xvx.ard
3624	1	!ard\prefabs_crops_crops_corn05_nocenter.xvx.ard
3625	1	!ard\prefabs_crops_crops_grass02_lod1_nocenter.Xvx.ard
3626	1	!ard\prefabs_crops_crops_grass02_nocenter.xvx.ard
3627	1	!ard\prefabs_crops_crops_grass03_lod1_nocenter.Xvx.ard
3628	1	!ard\prefabs_crops_crops_grass03_nocenter.xvx.ard
3629	1	!ard\prefabs_crops_crops_grass04_lod1_nocenter.Xvx.ard
3630	1	!ard\prefabs_crops_crops_grass04_nocenter.xvx.ard
3631	1	!ard\prefabs_crops_crops_grass05_lod1_nocenter.Xvx.ard
3632	1	!ard\prefabs_crops_crops_grass05_nocenter.xvx.ard
3633	1	!ard\prefabs_crops_crops_lupin02_lod1_nocenter.xvx.ard
3634	1	!ard\prefabs_crops_crops_lupin02_nocenter.xvx.ard
3635	1	!ard\prefabs_crops_crops_lupin03_lod1_nocenter.xvx.ard
3636	1	!ard\prefabs_crops_crops_lupin03_nocenter.xvx.ard
3637	1	!ard\prefabs_crops_crops_lupin04_lod1_nocenter.xvx.ard
3638	1	!ard\prefabs_crops_crops_lupin04_nocenter.xvx.ard
3639	1	!ard\prefabs_crops_crops_pea02_lod1_nocenter.xvx.ard
3640	1	!ard\prefabs_crops_crops_pea02_nocenter.xvx.ard
3641	1	!ard\prefabs_crops_crops_pea03_lod1_nocenter.xvx.ard
3642	1	!ard\prefabs_crops_crops_pea03_nocenter.xvx.ard
3643	1	!ard\prefabs_crops_crops_pea04_lod1_nocenter.xvx.ard
3644	1	!ard\prefabs_crops_crops_pea04_nocenter.xvx.ard
3645	1	!ard\prefabs_crops_crops_potato01_nocenter.xvx.ard
3646	1	!ard\prefabs_crops_crops_potato02_nocenter.xvx.ard
3647	1	!ard\prefabs_crops_crops_potato03_nocenter.xvx.ard
3648	1	!ard\prefabs_crops_crops_potato04_nocenter.xvx.ard
3649	1	!ard\prefabs_crops_crops_rape01_lod1_nocenter.xvx.ard
3650	1	!ard\prefabs_crops_crops_rape01_nocenter.xvx.ard
3651	1	!ard\prefabs_crops_crops_rape02_lod1_nocenter.xvx.ard
3652	1	!ard\prefabs_crops_crops_rape02_nocenter.xvx.ard
3653	1	!ard\prefabs_crops_crops_rape03_lod1_nocenter.xvx.ard
3654	1	!ard\prefabs_crops_crops_rape03_nocenter.xvx.ard
3655	1	!ard\prefabs_crops_crops_rape04_lod1_nocenter.xvx.ard
3656	1	!ard\prefabs_crops_crops_rape04_nocenter.xvx.ard
3657	1	!ard\prefabs_crops_crops_rape05_lod1_nocenter.xvx.ard
3658	1	!ard\prefabs_crops_crops_rape05_nocenter.xvx.ard
3659	1	!ard\prefabs_crops_crops_soy02_lod1_nocenter.xvx.ard
3660	1	!ard\prefabs_crops_crops_soy02_nocenter.xvx.ard
3661	1	!ard\prefabs_crops_crops_soy03_lod1_nocenter.xvx.ard
3662	1	!ard\prefabs_crops_crops_soy03_nocenter.xvx.ard
3663	1	!ard\prefabs_crops_crops_soy04_lod1_nocenter.xvx.ard
3664	1	!ard\prefabs_crops_crops_soy04_nocenter.xvx.ard
3665	1	!ard\prefabs_crops_crops_wheat01_lod1_nocenter.xvx.ard
3666	1	!ard\prefabs_crops_crops_wheat01_nocenter.xvx.ard
3667	1	!ard\prefabs_crops_crops_wheat02_lod1_nocenter.xvx.ard
3668	1	!ard\prefabs_crops_crops_wheat02_nocenter.xvx.ard
3669	1	!ard\prefabs_crops_crops_wheat03_lod1_nocenter.xvx.ard
3670	1	!ard\prefabs_crops_crops_wheat03_nocenter.xvx.ard
3671	1	!ard\prefabs_crops_crops_wheat04_lod1_nocenter.xvx.ard
3672	1	!ard\prefabs_crops_crops_wheat04_nocenter.xvx.ard
3673	1	!ard\prefabs_crops_crops_wheat05_lod1_nocenter.xvx.ard
3674	1	!ard\prefabs_crops_crops_wheat05_nocenter.xvx.ard
3675	1	!ard\prefabs_crops_potato03_nocenter.xvx.ard
3676	1	!ard\prefabs_crops_potato04_nocenter.xvx.ard
3677	1	!ard\prefabs_fences_act_fence_wood_fixed_wicket_5_1_nocenter.Xvx.ard
3678	1	!ard\prefabs_fences_act_fence_wood_new_wicket_5_1_nocenter.Xvx.ard
3679	1	!ard\prefabs_fences_act_fence_wood_old_wicket_5_1_nocenter.Xvx.ard
3680	1	!ard\prefabs_fences_act_fence_wood_painted_wicket_5_1_nocenter.Xvx.ard
3681	1	!ard\prefabs_fences_fence_concrete_nocenter.Xvx.ard
3682	1	!ard\prefabs_fences_fence_metal_1_1_nocenter.Xvx.ard
3683	1	!ard\prefabs_fences_fence_metal_1_2_nocenter.Xvx.ard
3684	1	!ard\prefabs_fences_fence_metal_1_3_nocenter.Xvx.ard
3685	1	!ard\prefabs_fences_fence_metal_fixed_corner_1_1_nocenter.Xvx.ard
3686	1	!ard\prefabs_fences_fence_metal_fixed_gate_1_1_nocenter.Xvx.ard
3687	1	!ard\prefabs_fences_fence_metal_fixed_gate_2_1_nocenter.Xvx.ard
3688	1	!ard\prefabs_fences_fence_metal_fixed_long_1_1_nocenter.Xvx.ard
3689	1	!ard\prefabs_fences_fence_metal_fixed_short_1_1_nocenter.Xvx.ard
3690	1	!ard\prefabs_fences_fence_metal_fixed_wicket_1_1_nocenter.Xvx.ard
3691	1	!ard\prefabs_fences_fence_metal_new_4_1_nocenter.Xvx.ard
3692	1	!ard\prefabs_fences_fence_metal_new_corner_1_1_nocenter.Xvx.ard
3693	1	!ard\prefabs_fences_fence_metal_new_gate_1_1_nocenter.Xvx.ard
3694	1	!ard\prefabs_fences_fence_metal_new_gate_2_1_nocenter.Xvx.ard
3695	1	!ard\prefabs_fences_fence_metal_new_gate_3_1_nocenter.Xvx.ard
3696	1	!ard\prefabs_fences_fence_metal_new_long_1_1_nocenter.Xvx.ard
3697	1	!ard\prefabs_fences_fence_metal_new_short_1_1_nocenter.Xvx.ard
3698	1	!ard\prefabs_fences_fence_metal_new_wicket_1_1_nocenter.Xvx.ard
3699	1	!ard\prefabs_fences_fence_metal_new_wicket_2_1_nocenter.Xvx.ard
3700	1	!ard\prefabs_fences_fence_metal_old_corner_1_1_nocenter.Xvx.ard
3701	1	!ard\prefabs_fences_fence_metal_old_gate_1_1_nocenter.Xvx.ard
3702	1	!ard\prefabs_fences_fence_metal_old_gate_2_1_nocenter.Xvx.ard
3703	1	!ard\prefabs_fences_fence_metal_old_gate_3_1_nocenter.Xvx.ard
3704	1	!ard\prefabs_fences_fence_metal_old_long_1_1_nocenter.Xvx.ard
3705	1	!ard\prefabs_fences_fence_metal_old_long_1_2_nocenter.Xvx.ard
3706	1	!ard\prefabs_fences_fence_metal_old_short_1_1_nocenter.Xvx.ard
3707	1	!ard\prefabs_fences_fence_metal_old_wicket_1_1_nocenter.Xvx.ard
3708	1	!ard\prefabs_fences_fence_metal_old_wicket_2_1_nocenter.Xvx.ard
3709	1	!ard\prefabs_fences_fence_metal_pole_1_1_nocenter.Xvx.ard
3710	1	!ard\prefabs_fences_fence_metal_pole_1_2_nocenter.Xvx.ard
3711	1	!ard\prefabs_fences_fence_metal_pole_1_3_nocenter.Xvx.ard
3712	1	!ard\prefabs_fences_fence_stone001.Xvx.ard
3713	1	!ard\prefabs_fences_fence_stone001_lod1.Xvx.ard
3714	1	!ard\prefabs_fences_fence_wood_1_1_nocenter.Xvx.ard
3715	1	!ard\prefabs_fences_fence_wood_1_2_nocenter.Xvx.ard
3716	1	!ard\prefabs_fences_fence_wood_2_1_nocenter.Xvx.ard
3717	1	!ard\prefabs_fences_fence_wood_2_2_nocenter.Xvx.ard
3718	1	!ard\prefabs_fences_fence_wood_3_1_nocenter.Xvx.ard
3719	1	!ard\prefabs_fences_fence_wood_3_2_nocenter.Xvx.ard
3720	1	!ard\prefabs_fences_fence_wood_3_3_nocenter.Xvx.ard
3721	1	!ard\prefabs_fences_fence_wood_3_4_nocenter.Xvx.ard
3722	1	!ard\prefabs_fences_fence_wood_fixed_4_1_nocenter.Xvx.ard
3723	1	!ard\prefabs_fences_fence_wood_fixed_5_1_nocenter.Xvx.ard
3724	1	!ard\prefabs_fences_fence_wood_fixed_5_2_nocenter.Xvx.ard
3725	1	!ard\prefabs_fences_fence_wood_fixed_5_3_nocenter.Xvx.ard
3726	1	!ard\prefabs_fences_fence_wood_fixed_5_4_nocenter.Xvx.ard
3727	1	!ard\prefabs_fences_fence_wood_fixed_gateL_5_1_nocenter.Xvx.ard
3728	1	!ard\prefabs_fences_fence_wood_fixed_gateL_5_2_nocenter.Xvx.ard
3729	1	!ard\prefabs_fences_fence_wood_fixed_gateR_5_1_nocenter.Xvx.ard
3730	1	!ard\prefabs_fences_fence_wood_fixed_gateR_5_2_nocenter.Xvx.ard
3731	1	!ard\prefabs_fences_fence_wood_fixed_pole_5_1_nocenter.Xvx.ard
3732	1	!ard\prefabs_fences_fence_wood_fixed_wicket_5_1_nocenter.Xvx.ard
3733	1	!ard\prefabs_fences_fence_wood_new_4_1_nocenter.Xvx.ard
3734	1	!ard\prefabs_fences_fence_wood_new_5_1_nocenter.Xvx.ard
3735	1	!ard\prefabs_fences_fence_wood_new_gateL_5_1_nocenter.Xvx.ard
3736	1	!ard\prefabs_fences_fence_wood_new_gateR_5_1_nocenter.Xvx.ard
3737	1	!ard\prefabs_fences_fence_wood_new_pole_5_1_nocenter.Xvx.ard
3738	1	!ard\prefabs_fences_fence_wood_new_wicket_5_1_nocenter.Xvx.ard
3739	1	!ard\prefabs_fences_fence_wood_old_4_1_nocenter.Xvx.ard
3740	1	!ard\prefabs_fences_fence_wood_old_4_2_nocenter.Xvx.ard
3741	1	!ard\prefabs_fences_fence_wood_old_4_3_nocenter.Xvx.ard
3742	1	!ard\prefabs_fences_fence_wood_old_4_4_nocenter.Xvx.ard
3743	1	!ard\prefabs_fences_fence_wood_old_5_2_nocenter.Xvx.ard
3744	1	!ard\prefabs_fences_fence_wood_old_5_3_nocenter.Xvx.ard
3745	1	!ard\prefabs_fences_fence_wood_old_5_4_nocenter.Xvx.ard
3746	1	!ard\prefabs_fences_fence_wood_old_gateL_5_2_nocenter.Xvx.ard
3747	1	!ard\prefabs_fences_fence_wood_old_gateR_5_2_nocenter.Xvx.ard
3748	1	!ard\prefabs_fences_fence_wood_old_wicket_5_1_nocenter.Xvx.ard
3749	1	!ard\prefabs_fences_fence_wood_painted_5_1_nocenter.Xvx.ard
3750	1	!ard\prefabs_fences_fence_wood_painted_gateL_5_1_nocenter.Xvx.ard
3751	1	!ard\prefabs_fences_fence_wood_painted_gateR_5_1_nocenter.Xvx.ard
3752	1	!ard\prefabs_fences_fence_wood_painted_pole_5_1_nocenter.Xvx.ard
3753	1	!ard\prefabs_fences_fence_wood_painted_wicket_5_1_nocenter.Xvx.ard
3754	1	!ard\prefabs_Garden_plants_dahlia_01_LOD1_nocenter.Xvx.ard
3755	1	!ard\prefabs_Garden_plants_dahlia_01_nocenter.Xvx.ard
3756	1	!ard\prefabs_Garden_plants_dahlia_dry01_LOD1_nocenter.Xvx.ard
3757	1	!ard\prefabs_Garden_plants_dahlia_dry01_nocenter.Xvx.ard
3758	1	!ard\prefabs_Garden_plants_dahlia_green01_LOD1_nocenter.Xvx.ard
3759	1	!ard\prefabs_Garden_plants_dahlia_green01_nocenter.Xvx.ard
3760	1	!ard\prefabs_Garden_plants_dahlia_seedling01_nocenter.Xvx.ard
3761	1	!ard\prefabs_Garden_plants_dahlia_weak01_LOD1_nocenter.Xvx.ard
3762	1	!ard\prefabs_Garden_plants_dahlia_weak01_nocenter.Xvx.ard
3763	1	!ard\prefabs_Garden_plants_rose_01_LOD1_nocenter.Xvx.ard
3764	1	!ard\prefabs_Garden_plants_rose_01_nocenter.Xvx.ard
3765	1	!ard\prefabs_Garden_plants_rose_dry01_LOD1_nocenter.Xvx.ard
3766	1	!ard\prefabs_Garden_plants_rose_dry01_nocenter.Xvx.ard
3767	1	!ard\prefabs_Garden_plants_rose_green01_nocenter.Xvx.ard
3768	1	!ard\prefabs_Garden_plants_rose_seedling01_nocenter.Xvx.ard
3769	1	!ard\prefabs_Garden_plants_rose_weak01_LOD1_nocenter.Xvx.ard
3770	1	!ard\prefabs_Garden_plants_rose_weak01_nocenter.Xvx.ard
3771	1	!ard\prefabs_Garden_plants_tulip_01_LOD1_nocenter.Xvx.ard
3772	1	!ard\prefabs_Garden_plants_tulip_01_nocenter.Xvx.ard
3773	1	!ard\prefabs_Garden_plants_tulip_dry01_LOD1_nocenter.Xvx.ard
3774	1	!ard\prefabs_Garden_plants_tulip_dry01_nocenter.Xvx.ard
3775	1	!ard\prefabs_Garden_plants_tulip_green01_LOD1_nocenter.Xvx.ard
3776	1	!ard\prefabs_Garden_plants_tulip_green01_nocenter.Xvx.ard
3777	1	!ard\prefabs_Garden_plants_tulip_seedling01_LOD1_nocenter.Xvx.ard
3778	1	!ard\prefabs_Garden_plants_tulip_seedling01_nocenter.Xvx.ard
3779	1	!ard\prefabs_Garden_plants_tulip_weak01_LOD1_nocenter.Xvx.ard
3780	1	!ard\prefabs_Garden_plants_tulip_weak01_nocenter.Xvx.ard
3781	1	!ard\prefabs_Garden_plants_zinnia_01_LOD1_nocenter.Xvx.ard
3782	1	!ard\prefabs_Garden_plants_zinnia_01_nocenter.Xvx.ard
3783	1	!ard\prefabs_Garden_plants_zinnia_dry01_LOD1_nocenter.Xvx.ard
3784	1	!ard\prefabs_Garden_plants_zinnia_dry01_nocenter.Xvx.ard
3785	1	!ard\prefabs_Garden_plants_zinnia_green01_LOD1_nocenter.Xvx.ard
3786	1	!ard\prefabs_Garden_plants_zinnia_green01_nocenter.Xvx.ard
3787	1	!ard\prefabs_Garden_plants_zinnia_seedling01_LOD1_nocenter.Xvx.ard
3788	1	!ard\prefabs_Garden_plants_zinnia_seedling01_nocenter.Xvx.ard
3789	1	!ard\prefabs_Garden_plants_zinnia_weak01_LOD1_nocenter.Xvx.ard
3790	1	!ard\prefabs_Garden_plants_zinnia_weak01_nocenter.Xvx.ard
3791	1	!ard\prefabs_grass_camomilla_01_lod1_nocenter.Xvx.ard
3792	1	!ard\prefabs_grass_camomilla_01_nocenter.xvx.ard
3793	1	!ard\prefabs_grass_cichorium_01_lod1_nocenter.Xvx.ard
3794	1	!ard\prefabs_grass_cichorium_01_nocenter.xvx.ard
3795	1	!ard\prefabs_grass_fern_01_lod1_nocenter.xvx.ard
3796	1	!ard\prefabs_grass_fern_01_nocenter.xvx.ard
3797	1	!ard\prefabs_grass_fern_02_lod1_nocenter.xvx.ard
3798	1	!ard\prefabs_grass_fern_02_nocenter.Xvx.ard
3799	1	!ard\prefabs_grass_grass_01_lod0_nocenter.Xvx.ard
3800	1	!ard\prefabs_grass_grass_01_lod1_nocenter.Xvx.ard
3801	1	!ard\prefabs_grass_grass_01_nocenter.xvx.ard
3802	1	!ard\prefabs_grass_grass_02_nocenter.xvx.ard
3803	1	!ard\prefabs_grass_Helianthus_01_lod1_nocenter.Xvx.ard
3804	1	!ard\prefabs_grass_Helianthus_01_nocenter.Xvx.ard
3805	1	!ard\prefabs_grass_highgrass_01_lod1_nocenter.xvx.ard
3806	1	!ard\prefabs_grass_highgrass_01_nocenter.xvx.ard
3807	1	!ard\prefabs_grass_highgrass_02_lod1_nocenter.xvx.ard
3808	1	!ard\prefabs_grass_highgrass_02_nocenter.xvx.ard
3809	1	!ard\prefabs_grass_Lilium01_lod1_nocenter.xvx.ard
3810	1	!ard\prefabs_grass_Lilium01_lod2_nocenter.xvx.ard
3811	1	!ard\prefabs_grass_Lilium01_nocenter.Xvx.ard
3812	1	!ard\prefabs_grass_mushroom_001_nocenter.Xvx.ard
3813	1	!ard\prefabs_grass_mushroom_002_nocenter.Xvx.ard
3814	1	!ard\prefabs_grass_mushroom_003_nocenter.Xvx.ard
3815	1	!ard\prefabs_grass_mushroom_004_nocenter.Xvx.ard
3816	1	!ard\prefabs_grass_potato_nocenter.Xvx.ard
3817	1	!ard\prefabs_grass_tanacetum_01_lod1_nocenter.Xvx.ard
3818	1	!ard\prefabs_grass_tanacetum_01_nocenter.xvx.ard
3819	1	!ard\prefabs_grass_telekia_01_lod1_nocenter.Xvx.ard
3820	1	!ard\prefabs_grass_telekia_01_nocenter.Xvx.ard
3821	1	!ard\prefabs_grass_typha01_lod1_nocenter.xvx.ard
3822	1	!ard\prefabs_grass_typha01_nocenter.xvx.ard
3823	1	!ard\prefabs_grass_watergrass_lod1_nocenter.xvx.ard
3824	1	!ard\prefabs_grass_watergrass_nocenter.xvx.ard
3825	1	!ard\prefabs_grass_waterweed_lod1_nocenter.xvx.ard
3826	1	!ard\prefabs_grass_waterweed_nocenter.xvx.ard
3827	1	!ard\prefabs_grass_wild_strawberry_nocenter.Xvx.ard
3828	1	!ard\prefabs_Greenhouse_plants_apple_fruit01_nocenter.Xvx.ard
3829	1	!ard\prefabs_Greenhouse_plants_apple_fruit02_LOD1_nocenter.Xvx.ard
3830	1	!ard\prefabs_Greenhouse_plants_apple_fruit02_nocenter.Xvx.ard
3831	1	!ard\prefabs_Greenhouse_plants_apple_fruit03_nocenter.Xvx.ard
3832	1	!ard\prefabs_Greenhouse_plants_apple_fruit04_LOD1_nocenter.Xvx.ard
3833	1	!ard\prefabs_Greenhouse_plants_apple_fruit04_nocenter.Xvx.ard
3834	1	!ard\prefabs_greenhouse_plants_greenhouse_chilli01_nocenter.xvx.ard
3835	1	!ard\prefabs_greenhouse_plants_greenhouse_chilli01_veggies02_nocenter.xvx.ard
3836	1	!ard\prefabs_greenhouse_plants_greenhouse_chilli01_veggies03_nocenter.xvx.ard
3837	1	!ard\prefabs_greenhouse_plants_greenhouse_chilli01_veggies_green01_nocenter.xvx.ard
3838	1	!ard\prefabs_greenhouse_plants_greenhouse_chilli01_veggies_green02_nocenter.xvx.ard
3839	1	!ard\prefabs_greenhouse_plants_greenhouse_chilli01_veggies_green03_nocenter.xvx.ard
3840	1	!ard\prefabs_greenhouse_plants_greenhouse_chilli_middle01_nocenter.xvx.ard
3841	1	!ard\prefabs_greenhouse_plants_greenhouse_cucumber01_nocenter.xvx.ard
3842	1	!ard\prefabs_greenhouse_plants_greenhouse_cucumber01_veggies01_nocenter.xvx.ard
3843	1	!ard\prefabs_greenhouse_plants_greenhouse_cucumber01_veggies02_nocenter.xvx.ard
3844	1	!ard\prefabs_greenhouse_plants_greenhouse_cucumber01_veggies03_nocenter.xvx.ard
3845	1	!ard\prefabs_greenhouse_plants_greenhouse_cucumber01_veggies_green01_nocenter.xvx.ard
3846	1	!ard\prefabs_greenhouse_plants_greenhouse_cucumber01_veggies_green02_nocenter.xvx.ard
3847	1	!ard\prefabs_greenhouse_plants_greenhouse_cucumber01_veggies_green03_nocenter.xvx.ard
3848	1	!ard\prefabs_greenhouse_plants_greenhouse_cucumber_middle01_nocenter.xvx.ard
3849	1	!ard\prefabs_greenhouse_plants_greenhouse_cucumber_seedling01_nocenter.xvx.ard
3850	1	!ard\prefabs_Greenhouse_plants_greenhouse_melon01_nocenter.Xvx.ard
3851	1	!ard\prefabs_Greenhouse_plants_greenhouse_melon01_veggies01_nocenter.Xvx.ard
3852	1	!ard\prefabs_Greenhouse_plants_greenhouse_melon01_veggies02_nocenter.Xvx.ard
3853	1	!ard\prefabs_Greenhouse_plants_greenhouse_melon01_veggies03_nocenter.Xvx.ard
3854	1	!ard\prefabs_Greenhouse_plants_greenhouse_melon01_veggies_green01_nocenter.Xvx.ard
3855	1	!ard\prefabs_Greenhouse_plants_greenhouse_melon01_veggies_green02_nocenter.Xvx.ard
3856	1	!ard\prefabs_Greenhouse_plants_greenhouse_melon01_veggies_green03_nocenter.Xvx.ard
3857	1	!ard\prefabs_Greenhouse_plants_greenhouse_melon_middle01_nocenter.Xvx.ard
3858	1	!ard\prefabs_Greenhouse_plants_greenhouse_melon_Seedling01_nocenter.Xvx.ard
3859	1	!ard\prefabs_Greenhouse_plants_greenhouse_paprika01_nocenter.Xvx.ard
3860	1	!ard\prefabs_Greenhouse_plants_greenhouse_paprika01_veggies01_nocenter.Xvx.ard
3861	1	!ard\prefabs_Greenhouse_plants_greenhouse_paprika01_veggies02_nocenter.Xvx.ard
3862	1	!ard\prefabs_Greenhouse_plants_greenhouse_paprika01_veggies03_nocenter.Xvx.ard
3863	1	!ard\prefabs_Greenhouse_plants_greenhouse_paprika01_veggies_green01_nocenter.Xvx.ard
3864	1	!ard\prefabs_Greenhouse_plants_greenhouse_paprika01_veggies_green02_nocenter.Xvx.ard
3865	1	!ard\prefabs_Greenhouse_plants_greenhouse_paprika01_veggies_green03_nocenter.Xvx.ard
3866	1	!ard\prefabs_Greenhouse_plants_greenhouse_paprika_middle01_nocenter.Xvx.ard
3867	1	!ard\prefabs_Greenhouse_plants_greenhouse_paprika_seedling01_nocenter.Xvx.ard
3868	1	!ard\prefabs_Greenhouse_plants_greenhouse_pumpkin01_nocenter.Xvx.ard
3869	1	!ard\prefabs_Greenhouse_plants_greenhouse_pumpkin01_veggies01_nocenter.Xvx.ard
3870	1	!ard\prefabs_Greenhouse_plants_greenhouse_pumpkin01_veggies02_nocenter.Xvx.ard
3871	1	!ard\prefabs_Greenhouse_plants_greenhouse_pumpkin01_veggies03_nocenter.Xvx.ard
3872	1	!ard\prefabs_Greenhouse_plants_greenhouse_pumpkin01_veggies_green01_nocenter.Xvx.ard
3873	1	!ard\prefabs_Greenhouse_plants_greenhouse_pumpkin01_veggies_green02_nocenter.Xvx.ard
3874	1	!ard\prefabs_Greenhouse_plants_greenhouse_pumpkin01_veggies_green03_nocenter.Xvx.ard
3875	1	!ard\prefabs_Greenhouse_plants_greenhouse_pumpkin_middle01_nocenter.Xvx.ard
3876	1	!ard\prefabs_Greenhouse_plants_greenhouse_pumpkin_Seedling01_nocenter.Xvx.ard
3877	1	!ard\prefabs_Greenhouse_plants_greenhouse_tomato01_nocenter.Xvx.ard
3878	1	!ard\prefabs_Greenhouse_plants_greenhouse_tomato01_veggies01_nocenter.Xvx.ard
3879	1	!ard\prefabs_Greenhouse_plants_greenhouse_tomato01_veggies02_nocenter.Xvx.ard
3880	1	!ard\prefabs_Greenhouse_plants_greenhouse_tomato01_veggies03_nocenter.Xvx.ard
3881	1	!ard\prefabs_Greenhouse_plants_greenhouse_tomato01_veggies_green01_nocenter.Xvx.ard
3882	1	!ard\prefabs_Greenhouse_plants_greenhouse_tomato01_veggies_green02_nocenter.Xvx.ard
3883	1	!ard\prefabs_Greenhouse_plants_greenhouse_tomato01_veggies_green03_nocenter.Xvx.ard
3884	1	!ard\prefabs_Greenhouse_plants_greenhouse_tomato_middle01_nocenter.Xvx.ard
3885	1	!ard\prefabs_Greenhouse_plants_greenhouse_tomato_seedling01_nocenter.Xvx.ard
3886	1	!ard\prefabs_Greenhouse_plants_greenhouse_zucchini01_nocenter.Xvx.ard
3887	1	!ard\prefabs_Greenhouse_plants_greenhouse_zucchini01_veggies01_nocenter.Xvx.ard
3888	1	!ard\prefabs_Greenhouse_plants_greenhouse_zucchini01_veggies02_nocenter.Xvx.ard
3889	1	!ard\prefabs_Greenhouse_plants_greenhouse_zucchini01_veggies03_nocenter.Xvx.ard
3890	1	!ard\prefabs_Greenhouse_plants_greenhouse_zucchini01_veggies_green01_nocenter.Xvx.ard
3891	1	!ard\prefabs_Greenhouse_plants_greenhouse_zucchini01_veggies_green02_nocenter.Xvx.ard
3892	1	!ard\prefabs_Greenhouse_plants_greenhouse_zucchini01_veggies_green03_nocenter.Xvx.ard
3893	1	!ard\prefabs_Greenhouse_plants_greenhouse_zucchini_middle01_nocenter.Xvx.ard
3894	1	!ard\prefabs_Greenhouse_plants_greenhouse_zucchini_Seedling01_nocenter.Xvx.ard
3895	1	!ard\prefabs_models_animals_boar.Xvx.ard
3896	1	!ard\prefabs_models_animals_deer.Xvx.ard
3897	1	!ard\prefabs_models_animals_eagle.Xvx.ard
3898	1	!ard\prefabs_models_animals_pigeon.Xvx.ard
3899	1	!ard\prefabs_models_animals_starling.Xvx.ard
3900	1	!ard\prefabs_models_animals_stork.Xvx.ard
3901	1	!ard\prefabs_models_animal_cat_cat.Xvx.ard
3902	1	!ard\prefabs_models_animal_cow_cow1_nocenter.Xvx.ard
3903	1	!ard\prefabs_models_animal_dog_dog.Xvx.ard
3904	1	!ard\prefabs_models_animal_duck_duck.Xvx.ard
3905	1	!ard\prefabs_models_animal_goose_goose.Xvx.ard
3906	1	!ard\prefabs_models_animal_hen_hen1_nocenter.Xvx.ard
3907	1	!ard\prefabs_models_animal_rooster_rooster.Xvx.ard
3908	1	!ard\prefabs_models_animations_boar_biegnie.Xvx.ard
3909	1	!ard\prefabs_models_animations_boar_idle1.Xvx.ard
3910	1	!ard\prefabs_models_animations_boar_idle2.Xvx.ard
3911	1	!ard\prefabs_models_animations_boar_idzie.Xvx.ard
3912	1	!ard\prefabs_models_animations_boar_je.Xvx.ard
3913	1	!ard\prefabs_models_animations_boar_pochyla.Xvx.ard
3914	1	!ard\prefabs_models_animations_boar_podnosi.Xvx.ard
3915	1	!ard\prefabs_models_animations_cat_idleLayDown.Xvx.ard
3916	1	!ard\prefabs_models_animations_cat_idle_LayDown.Xvx.ard
3917	1	!ard\prefabs_models_animations_cat_idle_LayDown2.Xvx.ard
3918	1	!ard\prefabs_models_animations_cat_idle_sit.Xvx.ard
3919	1	!ard\prefabs_models_animations_cat_idle_sit2.Xvx.ard
3920	1	!ard\prefabs_models_animations_cat_idle_sit_clean.Xvx.ard
3921	1	!ard\prefabs_models_animations_cat_idle_sleep.Xvx.ard
3922	1	!ard\prefabs_models_animations_child1_3y_idle1.Xvx.ard
3923	1	!ard\prefabs_models_animations_child1_3y_idle2.Xvx.ard
3924	1	!ard\prefabs_models_animations_child1_3y_idle3.Xvx.ard
3925	1	!ard\prefabs_models_animations_child1_3y_idle4.Xvx.ard
3926	1	!ard\prefabs_models_animations_child1_3y_idle5.Xvx.ard
3927	1	!ard\prefabs_models_animations_child1_3y_run.Xvx.ard
3928	1	!ard\prefabs_models_animations_child1_3y_sleep.Xvx.ard
3929	1	!ard\prefabs_models_animations_child1_3y_sleeping.Xvx.ard
3930	1	!ard\prefabs_models_animations_child1_3y_walk.Xvx.ard
3931	1	!ard\prefabs_models_animations_child1_idle1.Xvx.ard
3932	1	!ard\prefabs_models_animations_child1_idle2.Xvx.ard
3933	1	!ard\prefabs_models_animations_child1_idle3.Xvx.ard
3934	1	!ard\prefabs_models_animations_child1_idle4.Xvx.ard
3935	1	!ard\prefabs_models_animations_child1_idle5.Xvx.ard
3936	1	!ard\prefabs_models_animations_child1_run.Xvx.ard
3937	1	!ard\prefabs_models_animations_child1_sleep.Xvx.ard
3938	1	!ard\prefabs_models_animations_child1_sleeping.Xvx.ard
3939	1	!ard\prefabs_models_animations_child1_walk.Xvx.ard
3940	1	!ard\prefabs_models_animations_child2_3y_idle1.Xvx.ard
3941	1	!ard\prefabs_models_animations_child2_3y_idle2.Xvx.ard
3942	1	!ard\prefabs_models_animations_child2_3y_idle3.Xvx.ard
3943	1	!ard\prefabs_models_animations_child2_3y_idle4.Xvx.ard
3944	1	!ard\prefabs_models_animations_child2_3y_idle5.Xvx.ard
3945	1	!ard\prefabs_models_animations_child2_3y_run.Xvx.ard
3946	1	!ard\prefabs_models_animations_child2_3y_sleep.Xvx.ard
3947	1	!ard\prefabs_models_animations_child2_3y_sleeping.Xvx.ard
3948	1	!ard\prefabs_models_animations_child2_3y_walk.Xvx.ard
3949	1	!ard\prefabs_models_animations_child2_idle1.Xvx.ard
3950	1	!ard\prefabs_models_animations_child2_idle2.Xvx.ard
3951	1	!ard\prefabs_models_animations_child2_idle3.Xvx.ard
3952	1	!ard\prefabs_models_animations_child2_idle4.Xvx.ard
3953	1	!ard\prefabs_models_animations_child2_idle5.Xvx.ard
3954	1	!ard\prefabs_models_animations_child2_run.Xvx.ard
3955	1	!ard\prefabs_models_animations_child2_sleep.Xvx.ard
3956	1	!ard\prefabs_models_animations_child2_sleeping.Xvx.ard
3957	1	!ard\prefabs_models_animations_child2_walk.Xvx.ard
3958	1	!ard\prefabs_models_animations_clapping.Xvx.ard
3959	1	!ard\prefabs_models_animations_cow_idle1.Xvx.ard
3960	1	!ard\prefabs_models_animations_cow_idle2.Xvx.ard
3961	1	!ard\prefabs_models_animations_cow_idle3.Xvx.ard
3962	1	!ard\prefabs_models_animations_cow_idle4.Xvx.ard
3963	1	!ard\prefabs_models_animations_cow_idzie.Xvx.ard
3964	1	!ard\prefabs_models_animations_cow_je.Xvx.ard
3965	1	!ard\prefabs_models_animations_cow_pochyla.Xvx.ard
3966	1	!ard\prefabs_models_animations_cow_podnosi.Xvx.ard
3967	1	!ard\prefabs_models_animations_cow_siada.Xvx.ard
3968	1	!ard\prefabs_models_animations_cow_siedzi.Xvx.ard
3969	1	!ard\prefabs_models_animations_cow_siedzi2.Xvx.ard
3970	1	!ard\prefabs_models_animations_cow_wstaje.Xvx.ard
3971	1	!ard\prefabs_models_animations_deer_biegnie.Xvx.ard
3972	1	!ard\prefabs_models_animations_deer_idle1.Xvx.ard
3973	1	!ard\prefabs_models_animations_deer_idle2.Xvx.ard
3974	1	!ard\prefabs_models_animations_deer_idzie.Xvx.ard
3975	1	!ard\prefabs_models_animations_deer_je.Xvx.ard
3976	1	!ard\prefabs_models_animations_deer_pochyla.Xvx.ard
3977	1	!ard\prefabs_models_animations_deer_podnosi.Xvx.ard
3978	1	!ard\prefabs_models_animations_dog_attack1.Xvx.ard
3979	1	!ard\prefabs_models_animations_dog_attack2.Xvx.ard
3980	1	!ard\prefabs_models_animations_dog_butting_heads.Xvx.ard
3981	1	!ard\prefabs_models_animations_dog_death.Xvx.ard
3982	1	!ard\prefabs_models_animations_dog_eat.Xvx.ard
3983	1	!ard\prefabs_models_animations_dog_idle1.Xvx.ard
3984	1	!ard\prefabs_models_animations_dog_idle2.Xvx.ard
3985	1	!ard\prefabs_models_animations_dog_idle3.Xvx.ard
3986	1	!ard\prefabs_models_animations_dog_injured.Xvx.ard
3987	1	!ard\prefabs_models_animations_dog_roar.Xvx.ard
3988	1	!ard\prefabs_models_animations_dog_run_fast.Xvx.ard
3989	1	!ard\prefabs_models_animations_dog_run_fast_rootm.Xvx.ard
3990	1	!ard\prefabs_models_animations_dog_sleep.Xvx.ard
3991	1	!ard\prefabs_models_animations_dog_sniffing_idle.Xvx.ard
3992	1	!ard\prefabs_models_animations_dog_sniffing_rootm.Xvx.ard
3993	1	!ard\prefabs_models_animations_dog_surprised.Xvx.ard
3994	1	!ard\prefabs_models_animations_dog_turn_left.Xvx.ard
3995	1	!ard\prefabs_models_animations_dog_turn_left_rootm.Xvx.ard
3996	1	!ard\prefabs_models_animations_dog_turn_right.Xvx.ard
3997	1	!ard\prefabs_models_animations_dog_turn_right_rootm.Xvx.ard
3998	1	!ard\prefabs_models_animations_dog_walk.Xvx.ard
3999	1	!ard\prefabs_models_animations_dog_walk_back.Xvx.ard
4000	1	!ard\prefabs_models_animations_dog_walk_back_rootm.Xvx.ard
4001	1	!ard\prefabs_models_animations_dog_walk_rootm.Xvx.ard
4002	1	!ard\prefabs_models_animations_drive_idle_L134.Xvx.ard
4003	1	!ard\prefabs_models_animations_drive_idle_van.Xvx.ard
4004	1	!ard\prefabs_models_animations_drive_JD.Xvx.ard
4005	1	!ard\prefabs_models_animations_drive_left_JD.Xvx.ard
4006	1	!ard\prefabs_models_animations_drive_left_L134.Xvx.ard
4007	1	!ard\prefabs_models_animations_drive_left_old_harvester.Xvx.ard
4008	1	!ard\prefabs_models_animations_drive_left_van.Xvx.ard
4009	1	!ard\prefabs_models_animations_drive_mower.Xvx.ard
4010	1	!ard\prefabs_models_animations_drive_mower_left.Xvx.ard
4011	1	!ard\prefabs_models_animations_drive_mower_right.Xvx.ard
4012	1	!ard\prefabs_models_animations_drive_old_harvester.Xvx.ard
4013	1	!ard\prefabs_models_animations_drive_right_JD.Xvx.ard
4014	1	!ard\prefabs_models_animations_drive_right_L134.Xvx.ard
4015	1	!ard\prefabs_models_animations_drive_right_old_harvester.Xvx.ard
4016	1	!ard\prefabs_models_animations_drive_right_van.Xvx.ard
4017	1	!ard\prefabs_models_animations_drive_van.Xvx.ard
4018	1	!ard\prefabs_models_animations_duck_eat.Xvx.ard
4019	1	!ard\prefabs_models_animations_duck_idle1.Xvx.ard
4020	1	!ard\prefabs_models_animations_duck_idle2.Xvx.ard
4021	1	!ard\prefabs_models_animations_duck_sleep.Xvx.ard
4022	1	!ard\prefabs_models_animations_duck_swim.Xvx.ard
4023	1	!ard\prefabs_models_animations_duck_walk.Xvx.ard
4024	1	!ard\prefabs_models_animations_eagle_leci.Xvx.ard
4025	1	!ard\prefabs_models_animations_goose_eat.Xvx.ard
4026	1	!ard\prefabs_models_animations_goose_idle1.Xvx.ard
4027	1	!ard\prefabs_models_animations_goose_idle2.Xvx.ard
4028	1	!ard\prefabs_models_animations_goose_sleep.Xvx.ard
4029	1	!ard\prefabs_models_animations_goose_swim.Xvx.ard
4030	1	!ard\prefabs_models_animations_goose_walk.Xvx.ard
4031	1	!ard\prefabs_models_animations_hallo.Xvx.ard
4032	1	!ard\prefabs_models_animations_hen_biegnie.Xvx.ard
4033	1	!ard\prefabs_models_animations_hen_idle1.Xvx.ard
4034	1	!ard\prefabs_models_animations_hen_idzie.Xvx.ard
4035	1	!ard\prefabs_models_animations_hen_je.Xvx.ard
4036	1	!ard\prefabs_models_animations_hen_pochyla.Xvx.ard
4037	1	!ard\prefabs_models_animations_hen_podnosi.Xvx.ard
4038	1	!ard\prefabs_models_animations_hen_siada.Xvx.ard
4039	1	!ard\prefabs_models_animations_hen_siedzi.Xvx.ard
4040	1	!ard\prefabs_models_animations_hen_wstaje.Xvx.ard
4041	1	!ard\prefabs_models_animations_hero_beer_drinking1.Xvx.ard
4042	1	!ard\prefabs_models_animations_hero_beer_idle1.Xvx.ard
4043	1	!ard\prefabs_models_animations_hero_drone_steering.Xvx.ard
4044	1	!ard\prefabs_models_animations_hero_idle1.Xvx.ard
4045	1	!ard\prefabs_models_animations_hero_idle2.Xvx.ard
4046	1	!ard\prefabs_models_animations_hero_idle3.Xvx.ard
4047	1	!ard\prefabs_models_animations_hero_idle4.Xvx.ard
4048	1	!ard\prefabs_models_animations_hero_idle5.Xvx.ard
4049	1	!ard\prefabs_models_animations_hero_idle6.Xvx.ard
4050	1	!ard\prefabs_models_animations_hero_jump.Xvx.ard
4051	1	!ard\prefabs_models_animations_hero_milking.Xvx.ard
4052	1	!ard\prefabs_models_animations_hero_run.Xvx.ard
4053	1	!ard\prefabs_models_animations_hero_run_backward.Xvx.ard
4054	1	!ard\prefabs_models_animations_hero_run_strafe_left.Xvx.ard
4055	1	!ard\prefabs_models_animations_hero_run_strafe_right.Xvx.ard
4056	1	!ard\prefabs_models_animations_hero_talking1.Xvx.ard
4057	1	!ard\prefabs_models_animations_hero_talking2.Xvx.ard
4058	1	!ard\prefabs_models_animations_hero_talking3.Xvx.ard
4059	1	!ard\prefabs_models_animations_hero_talking4.Xvx.ard
4060	1	!ard\prefabs_models_animations_hero_talking5.Xvx.ard
4061	1	!ard\prefabs_models_animations_hero_talking6.Xvx.ard
4062	1	!ard\prefabs_models_animations_hero_walk.Xvx.ard
4063	1	!ard\prefabs_models_animations_hero_walk_backward.Xvx.ard
4064	1	!ard\prefabs_models_animations_hero_walk_strafe_left.Xvx.ard
4065	1	!ard\prefabs_models_animations_hero_walk_strafe_right.Xvx.ard
4066	1	!ard\prefabs_models_animations_idle1.Xvx.ard
4067	1	!ard\prefabs_models_animations_idle10.Xvx.ard
4068	1	!ard\prefabs_models_animations_idle2.Xvx.ard
4069	1	!ard\prefabs_models_animations_idle3.Xvx.ard
4070	1	!ard\prefabs_models_animations_idle4.Xvx.ard
4071	1	!ard\prefabs_models_animations_idle5.Xvx.ard
4072	1	!ard\prefabs_models_animations_idle6.Xvx.ard
4073	1	!ard\prefabs_models_animations_idle7.Xvx.ard
4074	1	!ard\prefabs_models_animations_idle8.Xvx.ard
4075	1	!ard\prefabs_models_animations_idle9.Xvx.ard
4076	1	!ard\prefabs_models_animations_idle_wedding.Xvx.ard
4077	1	!ard\prefabs_models_animations_infant_idle1.Xvx.ard
4078	1	!ard\prefabs_models_animations_infant_idle2.Xvx.ard
4079	1	!ard\prefabs_models_animations_infant_sleeping.Xvx.ard
4080	1	!ard\prefabs_models_animations_jump.Xvx.ard
4081	1	!ard\prefabs_models_animations_left_strafe.Xvx.ard
4082	1	!ard\prefabs_models_animations_left_strafe_walking.Xvx.ard
4083	1	!ard\prefabs_models_animations_left_turn_90.Xvx.ard
4084	1	!ard\prefabs_models_animations_man_child12_sleep.Xvx.ard
4085	1	!ard\prefabs_models_animations_man_child15_sleep.Xvx.ard
4086	1	!ard\prefabs_models_animations_man_child18_sleep.Xvx.ard
4087	1	!ard\prefabs_models_animations_man_child3_sleep.Xvx.ard
4088	1	!ard\prefabs_models_animations_man_talking_head.Xvx.ard
4089	1	!ard\prefabs_models_animations_pastor_idle.Xvx.ard
4090	1	!ard\prefabs_models_animations_pigeon_fly.Xvx.ard
4091	1	!ard\prefabs_models_animations_pigeon_idle1.Xvx.ard
4092	1	!ard\prefabs_models_animations_pigeon_idle2.Xvx.ard
4093	1	!ard\prefabs_models_animations_pigeon_idle3.Xvx.ard
4094	1	!ard\prefabs_models_animations_right_strafe.Xvx.ard
4095	1	!ard\prefabs_models_animations_right_strafe_walking.Xvx.ard
4096	1	!ard\prefabs_models_animations_right_turn_90.Xvx.ard
4097	1	!ard\prefabs_models_animations_rooster_crow.Xvx.ard
4098	1	!ard\prefabs_models_animations_rooster_idle1.Xvx.ard
4099	1	!ard\prefabs_models_animations_rooster_idle2.Xvx.ard
4100	1	!ard\prefabs_models_animations_rooster_sleep.Xvx.ard
4101	1	!ard\prefabs_models_animations_scarecrow_idle1.Xvx.ard
4102	1	!ard\prefabs_models_animations_sitting_idle1.Xvx.ard
4103	1	!ard\prefabs_models_animations_sit_to_stand.Xvx.ard
4104	1	!ard\prefabs_models_animations_standard_run.Xvx.ard
4105	1	!ard\prefabs_models_animations_stand_to_sit.Xvx.ard
4106	1	!ard\prefabs_models_animations_starling_eat.Xvx.ard
4107	1	!ard\prefabs_models_animations_starling_fly.Xvx.ard
4108	1	!ard\prefabs_models_animations_starling_fly_start.Xvx.ard
4109	1	!ard\prefabs_models_animations_starling_idle1.Xvx.ard
4110	1	!ard\prefabs_models_animations_starling_idle2.Xvx.ard
4111	1	!ard\prefabs_models_animations_stork_idle1.Xvx.ard
4112	1	!ard\prefabs_models_animations_stork_je.Xvx.ard
4113	1	!ard\prefabs_models_animations_stork_laduje.Xvx.ard
4114	1	!ard\prefabs_models_animations_stork_leci.Xvx.ard
4115	1	!ard\prefabs_models_animations_stork_pochyla.Xvx.ard
4116	1	!ard\prefabs_models_animations_stork_podnosi.Xvx.ard
4117	1	!ard\prefabs_models_animations_stork_wzbija.Xvx.ard
4118	1	!ard\prefabs_models_animations_talking1.Xvx.ard
4119	1	!ard\prefabs_models_animations_talking2.Xvx.ard
4120	1	!ard\prefabs_models_animations_talking3.Xvx.ard
4121	1	!ard\prefabs_models_animations_talking4.Xvx.ard
4122	1	!ard\prefabs_models_animations_talking5.Xvx.ard
4123	1	!ard\prefabs_models_animations_talking6.Xvx.ard
4124	1	!ard\prefabs_models_animations_T_airbrick_idle1.Xvx.ard
4125	1	!ard\prefabs_models_animations_T_airbrick_idle2.Xvx.ard
4126	1	!ard\prefabs_models_animations_T_airbrick_idle3.Xvx.ard
4127	1	!ard\prefabs_models_animations_T_airbrick_idle4.Xvx.ard
4128	1	!ard\prefabs_models_animations_T_airbrick_idle5.Xvx.ard
4129	1	!ard\prefabs_models_animations_T_airbrick_work1.Xvx.ard
4130	1	!ard\prefabs_models_animations_T_airbrick_work2.Xvx.ard
4131	1	!ard\prefabs_models_animations_T_airbrick_work3.Xvx.ard
4132	1	!ard\prefabs_models_animations_T_brick_idle1.Xvx.ard
4133	1	!ard\prefabs_models_animations_T_brick_idle2.Xvx.ard
4134	1	!ard\prefabs_models_animations_T_brick_idle3.Xvx.ard
4135	1	!ard\prefabs_models_animations_T_brick_idle4.Xvx.ard
4136	1	!ard\prefabs_models_animations_T_brick_idle5.Xvx.ard
4137	1	!ard\prefabs_models_animations_T_brick_repair_idle1.Xvx.ard
4138	1	!ard\prefabs_models_animations_T_brick_repair_idle2.Xvx.ard
4139	1	!ard\prefabs_models_animations_T_brick_repair_idle3.Xvx.ard
4140	1	!ard\prefabs_models_animations_T_brick_repair_idle4.Xvx.ard
4141	1	!ard\prefabs_models_animations_T_brick_repair_idle5.Xvx.ard
4142	1	!ard\prefabs_models_animations_T_brick_repair_work1.Xvx.ard
4143	1	!ard\prefabs_models_animations_T_brick_repair_work2.Xvx.ard
4144	1	!ard\prefabs_models_animations_T_brick_repair_work3.Xvx.ard
4145	1	!ard\prefabs_models_animations_T_brick_work1.Xvx.ard
4146	1	!ard\prefabs_models_animations_T_brick_work2.Xvx.ard
4147	1	!ard\prefabs_models_animations_T_brick_work3.Xvx.ard
4148	1	!ard\prefabs_models_animations_T_brush_idle1.Xvx.ard
4149	1	!ard\prefabs_models_animations_T_brush_idle2.Xvx.ard
4150	1	!ard\prefabs_models_animations_T_brush_idle3.Xvx.ard
4151	1	!ard\prefabs_models_animations_T_brush_idle4.Xvx.ard
4152	1	!ard\prefabs_models_animations_T_brush_idle5.Xvx.ard
4153	1	!ard\prefabs_models_animations_T_brush_work1.Xvx.ard
4154	1	!ard\prefabs_models_animations_T_brush_work2.Xvx.ard
4155	1	!ard\prefabs_models_animations_T_brush_work3.Xvx.ard
4156	1	!ard\prefabs_models_animations_T_chainsaw_hit1.Xvx.ard
4157	1	!ard\prefabs_models_animations_T_chainsaw_idle1.Xvx.ard
4158	1	!ard\prefabs_models_animations_T_fishing_cast1.Xvx.ard
4159	1	!ard\prefabs_models_animations_T_fishing_held1.Xvx.ard
4160	1	!ard\prefabs_models_animations_T_fishing_idle1.Xvx.ard
4161	1	!ard\prefabs_models_animations_T_fishing_spinning1.Xvx.ard
4162	1	!ard\prefabs_models_animations_T_garden_digging.Xvx.ard
4163	1	!ard\prefabs_models_animations_T_garden_digging1.Xvx.ard
4164	1	!ard\prefabs_models_animations_T_garden_digging2.Xvx.ard
4165	1	!ard\prefabs_models_animations_T_garden_digging_idle.Xvx.ard
4166	1	!ard\prefabs_models_animations_T_garden_planting.Xvx.ard
4167	1	!ard\prefabs_models_animations_T_garden_planting_idle.Xvx.ard
4168	1	!ard\prefabs_models_animations_T_garden_raking.Xvx.ard
4169	1	!ard\prefabs_models_animations_T_garden_raking1.Xvx.ard
4170	1	!ard\prefabs_models_animations_T_garden_raking2.Xvx.ard
4171	1	!ard\prefabs_models_animations_T_garden_raking_idle.Xvx.ard
4172	1	!ard\prefabs_models_animations_T_garden_seeding.Xvx.ard
4173	1	!ard\prefabs_models_animations_T_garden_seeding1.Xvx.ard
4174	1	!ard\prefabs_models_animations_T_garden_seeding2.Xvx.ard
4175	1	!ard\prefabs_models_animations_T_garden_seeding_idle.Xvx.ard
4176	1	!ard\prefabs_models_animations_T_garden_watering.Xvx.ard
4177	1	!ard\prefabs_models_animations_T_garden_watering1.Xvx.ard
4178	1	!ard\prefabs_models_animations_T_garden_watering2.Xvx.ard
4179	1	!ard\prefabs_models_animations_T_garden_watering_idle.Xvx.ard
4180	1	!ard\prefabs_models_animations_T_grinder_hit1.Xvx.ard
4181	1	!ard\prefabs_models_animations_T_grinder_hit2.Xvx.ard
4182	1	!ard\prefabs_models_animations_T_grinder_idle1.Xvx.ard
4183	1	!ard\prefabs_models_animations_T_grinder_idle2.Xvx.ard
4184	1	!ard\prefabs_models_animations_T_grinder_idle3.Xvx.ard
4185	1	!ard\prefabs_models_animations_T_grinder_idle4.Xvx.ard
4186	1	!ard\prefabs_models_animations_T_grinder_idle5.Xvx.ard
4187	1	!ard\prefabs_models_animations_T_hammer_hit1.Xvx.ard
4188	1	!ard\prefabs_models_animations_T_hammer_hit2.Xvx.ard
4189	1	!ard\prefabs_models_animations_T_hammer_hit3.Xvx.ard
4190	1	!ard\prefabs_models_animations_T_hammer_idle1.Xvx.ard
4191	1	!ard\prefabs_models_animations_T_hammer_idle2.Xvx.ard
4192	1	!ard\prefabs_models_animations_T_hammer_idle3.Xvx.ard
4193	1	!ard\prefabs_models_animations_T_hammer_idle4.Xvx.ard
4194	1	!ard\prefabs_models_animations_T_hammer_idle5.Xvx.ard
4195	1	!ard\prefabs_models_animations_T_hammer_idle6.Xvx.ard
4196	1	!ard\prefabs_models_animations_T_metal_idle1.Xvx.ard
4197	1	!ard\prefabs_models_animations_T_metal_idle2.Xvx.ard
4198	1	!ard\prefabs_models_animations_T_metal_idle3.Xvx.ard
4199	1	!ard\prefabs_models_animations_T_metal_idle4.Xvx.ard
4200	1	!ard\prefabs_models_animations_T_metal_work1.Xvx.ard
4201	1	!ard\prefabs_models_animations_T_motorsense_idle1.Xvx.ard
4202	1	!ard\prefabs_models_animations_T_motorsense_idle2.Xvx.ard
4203	1	!ard\prefabs_models_animations_T_nailer_hit1.Xvx.ard
4204	1	!ard\prefabs_models_animations_T_nailer_hit2.Xvx.ard
4205	1	!ard\prefabs_models_animations_T_nailer_hit3.Xvx.ard
4206	1	!ard\prefabs_models_animations_T_nailer_hit4.Xvx.ard
4207	1	!ard\prefabs_models_animations_T_nailer_idle1.Xvx.ard
4208	1	!ard\prefabs_models_animations_T_nailer_idle2.Xvx.ard
4209	1	!ard\prefabs_models_animations_T_nailer_idle3.Xvx.ard
4210	1	!ard\prefabs_models_animations_T_nailer_idle4.Xvx.ard
4211	1	!ard\prefabs_models_animations_T_nailer_idle5.Xvx.ard
4212	1	!ard\prefabs_models_animations_T_nailer_idle6.Xvx.ard
4213	1	!ard\prefabs_models_animations_T_nailer_idle7.Xvx.ard
4214	1	!ard\prefabs_models_animations_T_nailer_shingle_hit1.Xvx.ard
4215	1	!ard\prefabs_models_animations_T_nailer_shingle_hit2.Xvx.ard
4216	1	!ard\prefabs_models_animations_T_nailer_shingle_hit3.Xvx.ard
4217	1	!ard\prefabs_models_animations_T_nailer_shingle_idle1.Xvx.ard
4218	1	!ard\prefabs_models_animations_T_nailer_shingle_idle2.Xvx.ard
4219	1	!ard\prefabs_models_animations_T_nailer_shingle_idle3.Xvx.ard
4220	1	!ard\prefabs_models_animations_T_plaster_idle1.Xvx.ard
4221	1	!ard\prefabs_models_animations_T_plaster_idle2.Xvx.ard
4222	1	!ard\prefabs_models_animations_T_plaster_idle3.Xvx.ard
4223	1	!ard\prefabs_models_animations_T_plaster_idle4.Xvx.ard
4224	1	!ard\prefabs_models_animations_T_plaster_idle5.Xvx.ard
4225	1	!ard\prefabs_models_animations_T_plaster_idle6.Xvx.ard
4226	1	!ard\prefabs_models_animations_T_plaster_work1.Xvx.ard
4227	1	!ard\prefabs_models_animations_T_plaster_work2.Xvx.ard
4228	1	!ard\prefabs_models_animations_T_plaster_work3.Xvx.ard
4229	1	!ard\prefabs_models_animations_T_plaster_work4.Xvx.ard
4230	1	!ard\prefabs_models_animations_T_plaster_work5.Xvx.ard
4231	1	!ard\prefabs_models_animations_T_rivetgun_hit1.Xvx.ard
4232	1	!ard\prefabs_models_animations_T_rivetgun_hit2.Xvx.ard
4233	1	!ard\prefabs_models_animations_T_rivetgun_hit3.Xvx.ard
4234	1	!ard\prefabs_models_animations_T_rivetgun_idle1.Xvx.ard
4235	1	!ard\prefabs_models_animations_T_rivetgun_idle2.Xvx.ard
4236	1	!ard\prefabs_models_animations_T_rivetgun_idle3.Xvx.ard
4237	1	!ard\prefabs_models_animations_T_rivetgun_metal_roof_hit1.Xvx.ard
4238	1	!ard\prefabs_models_animations_T_rivetgun_metal_roof_hit2.Xvx.ard
4239	1	!ard\prefabs_models_animations_T_rivetgun_metal_roof_hit3.Xvx.ard
4240	1	!ard\prefabs_models_animations_T_rivetgun_metal_roof_idle1.Xvx.ard
4241	1	!ard\prefabs_models_animations_T_rivetgun_metal_roof_idle2.Xvx.ard
4242	1	!ard\prefabs_models_animations_T_rivetgun_metal_roof_idle3.Xvx.ard
4243	1	!ard\prefabs_models_animations_T_wood_idle1.Xvx.ard
4244	1	!ard\prefabs_models_animations_T_wood_idle2.Xvx.ard
4245	1	!ard\prefabs_models_animations_T_wood_idle3.Xvx.ard
4246	1	!ard\prefabs_models_animations_T_wood_idle4.Xvx.ard
4247	1	!ard\prefabs_models_animations_T_wood_idle5.Xvx.ard
4248	1	!ard\prefabs_models_animations_T_wood_idle6.Xvx.ard
4249	1	!ard\prefabs_models_animations_T_wood_idle7.Xvx.ard
4250	1	!ard\prefabs_models_animations_T_wood_work1.Xvx.ard
4251	1	!ard\prefabs_models_animations_walking.Xvx.ard
4252	1	!ard\prefabs_models_animations_woman_child12_sleep.Xvx.ard
4253	1	!ard\prefabs_models_animations_woman_child15_sleep.Xvx.ard
4254	1	!ard\prefabs_models_animations_woman_child18_sleep.Xvx.ard
4255	1	!ard\prefabs_models_animations_woman_child6_sleep.Xvx.ard
4256	1	!ard\prefabs_models_animations_woman_child9_sleep.Xvx.ard
4257	1	!ard\prefabs_models_animations_woman_child_sleep.Xvx.ard
4258	1	!ard\prefabs_models_animations_woman_clapping.Xvx.ard
4259	1	!ard\prefabs_models_animations_woman_hallo.Xvx.ard
4260	1	!ard\prefabs_models_animations_woman_idle1.Xvx.ard
4261	1	!ard\prefabs_models_animations_woman_idle2.Xvx.ard
4262	1	!ard\prefabs_models_animations_woman_idle3.Xvx.ard
4263	1	!ard\prefabs_models_animations_woman_idle4.Xvx.ard
4264	1	!ard\prefabs_models_animations_woman_idle5.Xvx.ard
4265	1	!ard\prefabs_models_animations_woman_idle6.Xvx.ard
4266	1	!ard\prefabs_models_animations_woman_idle7.Xvx.ard
4267	1	!ard\prefabs_models_animations_woman_idle8.Xvx.ard
4268	1	!ard\prefabs_models_animations_woman_idle_wedding_day.Xvx.ard
4269	1	!ard\prefabs_models_animations_woman_jump.Xvx.ard
4270	1	!ard\prefabs_models_animations_woman_kiss.Xvx.ard
4271	1	!ard\prefabs_models_animations_woman_sitting_idle1.Xvx.ard
4272	1	!ard\prefabs_models_animations_woman_sit_to_stand.Xvx.ard
4273	1	!ard\prefabs_models_animations_woman_sleeping.Xvx.ard
4274	1	!ard\prefabs_models_animations_woman_standard_run.Xvx.ard
4275	1	!ard\prefabs_models_animations_woman_stand_to_sit.Xvx.ard
4276	1	!ard\prefabs_models_animations_woman_talking1.Xvx.ard
4277	1	!ard\prefabs_models_animations_woman_talking2.Xvx.ard
4278	1	!ard\prefabs_models_animations_woman_talking3.Xvx.ard
4279	1	!ard\prefabs_models_animations_woman_talking4.Xvx.ard
4280	1	!ard\prefabs_models_animations_woman_talking5.Xvx.ard
4281	1	!ard\prefabs_models_animations_woman_talking_head.Xvx.ard
4282	1	!ard\prefabs_models_animations_woman_walking.Xvx.ard
4283	1	!ard\prefabs_models_animations_woman_walking_wedding_day.Xvx.ard
4284	1	!ard\prefabs_models_animations_w_axe_hit1.Xvx.ard
4285	1	!ard\prefabs_models_animations_w_axe_idle.Xvx.ard
4286	1	!ard\prefabs_models_animations_w_digging.Xvx.ard
4287	1	!ard\prefabs_models_animations_w_feeding.Xvx.ard
4288	1	!ard\prefabs_models_animations_w_fishing_1_1.Xvx.ard
4289	1	!ard\prefabs_models_animations_w_fishing_1_2.Xvx.ard
4290	1	!ard\prefabs_models_animations_w_fishing_idle.Xvx.ard
4291	1	!ard\prefabs_models_animations_w_hide_tool_1.Xvx.ard
4292	1	!ard\prefabs_models_animations_w_hide_tool_2.Xvx.ard
4293	1	!ard\prefabs_models_animations_w_hoeing.Xvx.ard
4294	1	!ard\prefabs_models_animations_w_pick_up_1.Xvx.ard
4295	1	!ard\prefabs_models_animations_w_pick_up_2.Xvx.ard
4296	1	!ard\prefabs_models_animations_w_pulls_tool_1.Xvx.ard
4297	1	!ard\prefabs_models_animations_w_pulls_tool_2.Xvx.ard
4298	1	!ard\prefabs_models_animations_w_pull_plant1.Xvx.ard
4299	1	!ard\prefabs_models_animations_w_pull_plant2.Xvx.ard
4300	1	!ard\prefabs_models_animations_w_pull_plant3.Xvx.ard
4301	1	!ard\prefabs_models_animations_w_pull_plant_1.Xvx.ard
4302	1	!ard\prefabs_models_animations_w_pull_plant_2.Xvx.ard
4303	1	!ard\prefabs_models_animations_w_pull_plant_3.Xvx.ard
4304	1	!ard\prefabs_models_animations_w_pull_plant_idle1.Xvx.ard
4305	1	!ard\prefabs_models_animations_w_pull_plant_idle2.Xvx.ard
4306	1	!ard\prefabs_models_animations_w_put_down_1.Xvx.ard
4307	1	!ard\prefabs_models_animations_w_put_down_2.Xvx.ard
4308	1	!ard\prefabs_models_animations_w_saw_idle.Xvx.ard
4309	1	!ard\prefabs_models_animations_w_saw_idle2.Xvx.ard
4310	1	!ard\prefabs_models_animations_w_sweep.Xvx.ard
4311	1	!ard\prefabs_models_animations_w_talking_phone.Xvx.ard
4312	1	!ard\prefabs_models_animations_w_talking_phone1.Xvx.ard
4313	1	!ard\prefabs_models_animations_w_talking_phone2.Xvx.ard
4314	1	!ard\prefabs_models_animations_w_talking_phone3.Xvx.ard
4315	1	!ard\prefabs_models_animations_w_texting.Xvx.ard
4316	1	!ard\prefabs_models_animations_w_texting1.Xvx.ard
4317	1	!ard\prefabs_models_animations_w_texting2.Xvx.ard
4318	1	!ard\prefabs_models_animations_w_texting3.Xvx.ard
4319	1	!ard\prefabs_models_animations_w_watering.Xvx.ard
4320	1	!ard\prefabs_models_animations_w_woman_cooking_1.Xvx.ard
4321	1	!ard\prefabs_models_animations_w_woman_cooking_2.Xvx.ard
4322	1	!ard\prefabs_models_animations_w_woman_cooking_3.Xvx.ard
4323	1	!ard\prefabs_models_animations_w_woman_cooking_idle.Xvx.ard
4324	1	!ard\prefabs_models_animations_w_woman_digging.Xvx.ard
4325	1	!ard\prefabs_models_animations_w_woman_feeding.Xvx.ard
4326	1	!ard\prefabs_models_animations_w_woman_fishing_1_1.Xvx.ard
4327	1	!ard\prefabs_models_animations_w_woman_fishing_1_2.Xvx.ard
4328	1	!ard\prefabs_models_animations_w_woman_fishing_idle.Xvx.ard
4329	1	!ard\prefabs_models_animations_w_woman_hide_tool_1.Xvx.ard
4330	1	!ard\prefabs_models_animations_w_woman_hide_tool_2.Xvx.ard
4331	1	!ard\prefabs_models_animations_w_woman_hoeing.Xvx.ard
4332	1	!ard\prefabs_models_animations_w_woman_pick_up_1.Xvx.ard
4333	1	!ard\prefabs_models_animations_w_woman_pick_up_2.Xvx.ard
4334	1	!ard\prefabs_models_animations_w_woman_pulls_tool_1.Xvx.ard
4335	1	!ard\prefabs_models_animations_w_woman_pulls_tool_2.Xvx.ard
4336	1	!ard\prefabs_models_animations_w_woman_pull_plant_1.Xvx.ard
4337	1	!ard\prefabs_models_animations_w_woman_pull_plant_2.Xvx.ard
4338	1	!ard\prefabs_models_animations_w_woman_pull_plant_3.Xvx.ard
4339	1	!ard\prefabs_models_animations_w_woman_pull_plant_idle1.Xvx.ard
4340	1	!ard\prefabs_models_animations_w_woman_pull_plant_idle2.Xvx.ard
4341	1	!ard\prefabs_models_animations_w_woman_put_down_1.Xvx.ard
4342	1	!ard\prefabs_models_animations_w_woman_put_down_2.Xvx.ard
4343	1	!ard\prefabs_models_animations_w_woman_sitting_reading.Xvx.ard
4344	1	!ard\prefabs_models_animations_w_woman_sweep.Xvx.ard
4345	1	!ard\prefabs_models_animations_w_woman_talking_phone.Xvx.ard
4346	1	!ard\prefabs_models_animations_w_woman_texting.Xvx.ard
4347	1	!ard\prefabs_models_animations_w_woman_watering_idle.Xvx.ard
4348	1	!ard\prefabs_models_attachments_bouquet_nocenter.Xvx.ard
4349	1	!ard\prefabs_models_attachments_eyewear1_nocenter.xvx.ard
4350	1	!ard\prefabs_models_attachments_eyewear2_nocenter.xvx.ard
4351	1	!ard\prefabs_models_attachments_eyewear3_nocenter.xvx.ard
4352	1	!ard\prefabs_models_attachments_eyewear4_nocenter.xvx.ard
4353	1	!ard\prefabs_models_attachments_eyewear5_nocenter.xvx.ard
4354	1	!ard\prefabs_models_attachments_eyewear6_nocenter.Xvx.ard
4355	1	!ard\prefabs_models_attachments_hat1_nocenter.Xvx.ard
4356	1	!ard\prefabs_models_attachments_hero_hat_headlamp_nocenter.Xvx.ard
4357	1	!ard\prefabs_models_attachments_hero_hat_nocenter.Xvx.ard
4358	1	!ard\prefabs_models_attachments_man_beard1_nocenter.xvx.ard
4359	1	!ard\prefabs_models_attachments_man_beard2_nocenter.xvx.ard
4360	1	!ard\prefabs_models_attachments_man_beard3_nocenter.xvx.ard
4361	1	!ard\prefabs_models_attachments_man_beard4_nocenter.xvx.ard
4362	1	!ard\prefabs_models_attachments_man_hair0_nocenter.xvx.ard
4363	1	!ard\prefabs_models_attachments_man_hair1.Xvx.ard
4364	1	!ard\prefabs_models_attachments_man_hair1_nocenter.xvx.ard
4365	1	!ard\prefabs_models_attachments_man_hair2_nocenter.xvx.ard
4366	1	!ard\prefabs_models_attachments_man_hair3_nocenter.xvx.ard
4367	1	!ard\prefabs_models_attachments_man_hair4_nocenter.xvx.ard
4368	1	!ard\prefabs_models_attachments_man_hair5_nocenter.xvx.ard
4369	1	!ard\prefabs_models_attachments_man_hat1_nocenter.xvx.ard
4370	1	!ard\prefabs_models_attachments_man_hat2_nocenter.xvx.ard
4371	1	!ard\prefabs_models_attachments_man_hat3_nocenter.Xvx.ard
4372	1	!ard\prefabs_models_attachments_man_hat4_nocenter.xvx.ard
4373	1	!ard\prefabs_models_attachments_man_hat5_nocenter.xvx.ard
4374	1	!ard\prefabs_models_attachments_man_hat6_nocenter.xvx.ard
4375	1	!ard\prefabs_models_attachments_man_moustache1_nocenter.xvx.ard
4376	1	!ard\prefabs_models_attachments_man_moustache2_nocenter.xvx.ard
4377	1	!ard\prefabs_models_attachments_man_moustache3_nocenter.xvx.ard
4378	1	!ard\prefabs_models_attachments_man_moustache4_nocenter.xvx.ard
4379	1	!ard\prefabs_models_attachments_tool_belt_nocenter.xvx.ard
4380	1	!ard\prefabs_models_attachments_wedding_veil_nocenter.Xvx.ard
4381	1	!ard\prefabs_models_attachments_woman_hair10_nocenter.xvx.ard
4382	1	!ard\prefabs_models_attachments_woman_hair11_nocenter.xvx.ard
4383	1	!ard\prefabs_models_attachments_woman_hair1_nocenter.xvx.ard
4384	1	!ard\prefabs_models_attachments_woman_hair2_nocenter.Xvx.ard
4385	1	!ard\prefabs_models_attachments_woman_hair3_nocenter.Xvx.ard
4386	1	!ard\prefabs_models_attachments_woman_hair4_nocenter.xvx.ard
4387	1	!ard\prefabs_models_attachments_woman_hair5_nocenter.xvx.ard
4388	1	!ard\prefabs_models_attachments_woman_hair6_nocenter.xvx.ard
4389	1	!ard\prefabs_models_attachments_woman_hair7_nocenter.xvx.ard
4390	1	!ard\prefabs_models_attachments_woman_hair8_nocenter.xvx.ard
4391	1	!ard\prefabs_models_attachments_woman_hair9_nocenter.xvx.ard
4392	1	!ard\prefabs_models_child1_3y_child1_3y.Xvx.ard
4393	1	!ard\prefabs_models_child1_child1.Xvx.ard
4394	1	!ard\prefabs_models_child2_3y_child2_3y.Xvx.ard
4395	1	!ard\prefabs_models_child2_child2.Xvx.ard
4396	1	!ard\prefabs_models_crib_infant_crib_infant.Xvx.ard
4397	1	!ard\prefabs_models_hero_hands_gardening_hero_hands_gardening.Xvx.ard
4398	1	!ard\prefabs_models_hero_hero.Xvx.ard
4399	1	!ard\prefabs_models_hero_wedding_day_hero_wedding_day.Xvx.ard
4400	1	!ard\prefabs_models_infant_infant.Xvx.ard
4401	1	!ard\prefabs_models_man1_hands_man1_hands.Xvx.ard
4402	1	!ard\prefabs_models_man1_man1.Xvx.ard
4403	1	!ard\prefabs_models_man2_man2.Xvx.ard
4404	1	!ard\prefabs_models_man3_man3.Xvx.ard
4405	1	!ard\prefabs_models_man4_man4.Xvx.ard
4406	1	!ard\prefabs_models_man5_man5.Xvx.ard
4407	1	!ard\prefabs_models_man6_man6.Xvx.ard
4408	1	!ard\prefabs_models_man7_man7.Xvx.ard
4409	1	!ard\prefabs_models_pastor_pastor.Xvx.ard
4410	1	!ard\prefabs_models_scarecrow_scarecrow.Xvx.ard
4411	1	!ard\prefabs_models_woman1_woman1.Xvx.ard
4412	1	!ard\prefabs_models_woman1_woman1_pregnant.Xvx.ard
4413	1	!ard\prefabs_models_woman2_woman2.Xvx.ard
4414	1	!ard\prefabs_models_woman2_woman2_pregnant.Xvx.ard
4415	1	!ard\prefabs_models_woman3_woman3.Xvx.ard
4416	1	!ard\prefabs_models_woman3_woman3_pregnant.Xvx.ard
4417	1	!ard\prefabs_models_woman4_woman4.Xvx.ard
4418	1	!ard\prefabs_models_woman4_woman4_pregnant.Xvx.ard
4419	1	!ard\prefabs_models_woman5_woman5.Xvx.ard
4420	1	!ard\prefabs_models_woman5_woman5_pregnant.Xvx.ard
4421	1	!ard\prefabs_models_woman6_woman6.Xvx.ard
4422	1	!ard\prefabs_models_woman6_woman6_pregnant.Xvx.ard
4423	1	!ard\prefabs_models_woman_wedding_day_woman_wedding_day.Xvx.ard
4424	1	!ard\prefabs_objects_ambrella001_nocenter.Xvx.ard
4425	1	!ard\prefabs_objects_ambrella002_nocenter.Xvx.ard
4426	1	!ard\prefabs_objects_ambrella003_nocenter.Xvx.ard
4427	1	!ard\prefabs_objects_barrel_metal1_nocenter.Xvx.ard
4428	1	!ard\prefabs_objects_barrel_metal2_nocenter.Xvx.ard
4429	1	!ard\prefabs_objects_barrel_wood1.Xvx.ard
4430	1	!ard\prefabs_objects_barrel_wood2.Xvx.ard
4431	1	!ard\prefabs_objects_beer_can_nocenter.Xvx.ard
4432	1	!ard\prefabs_objects_bench001.Xvx.ard
4433	1	!ard\prefabs_objects_bench002.Xvx.ard
4434	1	!ard\prefabs_objects_blocker4k.Xvx.ard
4435	1	!ard\prefabs_objects_boat001_nocenter.Xvx.ard
4436	1	!ard\prefabs_objects_boat002_nocenter.Xvx.ard
4437	1	!ard\prefabs_objects_boat_bridge_nocenter.Xvx.ard
4438	1	!ard\prefabs_objects_boat_oar_nocenter.Xvx.ard
4439	1	!ard\prefabs_objects_chest_nocenter.Xvx.ard
4440	1	!ard\prefabs_objects_decal_ladder_nocenter.Xvx.ard
4441	1	!ard\prefabs_objects_decal_wheel_nocenter.Xvx.ard
4442	1	!ard\prefabs_objects_doghouse_new_nocenter.Xvx.ard
4443	1	!ard\prefabs_objects_doghouse_nocenter.Xvx.ard
4444	1	!ard\prefabs_objects_doghouse_painted_nocenter.Xvx.ard
4445	1	!ard\prefabs_objects_dovehouse_nocenter.Xvx.ard
4446	1	!ard\prefabs_objects_EURpallet001.Xvx.ard
4447	1	!ard\prefabs_objects_EURpallet002.Xvx.ard
4448	1	!ard\prefabs_objects_EURpallet003.Xvx.ard
4449	1	!ard\prefabs_objects_fireplace_nocenter.Xvx.ard
4450	1	!ard\prefabs_objects_fx_beet.xvx.ard
4451	1	!ard\prefabs_objects_fx_potato.xvx.ard
4452	1	!ard\prefabs_objects_haybox.Xvx.ard
4453	1	!ard\prefabs_objects_home_gas_station_nocenter.Xvx.ard
4454	1	!ard\prefabs_objects_lamp001_nocenter.Xvx.ard
4455	1	!ard\prefabs_objects_lamp002_nocenter.Xvx.ard
4456	1	!ard\prefabs_objects_lamp003_nocenter.Xvx.ard
4457	1	!ard\prefabs_objects_lamp004_nocenter.Xvx.ard
4458	1	!ard\prefabs_objects_lamp005_nocenter.Xvx.ard
4459	1	!ard\prefabs_objects_lamp_vintage001_nocenter.Xvx.ard
4460	1	!ard\prefabs_objects_lamp_vintage002_nocenter.Xvx.ard
4461	1	!ard\prefabs_objects_LOD1_LOD1_ambrella001_nocenter.Xvx.ard
4462	1	!ard\prefabs_objects_LOD1_LOD1_ambrella002_nocenter.Xvx.ard
4463	1	!ard\prefabs_objects_LOD1_LOD1_ambrella003_nocenter.Xvx.ard
4464	1	!ard\prefabs_objects_LOD1_LOD1_bench001.Xvx.ard
4465	1	!ard\prefabs_objects_LOD1_LOD1_bench002.Xvx.ard
4466	1	!ard\prefabs_objects_LOD1_LOD1_bn_chaffcutter_nocenter.Xvx.ard
4467	1	!ard\prefabs_objects_LOD1_LOD1_boat001_nocenter.Xvx.ard
4468	1	!ard\prefabs_objects_LOD1_LOD1_boat002_nocenter.Xvx.ard
4469	1	!ard\prefabs_objects_LOD1_LOD1_decal_ladder_nocenter.Xvx.ard
4470	1	!ard\prefabs_objects_LOD1_LOD1_decal_wheel_nocenter.Xvx.ard
4471	1	!ard\prefabs_objects_LOD1_LOD1_lamp001_nocenter.Xvx.ard
4472	1	!ard\prefabs_objects_LOD1_LOD1_lamp002_nocenter.Xvx.ard
4473	1	!ard\prefabs_objects_LOD1_LOD1_lamp003_nocenter.Xvx.ard
4474	1	!ard\prefabs_objects_LOD1_LOD1_lamp004_nocenter.Xvx.ard
4475	1	!ard\prefabs_objects_LOD1_LOD1_lamp_vintage001_nocenter.Xvx.ard
4476	1	!ard\prefabs_objects_LOD1_LOD1_lamp_vintage002_nocenter.Xvx.ard
4477	1	!ard\prefabs_objects_LOD1_LOD1_log001_nocenter.Xvx.ard
4478	1	!ard\prefabs_objects_LOD1_LOD1_log002_nocenter.Xvx.ard
4479	1	!ard\prefabs_objects_LOD1_LOD1_log003_nocenter.Xvx.ard
4480	1	!ard\prefabs_objects_LOD1_LOD1_log004_nocenter.Xvx.ard
4481	1	!ard\prefabs_objects_LOD1_LOD1_markiza001_nocenter.Xvx.ard
4482	1	!ard\prefabs_objects_LOD1_LOD1_markiza002_nocenter.Xvx.ard
4483	1	!ard\prefabs_objects_LOD1_LOD1_markiza003_nocenter.Xvx.ard
4484	1	!ard\prefabs_objects_LOD1_LOD1_mast_nocenter.Xvx.ard
4485	1	!ard\prefabs_objects_LOD1_LOD1_pole001_nocenter.Xvx.ard
4486	1	!ard\prefabs_objects_LOD1_LOD1_pole002_nocenter.Xvx.ard
4487	1	!ard\prefabs_objects_LOD1_LOD1_pole003_nocenter.Xvx.ard
4488	1	!ard\prefabs_objects_LOD1_LOD1_pole004_nocenter.Xvx.ard
4489	1	!ard\prefabs_objects_LOD1_LOD1_pole_pavement_nocenter.Xvx.ard
4490	1	!ard\prefabs_objects_LOD1_LOD1_rail_bridge_002.Xvx.ard
4491	1	!ard\prefabs_objects_LOD1_LOD1_rail_bridge_003_nocenter.Xvx.ard
4492	1	!ard\prefabs_objects_LOD1_LOD1_rail_bridge_nocenter.Xvx.ard
4493	1	!ard\prefabs_objects_LOD1_LOD1_rail_crossing_redlights_nocenter.Xvx.ard
4494	1	!ard\prefabs_objects_LOD1_LOD1_roadguard001_nocenter.Xvx.ard
4495	1	!ard\prefabs_objects_LOD1_LOD1_roadguard002_nocenter.Xvx.ard
4496	1	!ard\prefabs_objects_LOD1_LOD1_roadguard003_end_nocenter.Xvx.ard
4497	1	!ard\prefabs_objects_LOD1_LOD1_roadguard004_end_nocenter.Xvx.ard
4498	1	!ard\prefabs_objects_LOD1_LOD1_roadguard005_nocenter.Xvx.ard
4499	1	!ard\prefabs_objects_LOD1_LOD1_twn_flags001_nocenter.Xvx.ard
4500	1	!ard\prefabs_objects_LOD1_LOD1_twn_fountain001_nocenter.Xvx.ard
4501	1	!ard\prefabs_objects_LOD1_railway_double.Xvx.ard
4502	1	!ard\prefabs_objects_LOD1_railway_double_left22_5.Xvx.ard
4503	1	!ard\prefabs_objects_LOD1_railway_double_left45.Xvx.ard
4504	1	!ard\prefabs_objects_LOD1_railway_double_left90.Xvx.ard
4505	1	!ard\prefabs_objects_LOD1_railway_double_right22_5.Xvx.ard
4506	1	!ard\prefabs_objects_LOD1_railway_double_right45.Xvx.ard
4507	1	!ard\prefabs_objects_LOD1_railway_double_right90.Xvx.ard
4508	1	!ard\prefabs_objects_LOD1_railway_pole_nocenter.Xvx.ard
4509	1	!ard\prefabs_objects_LOD1_railway_single.Xvx.ard
4510	1	!ard\prefabs_objects_LOD1_railway_single_left22_5.Xvx.ard
4511	1	!ard\prefabs_objects_LOD1_railway_single_left45.Xvx.ard
4512	1	!ard\prefabs_objects_LOD1_railway_single_left90.Xvx.ard
4513	1	!ard\prefabs_objects_LOD1_railway_single_right22_5.Xvx.ard
4514	1	!ard\prefabs_objects_LOD1_railway_single_right45.Xvx.ard
4515	1	!ard\prefabs_objects_LOD1_railway_single_right90.Xvx.ard
4516	1	!ard\prefabs_objects_LOD2_LOD2_mast_nocenter.Xvx.ard
4517	1	!ard\prefabs_objects_LOD2_LOD2_pole001_nocenter.Xvx.ard
4518	1	!ard\prefabs_objects_LOD2_LOD2_pole002_nocenter.Xvx.ard
4519	1	!ard\prefabs_objects_LOD2_LOD2_pole003_nocenter.Xvx.ard
4520	1	!ard\prefabs_objects_LOD2_LOD2_pole004_nocenter.Xvx.ard
4521	1	!ard\prefabs_objects_LOD2_LOD2_rail_bridge_nocenter.Xvx.ard
4522	1	!ard\prefabs_objects_LOD2_railway_double.Xvx.ard
4523	1	!ard\prefabs_objects_LOD2_railway_double_left22_5.Xvx.ard
4524	1	!ard\prefabs_objects_LOD2_railway_double_left45.Xvx.ard
4525	1	!ard\prefabs_objects_LOD2_railway_double_left90.Xvx.ard
4526	1	!ard\prefabs_objects_LOD2_railway_double_right22_5.Xvx.ard
4527	1	!ard\prefabs_objects_LOD2_railway_double_right45.Xvx.ard
4528	1	!ard\prefabs_objects_LOD2_railway_double_right90.Xvx.ard
4529	1	!ard\prefabs_objects_LOD2_railway_single.Xvx.ard
4530	1	!ard\prefabs_objects_LOD2_railway_single_left22_5.Xvx.ard
4531	1	!ard\prefabs_objects_LOD2_railway_single_left45.Xvx.ard
4532	1	!ard\prefabs_objects_LOD2_railway_single_left90.Xvx.ard
4533	1	!ard\prefabs_objects_LOD2_railway_single_right22_5.Xvx.ard
4534	1	!ard\prefabs_objects_LOD2_railway_single_right45.Xvx.ard
4535	1	!ard\prefabs_objects_LOD2_railway_single_right90.Xvx.ard
4536	1	!ard\prefabs_objects_log001_nocenter.Xvx.ard
4537	1	!ard\prefabs_objects_log002_nocenter.Xvx.ard
4538	1	!ard\prefabs_objects_log003_nocenter.Xvx.ard
4539	1	!ard\prefabs_objects_log004_nocenter.Xvx.ard
4540	1	!ard\prefabs_objects_markiza001_nocenter.Xvx.ard
4541	1	!ard\prefabs_objects_markiza002_nocenter.Xvx.ard
4542	1	!ard\prefabs_objects_markiza003_nocenter.Xvx.ard
4543	1	!ard\prefabs_objects_mast_nocenter.Xvx.ard
4544	1	!ard\prefabs_objects_PHYSICS_decal_ladder_nocenter.Xvx.ard
4545	1	!ard\prefabs_objects_PHYSICS_decal_wheel_nocenter.Xvx.ard
4546	1	!ard\prefabs_objects_pole001_nocenter.Xvx.ard
4547	1	!ard\prefabs_objects_pole002_nocenter.Xvx.ard
4548	1	!ard\prefabs_objects_pole003_nocenter.Xvx.ard
4549	1	!ard\prefabs_objects_pole004_nocenter.Xvx.ard
4550	1	!ard\prefabs_objects_pole005_nocenter.Xvx.ard
4551	1	!ard\prefabs_objects_pole_pavement_nocenter.Xvx.ard
4552	1	!ard\prefabs_objects_railway_double.Xvx.ard
4553	1	!ard\prefabs_objects_railway_double_left22_5.Xvx.ard
4554	1	!ard\prefabs_objects_railway_double_left45.Xvx.ard
4555	1	!ard\prefabs_objects_railway_double_left90.Xvx.ard
4556	1	!ard\prefabs_objects_railway_double_right22_5.Xvx.ard
4557	1	!ard\prefabs_objects_railway_double_right45.Xvx.ard
4558	1	!ard\prefabs_objects_railway_double_right90.Xvx.ard
4559	1	!ard\prefabs_objects_railway_pole_nocenter.Xvx.ard
4560	1	!ard\prefabs_objects_railway_pole_PHYSICS_nocenter.Xvx.ard
4561	1	!ard\prefabs_objects_railway_single.Xvx.ard
4562	1	!ard\prefabs_objects_railway_single_left22_5.Xvx.ard
4563	1	!ard\prefabs_objects_railway_single_left45.Xvx.ard
4564	1	!ard\prefabs_objects_railway_single_left90.Xvx.ard
4565	1	!ard\prefabs_objects_railway_single_right22_5.Xvx.ard
4566	1	!ard\prefabs_objects_railway_single_right45.Xvx.ard
4567	1	!ard\prefabs_objects_railway_single_right90.Xvx.ard
4568	1	!ard\prefabs_objects_rail_crossing_barrier1_nocenter.Xvx.ard
4569	1	!ard\prefabs_objects_rail_crossing_barrier2_nocenter.Xvx.ard
4570	1	!ard\prefabs_objects_rail_crossing_pavement_nocenter.Xvx.ard
4571	1	!ard\prefabs_objects_rail_crossing_redlights_nocenter.Xvx.ard
4572	1	!ard\prefabs_objects_roadguard001_nocenter.Xvx.ard
4573	1	!ard\prefabs_objects_roadguard002_nocenter.Xvx.ard
4574	1	!ard\prefabs_objects_roadguard003_end_nocenter.Xvx.ard
4575	1	!ard\prefabs_objects_roadguard004_end_nocenter.Xvx.ard
4576	1	!ard\prefabs_objects_roadguard005_nocenter.Xvx.ard
4577	1	!ard\prefabs_objects_road_pole_nocenter.Xvx.ard
4578	1	!ard\prefabs_objects_seeds_bag_1_nocenter.Xvx.ard
4579	1	!ard\prefabs_objects_seeds_bag_2_nocenter.Xvx.ard
4580	1	!ard\prefabs_objects_seeds_bag_3_nocenter.Xvx.ard
4581	1	!ard\prefabs_objects_seeds_bag_4_nocenter.Xvx.ard
4582	1	!ard\prefabs_objects_seeds_bag_5_nocenter.Xvx.ard
4583	1	!ard\prefabs_objects_sign_turn_left_nocenter.Xvx.ard
4584	1	!ard\prefabs_objects_sign_turn_right_nocenter.Xvx.ard
4585	1	!ard\prefabs_objects_stones_stone_big_001.Xvx.ard
4586	1	!ard\prefabs_objects_stones_stone_big_002.Xvx.ard
4587	1	!ard\prefabs_objects_stones_stone_big_003.Xvx.ard
4588	1	!ard\prefabs_objects_stones_stone_small_001.Xvx.ard
4589	1	!ard\prefabs_objects_stones_stone_small_002.Xvx.ard
4590	1	!ard\prefabs_objects_stones_stone_small_003.Xvx.ard
4591	1	!ard\prefabs_objects_stones_stone_very_big_001.Xvx.ard
4592	1	!ard\prefabs_objects_stones_stone_very_big_002.Xvx.ard
4593	1	!ard\prefabs_objects_stones_stone_very_big_003.Xvx.ard
4594	1	!ard\prefabs_objects_stump01_nocenter.Xvx.ard
4595	1	!ard\prefabs_objects_stump02_nocenter.Xvx.ard
4596	1	!ard\prefabs_objects_stump03_nocenter.Xvx.ard
4597	1	!ard\prefabs_objects_table_wood_001.Xvx.ard
4598	1	!ard\prefabs_objects_table_wood_002.Xvx.ard
4599	1	!ard\prefabs_objects_test_wagon.Xvx.ard
4600	1	!ard\prefabs_objects_tools_tool_axe_nocenter.Xvx.ard
4601	1	!ard\prefabs_objects_tools_tool_barrow_nocenter.Xvx.ard
4602	1	!ard\prefabs_objects_tools_tool_book.Xvx.ard
4603	1	!ard\prefabs_objects_tools_tool_broom_nocenter.Xvx.ard
4604	1	!ard\prefabs_objects_tools_tool_bucket_nocenter.Xvx.ard
4605	1	!ard\prefabs_objects_tools_tool_cell_phone.Xvx.ard
4606	1	!ard\prefabs_objects_tools_tool_duck_egg_x1_nocenter.Xvx.ard
4607	1	!ard\prefabs_objects_tools_tool_egg_x1_nocenter.Xvx.ard
4608	1	!ard\prefabs_objects_tools_tool_egg_x2_nocenter.Xvx.ard
4609	1	!ard\prefabs_objects_tools_tool_egg_x3_nocenter.Xvx.ard
4610	1	!ard\prefabs_objects_tools_tool_egg_x4_nocenter.Xvx.ard
4611	1	!ard\prefabs_objects_tools_tool_egg_x5_nocenter.Xvx.ard
4612	1	!ard\prefabs_objects_tools_tool_fishing_rod_nocenter.Xvx.ard
4613	1	!ard\prefabs_objects_tools_tool_goose_egg_x1_nocenter.Xvx.ard
4614	1	!ard\prefabs_objects_tools_tool_greenhouse_bowl_empty_nocenter.Xvx.ard
4615	1	!ard\prefabs_objects_tools_tool_greenhouse_bowl_nocenter.Xvx.ard
4616	1	!ard\prefabs_objects_tools_tool_hammer_nocenter.Xvx.ard
4617	1	!ard\prefabs_objects_tools_tool_hand_saw_nocenter.Xvx.ard
4618	1	!ard\prefabs_objects_tools_tool_hoe_nocenter.Xvx.ard
4619	1	!ard\prefabs_objects_tools_tool_milking_nocenter.Xvx.ard
4620	1	!ard\prefabs_objects_tools_tool_pan_pot_nocenter.Xvx.ard
4621	1	!ard\prefabs_objects_tools_tool_plant_nocenter.Xvx.ard
4622	1	!ard\prefabs_objects_tools_tool_rake_nocenter.Xvx.ard
4623	1	!ard\prefabs_objects_tools_tool_shovel_dirt_nocenter.Xvx.ard
4624	1	!ard\prefabs_objects_tools_tool_shovel_nocenter.Xvx.ard
4625	1	!ard\prefabs_objects_tools_tool_spoon.Xvx.ard
4626	1	!ard\prefabs_objects_tools_tool_watering_can_nocenter.Xvx.ard
4627	1	!ard\prefabs_objects_tools_tool_wood_log_holder.Xvx.ard
4628	1	!ard\prefabs_roads_road101437_nocenter.ardvx.ard
4629	1	!ard\prefabs_roads_road10979_nocenter.ardvx.ard
4630	1	!ard\prefabs_roads_road109948_nocenter.ardvx.ard
4631	1	!ard\prefabs_roads_road11161_nocenter.ardvx.ard
4632	1	!ard\prefabs_roads_road111750_nocenter.ardvx.ard
4633	1	!ard\prefabs_roads_road119859_nocenter.ardvx.ard
4634	1	!ard\prefabs_roads_road124284_nocenter.ardvx.ard
4635	1	!ard\prefabs_roads_road12888_nocenter.ardvx.ard
4636	1	!ard\prefabs_roads_road132871_nocenter.ardvx.ard
4637	1	!ard\prefabs_roads_road13612_nocenter.ardvx.ard
4638	1	!ard\prefabs_roads_road13714_nocenter.ardvx.ard
4639	1	!ard\prefabs_roads_road14204_nocenter.ardvx.ard
4640	1	!ard\prefabs_roads_road144284_nocenter.ardvx.ard
4641	1	!ard\prefabs_roads_road145538_nocenter.ardvx.ard
4642	1	!ard\prefabs_roads_road14983_nocenter.ardvx.ard
4643	1	!ard\prefabs_roads_road16950_nocenter.ardvx.ard
4644	1	!ard\prefabs_roads_road172444_nocenter.ardvx.ard
4645	1	!ard\prefabs_roads_road172684_nocenter.ardvx.ard
4646	1	!ard\prefabs_roads_road177678_nocenter.ardvx.ard
4647	1	!ard\prefabs_roads_road181685_nocenter.ardvx.ard
4648	1	!ard\prefabs_roads_road182199_nocenter.ardvx.ard
4649	1	!ard\prefabs_roads_road183892_nocenter.ardvx.ard
4650	1	!ard\prefabs_roads_road1862_nocenter.ardvx.ard
4651	1	!ard\prefabs_roads_road192069_nocenter.ardvx.ard
4652	1	!ard\prefabs_roads_road197253_nocenter.ardvx.ard
4653	1	!ard\prefabs_roads_road201765_nocenter.ardvx.ard
4654	1	!ard\prefabs_roads_road201787_nocenter.ardvx.ard
4655	1	!ard\prefabs_roads_road203048_nocenter.ardvx.ard
4656	1	!ard\prefabs_roads_road213078_nocenter.ardvx.ard
4657	1	!ard\prefabs_roads_road21434_nocenter.ardvx.ard
4658	1	!ard\prefabs_roads_road219648_nocenter.ardvx.ard
4659	1	!ard\prefabs_roads_road222154_nocenter.ardvx.ard
4660	1	!ard\prefabs_roads_road223199_nocenter.ardvx.ard
4661	1	!ard\prefabs_roads_road225_nocenter.ardvx.ard
4662	1	!ard\prefabs_roads_road227474_nocenter.ardvx.ard
4663	1	!ard\prefabs_roads_road227621_nocenter.ardvx.ard
4664	1	!ard\prefabs_roads_road238536_nocenter.ardvx.ard
4665	1	!ard\prefabs_roads_road24273_nocenter.ardvx.ard
4666	1	!ard\prefabs_roads_road244818_nocenter.ardvx.ard
4667	1	!ard\prefabs_roads_road246399_nocenter.ardvx.ard
4668	1	!ard\prefabs_roads_road25213_nocenter.ardvx.ard
4669	1	!ard\prefabs_roads_road252516_nocenter.ardvx.ard
4670	1	!ard\prefabs_roads_road255124_nocenter.ardvx.ard
4671	1	!ard\prefabs_roads_road25626_nocenter.ardvx.ard
4672	1	!ard\prefabs_roads_road258458_nocenter.ardvx.ard
4673	1	!ard\prefabs_roads_road263717_nocenter.ardvx.ard
4674	1	!ard\prefabs_roads_road266891_nocenter.ardvx.ard
4675	1	!ard\prefabs_roads_road268496_nocenter.ardvx.ard
4676	1	!ard\prefabs_roads_road271656_nocenter.ardvx.ard
4677	1	!ard\prefabs_roads_road279834_nocenter.ardvx.ard
4678	1	!ard\prefabs_roads_road28646_nocenter.ardvx.ard
4679	1	!ard\prefabs_roads_road289667_nocenter.ardvx.ard
4680	1	!ard\prefabs_roads_road294944_nocenter.ardvx.ard
4681	1	!ard\prefabs_roads_road297625_nocenter.ardvx.ard
4682	1	!ard\prefabs_roads_road303423_nocenter.ardvx.ard
4683	1	!ard\prefabs_roads_road315125_nocenter.ardvx.ard
4684	1	!ard\prefabs_roads_road32466_nocenter.ardvx.ard
4685	1	!ard\prefabs_roads_road327012_nocenter.ardvx.ard
4686	1	!ard\prefabs_roads_road32794_nocenter.ardvx.ard
4687	1	!ard\prefabs_roads_road327957_nocenter.ardvx.ard
4688	1	!ard\prefabs_roads_road331049_nocenter.ardvx.ard
4689	1	!ard\prefabs_roads_road33213_nocenter.ardvx.ard
4690	1	!ard\prefabs_roads_road34254_nocenter.ardvx.ard
4691	1	!ard\prefabs_roads_road343284_nocenter.ardvx.ard
4692	1	!ard\prefabs_roads_road34514_nocenter.ardvx.ard
4693	1	!ard\prefabs_roads_road347880_nocenter.ardvx.ard
4694	1	!ard\prefabs_roads_road352023_nocenter.ardvx.ard
4695	1	!ard\prefabs_roads_road353567_nocenter.ardvx.ard
4696	1	!ard\prefabs_roads_road354224_nocenter.ardvx.ard
4697	1	!ard\prefabs_roads_road36242_nocenter.ardvx.ard
4698	1	!ard\prefabs_roads_road364036_nocenter.ardvx.ard
4699	1	!ard\prefabs_roads_road372748_nocenter.ardvx.ard
4700	1	!ard\prefabs_roads_road373461_nocenter.ardvx.ard
4701	1	!ard\prefabs_roads_road375840_nocenter.ardvx.ard
4702	1	!ard\prefabs_roads_road375843_nocenter.ardvx.ard
4703	1	!ard\prefabs_roads_road37598_nocenter.ardvx.ard
4704	1	!ard\prefabs_roads_road38221_nocenter.ardvx.ard
4705	1	!ard\prefabs_roads_road383459_nocenter.ardvx.ard
4706	1	!ard\prefabs_roads_road384113_nocenter.ardvx.ard
4707	1	!ard\prefabs_roads_road385526_nocenter.ardvx.ard
4708	1	!ard\prefabs_roads_road38592_nocenter.ardvx.ard
4709	1	!ard\prefabs_roads_road386211_nocenter.ardvx.ard
4710	1	!ard\prefabs_roads_road39128_nocenter.ardvx.ard
4711	1	!ard\prefabs_roads_road39427_nocenter.ardvx.ard
4712	1	!ard\prefabs_roads_road402648_nocenter.ardvx.ard
4713	1	!ard\prefabs_roads_road41244_nocenter.ardvx.ard
4714	1	!ard\prefabs_roads_road4207_nocenter.ardvx.ard
4715	1	!ard\prefabs_roads_road431196_nocenter.ardvx.ard
4716	1	!ard\prefabs_roads_road431273_nocenter.ardvx.ard
4717	1	!ard\prefabs_roads_road436729_nocenter.ardvx.ard
4718	1	!ard\prefabs_roads_road438371_nocenter.ardvx.ard
4719	1	!ard\prefabs_roads_road439412_nocenter.ardvx.ard
4720	1	!ard\prefabs_roads_road441027_nocenter.ardvx.ard
4721	1	!ard\prefabs_roads_road442117_nocenter.ardvx.ard
4722	1	!ard\prefabs_roads_road44299_nocenter.ardvx.ard
4723	1	!ard\prefabs_roads_road444160_nocenter.ardvx.ard
4724	1	!ard\prefabs_roads_road452774_nocenter.ardvx.ard
4725	1	!ard\prefabs_roads_road464148_nocenter.ardvx.ard
4726	1	!ard\prefabs_roads_road468889_nocenter.ardvx.ard
4727	1	!ard\prefabs_roads_road47265_nocenter.ardvx.ard
4728	1	!ard\prefabs_roads_road47280_nocenter.ardvx.ard
4729	1	!ard\prefabs_roads_road473668_nocenter.ardvx.ard
4730	1	!ard\prefabs_roads_road476740_nocenter.ardvx.ard
4731	1	!ard\prefabs_roads_road48424_nocenter.ardvx.ard
4732	1	!ard\prefabs_roads_road491332_nocenter.ardvx.ard
4733	1	!ard\prefabs_roads_road494886_nocenter.ardvx.ard
4734	1	!ard\prefabs_roads_road505536_nocenter.ardvx.ard
4735	1	!ard\prefabs_roads_road50621_nocenter.ardvx.ard
4736	1	!ard\prefabs_roads_road506_nocenter.ardvx.ard
4737	1	!ard\prefabs_roads_road51364_nocenter.ardvx.ard
4738	1	!ard\prefabs_roads_road523668_nocenter.ardvx.ard
4739	1	!ard\prefabs_roads_road524531_nocenter.ardvx.ard
4740	1	!ard\prefabs_roads_road534160_nocenter.ardvx.ard
4741	1	!ard\prefabs_roads_road536994_nocenter.ardvx.ard
4742	1	!ard\prefabs_roads_road539863_nocenter.ardvx.ard
4743	1	!ard\prefabs_roads_road54632_nocenter.ardvx.ard
4744	1	!ard\prefabs_roads_road55117_nocenter.ardvx.ard
4745	1	!ard\prefabs_roads_road561972_nocenter.ardvx.ard
4746	1	!ard\prefabs_roads_road562572_nocenter.ardvx.ard
4747	1	!ard\prefabs_roads_road563374_nocenter.ardvx.ard
4748	1	!ard\prefabs_roads_road564182_nocenter.ardvx.ard
4749	1	!ard\prefabs_roads_road565047_nocenter.ardvx.ard
4750	1	!ard\prefabs_roads_road56577_nocenter.ardvx.ard
4751	1	!ard\prefabs_roads_road567218_nocenter.ardvx.ard
4752	1	!ard\prefabs_roads_road568564_nocenter.ardvx.ard
4753	1	!ard\prefabs_roads_road58828_nocenter.ardvx.ard
4754	1	!ard\prefabs_roads_road5898_nocenter.ardvx.ard
4755	1	!ard\prefabs_roads_road59480_nocenter.ardvx.ard
4756	1	!ard\prefabs_roads_road596852_nocenter.ardvx.ard
4757	1	!ard\prefabs_roads_road599078_nocenter.ardvx.ard
4758	1	!ard\prefabs_roads_road59948_nocenter.ardvx.ard
4759	1	!ard\prefabs_roads_road606172_nocenter.ardvx.ard
4760	1	!ard\prefabs_roads_road609787_nocenter.ardvx.ard
4761	1	!ard\prefabs_roads_road61082_nocenter.ardvx.ard
4762	1	!ard\prefabs_roads_road612242_nocenter.ardvx.ard
4763	1	!ard\prefabs_roads_road616984_nocenter.ardvx.ard
4764	1	!ard\prefabs_roads_road626037_nocenter.ardvx.ard
4765	1	!ard\prefabs_roads_road62819_nocenter.ardvx.ard
4766	1	!ard\prefabs_roads_road633972_nocenter.ardvx.ard
4767	1	!ard\prefabs_roads_road63445_nocenter.ardvx.ard
4768	1	!ard\prefabs_roads_road641218_nocenter.ardvx.ard
4769	1	!ard\prefabs_roads_road643249_nocenter.ardvx.ard
4770	1	!ard\prefabs_roads_road65017_nocenter.ardvx.ard
4771	1	!ard\prefabs_roads_road656646_nocenter.ardvx.ard
4772	1	!ard\prefabs_roads_road669162_nocenter.ardvx.ard
4773	1	!ard\prefabs_roads_road671517_nocenter.ardvx.ard
4774	1	!ard\prefabs_roads_road673055_nocenter.ardvx.ard
4775	1	!ard\prefabs_roads_road673914_nocenter.ardvx.ard
4776	1	!ard\prefabs_roads_road678018_nocenter.ardvx.ard
4777	1	!ard\prefabs_roads_road678198_nocenter.ardvx.ard
4778	1	!ard\prefabs_roads_road684359_nocenter.ardvx.ard
4779	1	!ard\prefabs_roads_road68671_nocenter.ardvx.ard
4780	1	!ard\prefabs_roads_road692329_nocenter.ardvx.ard
4781	1	!ard\prefabs_roads_road69368_nocenter.ardvx.ard
4782	1	!ard\prefabs_roads_road695689_nocenter.ardvx.ard
4783	1	!ard\prefabs_roads_road706530_nocenter.ardvx.ard
4784	1	!ard\prefabs_roads_road71229_nocenter.ardvx.ard
4785	1	!ard\prefabs_roads_road713365_nocenter.ardvx.ard
4786	1	!ard\prefabs_roads_road72609_nocenter.ardvx.ard
4787	1	!ard\prefabs_roads_road726143_nocenter.ardvx.ard
4788	1	!ard\prefabs_roads_road72644_nocenter.ardvx.ard
4789	1	!ard\prefabs_roads_road735493_nocenter.ardvx.ard
4790	1	!ard\prefabs_roads_road73570_nocenter.ardvx.ard
4791	1	!ard\prefabs_roads_road735827_nocenter.ardvx.ard
4792	1	!ard\prefabs_roads_road738329_nocenter.ardvx.ard
4793	1	!ard\prefabs_roads_road74368_nocenter.ardvx.ard
4794	1	!ard\prefabs_roads_road753539_nocenter.ardvx.ard
4795	1	!ard\prefabs_roads_road758225_nocenter.ardvx.ard
4796	1	!ard\prefabs_roads_road7614_nocenter.ardvx.ard
4797	1	!ard\prefabs_roads_road76697_nocenter.ardvx.ard
4798	1	!ard\prefabs_roads_road77127_nocenter.ardvx.ard
4799	1	!ard\prefabs_roads_road774016_nocenter.ardvx.ard
4800	1	!ard\prefabs_roads_road776052_nocenter.ardvx.ard
4801	1	!ard\prefabs_roads_road781638_nocenter.ardvx.ard
4802	1	!ard\prefabs_roads_road78534_nocenter.ardvx.ard
4803	1	!ard\prefabs_roads_road786414_nocenter.ardvx.ard
4804	1	!ard\prefabs_roads_road795148_nocenter.ardvx.ard
4805	1	!ard\prefabs_roads_road79948_nocenter.ardvx.ard
4806	1	!ard\prefabs_roads_road803040_nocenter.ardvx.ard
4807	1	!ard\prefabs_roads_road805594_nocenter.ardvx.ard
4808	1	!ard\prefabs_roads_road806665_nocenter.ardvx.ard
4809	1	!ard\prefabs_roads_road807580_nocenter.ardvx.ard
4810	1	!ard\prefabs_roads_road80813_nocenter.ardvx.ard
4811	1	!ard\prefabs_roads_road81575_nocenter.ardvx.ard
4812	1	!ard\prefabs_roads_road828496_nocenter.ardvx.ard
4813	1	!ard\prefabs_roads_road848068_nocenter.ardvx.ard
4814	1	!ard\prefabs_roads_road853935_nocenter.ardvx.ard
4815	1	!ard\prefabs_roads_road85551_nocenter.ardvx.ard
4816	1	!ard\prefabs_roads_road856123_nocenter.ardvx.ard
4817	1	!ard\prefabs_roads_road86048_nocenter.ardvx.ard
4818	1	!ard\prefabs_roads_road862526_nocenter.ardvx.ard
4819	1	!ard\prefabs_roads_road86302_nocenter.ardvx.ard
4820	1	!ard\prefabs_roads_road86748_nocenter.ardvx.ard
4821	1	!ard\prefabs_roads_road879149_nocenter.ardvx.ard
4822	1	!ard\prefabs_roads_road881785_nocenter.ardvx.ard
4823	1	!ard\prefabs_roads_road884571_nocenter.ardvx.ard
4824	1	!ard\prefabs_roads_road88651_nocenter.ardvx.ard
4825	1	!ard\prefabs_roads_road887887_nocenter.ardvx.ard
4826	1	!ard\prefabs_roads_road902189_nocenter.ardvx.ard
4827	1	!ard\prefabs_roads_road905914_nocenter.ardvx.ard
4828	1	!ard\prefabs_roads_road906752_nocenter.ardvx.ard
4829	1	!ard\prefabs_roads_road914070_nocenter.ardvx.ard
4830	1	!ard\prefabs_roads_road916918_nocenter.ardvx.ard
4831	1	!ard\prefabs_roads_road9170_nocenter.ardvx.ard
4832	1	!ard\prefabs_roads_road92129_nocenter.ardvx.ard
4833	1	!ard\prefabs_roads_road92548_nocenter.ardvx.ard
4834	1	!ard\prefabs_roads_road9275_nocenter.ardvx.ard
4835	1	!ard\prefabs_roads_road935854_nocenter.ardvx.ard
4836	1	!ard\prefabs_roads_road938019_nocenter.ardvx.ard
4837	1	!ard\prefabs_roads_road945963_nocenter.ardvx.ard
4838	1	!ard\prefabs_roads_road947177_nocenter.ardvx.ard
4839	1	!ard\prefabs_roads_road95122_nocenter.ardvx.ard
4840	1	!ard\prefabs_roads_road959616_nocenter.ardvx.ard
4841	1	!ard\prefabs_roads_road961180_nocenter.ardvx.ard
4842	1	!ard\prefabs_roads_road96277_nocenter.ardvx.ard
4843	1	!ard\prefabs_roads_road969390_nocenter.ardvx.ard
4844	1	!ard\prefabs_roads_road971190_nocenter.ardvx.ard
4845	1	!ard\prefabs_roads_road976036_nocenter.ardvx.ard
4846	1	!ard\prefabs_roads_road98261_nocenter.ardvx.ard
4847	1	!ard\prefabs_roads_road98356_nocenter.ardvx.ard
4848	1	!ard\prefabs_roads_road98888_nocenter.ardvx.ard
4849	1	!ard\prefabs_roads_road993929_nocenter.ardvx.ard
4850	1	!ard\prefabs_roads_road99821_nocenter.ardvx.ard
4851	1	!ard\prefabs_skies_sky_sphere.xvx.ard
4852	1	!ard\prefabs_special_Arrow.Xvx.ard
4853	1	!ard\prefabs_special_BezierControlPoint1.Xvx.ard
4854	1	!ard\prefabs_special_BezierControlPoint2.Xvx.ard
4855	1	!ard\prefabs_special_BezierPoint.xvx.ard
4856	1	!ard\prefabs_special_Building.Xvx.ard
4857	1	!ard\prefabs_special_Building_static.Xvx.ard
4858	1	!ard\prefabs_special_chair_fake_nocenter.Xvx.ard
4859	1	!ard\prefabs_special_circle0.xvx.ard
4860	1	!ard\prefabs_special_circle1.xvx.ard
4861	1	!ard\prefabs_special_FX.Xvx.ard
4862	1	!ard\prefabs_special_Grass.Xvx.ard
4863	1	!ard\prefabs_special_hay.Xvx.ard
4864	1	!ard\prefabs_special_haygrass.Xvx.ard
4865	1	!ard\prefabs_special_light.xvx.ard
4866	1	!ard\prefabs_special_Marker.Xvx.ard
4867	1	!ard\prefabs_special_Projector.Xvx.ard
4868	1	!ard\prefabs_special_solid_blocker.Xvx.ard
4869	1	!ard\prefabs_special_Sound.Xvx.ard
4870	1	!ard\prefabs_special_Sphere.Xvx.ard
4871	1	!ard\prefabs_special_StartPoint.Xvx.ard
4872	1	!ard\prefabs_trees_apple01_lod1_nocenter.Xvx.ard
4873	1	!ard\prefabs_trees_apple01_nocenter.Xvx.ard
4874	1	!ard\prefabs_trees_birch01_lod1_nocenter.Xvx.ard
4875	1	!ard\prefabs_trees_birch01_nocenter.Xvx.ard
4876	1	!ard\prefabs_trees_birch02_lod1_nocenter.Xvx.ard
4877	1	!ard\prefabs_trees_birch02_nocenter.Xvx.ard
4878	1	!ard\prefabs_trees_branches01_lod1_nocenter.Xvx.ard
4879	1	!ard\prefabs_trees_branches01_nocenter.Xvx.ard
4880	1	!ard\prefabs_trees_bush01_nocenter.Xvx.ard
4881	1	!ard\prefabs_trees_bush02_nocenter.Xvx.ard
4882	1	!ard\prefabs_trees_bush03_lod1_nocenter.Xvx.ard
4883	1	!ard\prefabs_trees_bush03_nocenter.Xvx.ard
4884	1	!ard\prefabs_trees_bush04_lod1_nocenter.Xvx.ard
4885	1	!ard\prefabs_trees_bush04_nocenter.Xvx.ard
4886	1	!ard\prefabs_trees_bush05_lod1_nocenter.Xvx.ard
4887	1	!ard\prefabs_trees_bush05_nocenter.Xvx.ard
4888	1	!ard\prefabs_trees_bush06_lod1_nocenter.Xvx.ard
4889	1	!ard\prefabs_trees_bush06_nocenter.Xvx.ard
4890	1	!ard\prefabs_trees_bush07_lod1_nocenter.Xvx.ard
4891	1	!ard\prefabs_trees_bush07_nocenter.Xvx.ard
4892	1	!ard\prefabs_trees_Hedge01_lod1_nocenter.Xvx.ard
4893	1	!ard\prefabs_trees_hedge01_lod2_nocenter.Xvx.ard
4894	1	!ard\prefabs_trees_hedge01_nocenter.Xvx.ard
4895	1	!ard\prefabs_trees_Hedge02_lod1_nocenter.Xvx.ard
4896	1	!ard\prefabs_trees_Hedge02_lod2_nocenter.Xvx.ard
4897	1	!ard\prefabs_trees_hedge02_nocenter.Xvx.ard
4898	1	!ard\prefabs_trees_hedge03_lod1_nocenter.Xvx.ard
4899	1	!ard\prefabs_trees_hedge03_lod2_nocenter.Xvx.ard
4900	1	!ard\prefabs_trees_hedge03_nocenter.Xvx.ard
4901	1	!ard\prefabs_trees_Hydrangea01_lod1_nocenter.Xvx.ard
4902	1	!ard\prefabs_trees_Hydrangea01_nocenter.Xvx.ard
4903	1	!ard\prefabs_trees_linden01_lod1_nocenter.Xvx.ard
4904	1	!ard\prefabs_trees_linden01_nocenter.Xvx.ard
4905	1	!ard\prefabs_trees_linden02_lod1_nocenter.Xvx.ard
4906	1	!ard\prefabs_trees_linden02_nocenter.Xvx.ard
4907	1	!ard\prefabs_trees_maple01_lod1_nocenter.Xvx.ard
4908	1	!ard\prefabs_trees_maple01_nocenter.Xvx.ard
4909	1	!ard\prefabs_trees_maple02_lod1_nocenter.Xvx.ard
4910	1	!ard\prefabs_trees_maple02_nocenter.Xvx.ard
4911	1	!ard\prefabs_trees_pine01_lod1_nocenter.Xvx.ard
4912	1	!ard\prefabs_trees_pine01_nocenter.Xvx.ard
4913	1	!ard\prefabs_trees_pine02_lod1_nocenter.Xvx.ard
4914	1	!ard\prefabs_trees_pine02_nocenter.Xvx.ard
4915	1	!ard\prefabs_trees_poplar02_nocenter.Xvx.ard
4916	1	!ard\prefabs_trees_poplar_lod1_nocenter.Xvx.ard
4917	1	!ard\prefabs_trees_poplar_nocenter.Xvx.ard
4918	1	!ard\prefabs_trees_thuja01_nocenter.Xvx.ard
4919	1	!ard\prefabs_vehicles_beets_harvester_beets1_nocenter.Xvx.ard
4920	1	!ard\prefabs_vehicles_beets_harvester_beets2_nocenter.Xvx.ard
4921	1	!ard\prefabs_vehicles_beets_harvester_beets3_nocenter.Xvx.ard
4922	1	!ard\prefabs_vehicles_beets_harvester_beets4_nocenter.Xvx.ard
4923	1	!ard\prefabs_vehicles_beets_harvester_beets_harvester_nocenter.Xvx.ard
4924	1	!ard\prefabs_vehicles_beets_harvester_header_nocenter.Xvx.ard
4925	1	!ard\prefabs_vehicles_beets_harvester_header_wheels1_nocenter.Xvx.ard
4926	1	!ard\prefabs_vehicles_beets_harvester_header_wheels2_nocenter.Xvx.ard
4927	1	!ard\prefabs_vehicles_beets_harvester_lift1_nocenter.Xvx.ard
4928	1	!ard\prefabs_vehicles_beets_harvester_lift2_nocenter.Xvx.ard
4929	1	!ard\prefabs_vehicles_beets_harvester_mudguard_nocenter.Xvx.ard
4930	1	!ard\prefabs_vehicles_beets_harvester_p1_nocenter.Xvx.ard
4931	1	!ard\prefabs_vehicles_beets_harvester_p2_nocenter.Xvx.ard
4932	1	!ard\prefabs_vehicles_beets_harvester_p3_nocenter.Xvx.ard
4933	1	!ard\prefabs_vehicles_beets_harvester_p4_nocenter.Xvx.ard
4934	1	!ard\prefabs_vehicles_beets_harvester_reel1_nocenter.Xvx.ard
4935	1	!ard\prefabs_vehicles_beets_harvester_steering_wheel_nocenter.Xvx.ard
4936	1	!ard\prefabs_vehicles_beets_harvester_wheel1_left_nocenter.Xvx.ard
4937	1	!ard\prefabs_vehicles_beets_harvester_wheel1_right_nocenter.Xvx.ard
4938	1	!ard\prefabs_vehicles_beets_harvester_wheel2_left_nocenter.Xvx.ard
4939	1	!ard\prefabs_vehicles_beets_harvester_wheel2_right_nocenter.Xvx.ard
4940	1	!ard\prefabs_vehicles_beets_harvester_wheel_left_nocenter.Xvx.ard
4941	1	!ard\prefabs_vehicles_beets_harvester_wheel_right_nocenter.Xvx.ard
4942	1	!ard\prefabs_vehicles_beets_seeder_arm2_left_nocenter.Xvx.ard
4943	1	!ard\prefabs_vehicles_beets_seeder_arm2_right_nocenter.Xvx.ard
4944	1	!ard\prefabs_vehicles_beets_seeder_arm_left_nocenter.Xvx.ard
4945	1	!ard\prefabs_vehicles_beets_seeder_arm_right_nocenter.Xvx.ard
4946	1	!ard\prefabs_vehicles_beets_seeder_beets_seeder_nocenter.Xvx.ard
4947	1	!ard\prefabs_vehicles_beets_seeder_left_side_nocenter.Xvx.ard
4948	1	!ard\prefabs_vehicles_beets_seeder_piston1_nocenter.Xvx.ard
4949	1	!ard\prefabs_vehicles_beets_seeder_piston2_nocenter.Xvx.ard
4950	1	!ard\prefabs_vehicles_beets_seeder_right_side_nocenter.Xvx.ard
4951	1	!ard\prefabs_vehicles_beets_seeder_support_leg_nocenter.Xvx.ard
4952	1	!ard\prefabs_vehicles_beets_seeder_wheel_left_nocenter.Xvx.ard
4953	1	!ard\prefabs_vehicles_beets_seeder_wheel_right_nocenter.Xvx.ard
4954	1	!ard\prefabs_vehicles_beets_seeder_wheel_small1_nocenter.Xvx.ard
4955	1	!ard\prefabs_vehicles_beets_seeder_wheel_small_nocenter.Xvx.ard
4956	1	!ard\prefabs_vehicles_car_001_car_001_nocenter.Xvx.ard
4957	1	!ard\prefabs_vehicles_car_001_LOD1_car_001_LOD1_nocenter.Xvx.ard
4958	1	!ard\prefabs_vehicles_car_001_LOD1_wheel_left_LOD1_nocenter.Xvx.ard
4959	1	!ard\prefabs_vehicles_car_001_LOD1_wheel_right_LOD1_nocenter.Xvx.ard
4960	1	!ard\prefabs_vehicles_car_001_LOD2_car_001_LOD2_nocenter.Xvx.ard
4961	1	!ard\prefabs_vehicles_car_001_steering_wheel_nocenter.Xvx.ard
4962	1	!ard\prefabs_vehicles_car_001_wheel_left_nocenter.Xvx.ard
4963	1	!ard\prefabs_vehicles_car_001_wheel_right_nocenter.Xvx.ard
4964	1	!ard\prefabs_vehicles_car_002_car_002_nocenter.Xvx.ard
4965	1	!ard\prefabs_vehicles_car_002_LOD1_car_002_LOD1_nocenter.Xvx.ard
4966	1	!ard\prefabs_vehicles_car_002_LOD2_car_002_LOD2_nocenter.Xvx.ard
4967	1	!ard\prefabs_vehicles_car_002_steering_wheel_nocenter.Xvx.ard
4968	1	!ard\prefabs_vehicles_car_002_wheel_left_nocenter.Xvx.ard
4969	1	!ard\prefabs_vehicles_car_002_wheel_right_nocenter.Xvx.ard
4970	1	!ard\prefabs_vehicles_car_003_car_003_nocenter.Xvx.ard
4971	1	!ard\prefabs_vehicles_car_003_LOD1_car_003_LOD1_nocenter.Xvx.ard
4972	1	!ard\prefabs_vehicles_car_003_LOD1_wheel_front_left_LOD1_nocenter.Xvx.ard
4973	1	!ard\prefabs_vehicles_car_003_LOD1_wheel_front_right_LOD1_nocenter.Xvx.ard
4974	1	!ard\prefabs_vehicles_car_003_LOD1_wheel_rear_left_LOD1_nocenter.Xvx.ard
4975	1	!ard\prefabs_vehicles_car_003_LOD1_wheel_rear_right_LOD1_nocenter.Xvx.ard
4976	1	!ard\prefabs_vehicles_car_003_LOD2_car_003_LOD2_nocenter.Xvx.ard
4977	1	!ard\prefabs_vehicles_car_003_steering_wheel_nocenter.Xvx.ard
4978	1	!ard\prefabs_vehicles_car_003_wheel_front_left_nocenter.Xvx.ard
4979	1	!ard\prefabs_vehicles_car_003_wheel_front_right_nocenter.Xvx.ard
4980	1	!ard\prefabs_vehicles_car_003_wheel_rear_left_nocenter.Xvx.ard
4981	1	!ard\prefabs_vehicles_car_003_wheel_rear_right_nocenter.Xvx.ard
4982	1	!ard\prefabs_vehicles_chainsaw_chainsaw_nocenter.Xvx.ard
4983	1	!ard\prefabs_vehicles_cultivator_AC3002_backside_nocenter.Xvx.ard
4984	1	!ard\prefabs_vehicles_cultivator_AC3002_chunk_nocenter.Xvx.ard
4985	1	!ard\prefabs_vehicles_cultivator_AC3002_cultivator_AC3002_nocenter.Xvx.ard
4986	1	!ard\prefabs_vehicles_cultivator_AC3002_LOD1_LOD1_cultivator_AC3002_nocenter.Xvx.ard
4987	1	!ard\prefabs_vehicles_cultivator_AC3002_lod1_lod1_reel_nocenter.Xvx.ard
4988	1	!ard\prefabs_vehicles_cultivator_AC3002_LOD2_LOD2_cultivator_AC3002_nocenter.Xvx.ard
4989	1	!ard\prefabs_vehicles_cultivator_AC3002_LOD2_LOD2_reel_nocenter.Xvx.ard
4990	1	!ard\prefabs_vehicles_cultivator_AC3002_reel_nocenter.Xvx.ard
4991	1	!ard\prefabs_vehicles_cultivator_AKG4000_atomizer_1_nocenter.Xvx.ard
4992	1	!ard\prefabs_vehicles_cultivator_AKG4000_cultivator_AKG4000_nocenter.Xvx.ard
4993	1	!ard\prefabs_vehicles_cultivator_AKG4000_LOD1_cultivator_AKG4000_LOD1_nocenter.Xvx.ard
4994	1	!ard\prefabs_vehicles_cultivator_AKG4000_LOD2_cultivator_AKG4000_LOD2_nocenter.Xvx.ard
4995	1	!ard\prefabs_vehicles_cultivator_AKG4000_reel_1_nocenter.Xvx.ard
4996	1	!ard\prefabs_vehicles_cultivator_BGF_cultivator_BGF_nocenter.Xvx.ard
4997	1	!ard\prefabs_vehicles_cultivator_BGF_LOD1_cultivator_BGF_LOD1_nocenter.Xvx.ard
4998	1	!ard\prefabs_vehicles_cultivator_BGF_LOD1_reel_1_LOD1_nocenter.Xvx.ard
4999	1	!ard\prefabs_vehicles_cultivator_BGF_LOD1_reel_2_LOD1_nocenter.Xvx.ard
5000	1	!ard\prefabs_vehicles_cultivator_BGF_LOD2_cultivator_BGF_LOD2_nocenter.Xvx.ard
5001	1	!ard\prefabs_vehicles_cultivator_BGF_reel_1_nocenter.Xvx.ard
5002	1	!ard\prefabs_vehicles_cultivator_BGF_reel_2_nocenter.Xvx.ard
5003	1	!ard\prefabs_vehicles_drone2_drone2_nocenter.Xvx.ard
5004	1	!ard\prefabs_vehicles_drone2_drone_nocenter.Xvx.ard
5005	1	!ard\prefabs_vehicles_drone2_drone_pad_nocenter.Xvx.ard
5006	1	!ard\prefabs_vehicles_drone2_rotor2_nocenter.Xvx.ard
5007	1	!ard\prefabs_vehicles_drone2_rotor_nocenter.Xvx.ard
5008	1	!ard\prefabs_vehicles_drone_drone_gate_green_nocenter.Xvx.ard
5009	1	!ard\prefabs_vehicles_drone_drone_gate_red_nocenter.Xvx.ard
5010	1	!ard\prefabs_vehicles_drone_drone_nocenter.Xvx.ard
5011	1	!ard\prefabs_vehicles_drone_drone_pad_nocenter.Xvx.ard
5012	1	!ard\prefabs_vehicles_drone_rotor2_nocenter.Xvx.ard
5013	1	!ard\prefabs_vehicles_drone_rotor_nocenter.Xvx.ard
5014	1	!ard\prefabs_vehicles_fertilizer_A1501_atomizer_1_nocenter.Xvx.ard
5015	1	!ard\prefabs_vehicles_fertilizer_A1501_atomizer_2_nocenter.Xvx.ard
5016	1	!ard\prefabs_vehicles_fertilizer_A1501_fertilizer_A1501_nocenter.Xvx.ard
5017	1	!ard\prefabs_vehicles_fertilizer_A1501_LOD1_fertilizer_A1501_LOD1_nocenter.Xvx.ard
5018	1	!ard\prefabs_vehicles_fertilizer_RTWS_atomizer_left_nocenter.Xvx.ard
5019	1	!ard\prefabs_vehicles_fertilizer_RTWS_atomizer_right_nocenter.Xvx.ard
5020	1	!ard\prefabs_vehicles_fertilizer_RTWS_fertilizer_RTWS_nocenter.Xvx.ard
5021	1	!ard\prefabs_vehicles_fertilizer_RTWS_LOD1_LOD1_fertilizer_RTWS_nocenter.Xvx.ard
5022	1	!ard\prefabs_vehicles_fertilizer_RTWS_LOD1_LOD1_wheel_left_nocenter.Xvx.ard
5023	1	!ard\prefabs_vehicles_fertilizer_RTWS_LOD1_LOD1_wheel_right_nocenter.Xvx.ard
5024	1	!ard\prefabs_vehicles_fertilizer_RTWS_LOD2_LOD2_fertilizer_RTWS_nocenter.Xvx.ard
5025	1	!ard\prefabs_vehicles_fertilizer_RTWS_support_leg_nocenter.Xvx.ard
5026	1	!ard\prefabs_vehicles_fertilizer_RTWS_wheel_left_nocenter.Xvx.ard
5027	1	!ard\prefabs_vehicles_fertilizer_RTWS_wheel_right_nocenter.Xvx.ard
5028	1	!ard\prefabs_vehicles_fishing_rod_fish1_nocenter.Xvx.ard
5029	1	!ard\prefabs_vehicles_fishing_rod_fish2_nocenter.Xvx.ard
5030	1	!ard\prefabs_vehicles_fishing_rod_fish3_nocenter.Xvx.ard
5031	1	!ard\prefabs_vehicles_fishing_rod_fish4_nocenter.Xvx.ard
5032	1	!ard\prefabs_vehicles_fishing_rod_fishing_rod_nocenter.Xvx.ard
5033	1	!ard\prefabs_vehicles_fishing_rod_float_nocenter.Xvx.ard
5034	1	!ard\prefabs_vehicles_grass_mower_grass_mower_nocenter.Xvx.ard
5035	1	!ard\prefabs_vehicles_grass_mower_LOD1_grass_mower_LOD1_nocenter.Xvx.ard
5036	1	!ard\prefabs_vehicles_grass_mower_LOD1_steering_wheel_LOD1_nocenter.Xvx.ard
5037	1	!ard\prefabs_vehicles_grass_mower_LOD1_wheel_front_left_LOD1_nocenter.Xvx.ard
5038	1	!ard\prefabs_vehicles_grass_mower_LOD1_wheel_front_right_LOD1_nocenter.Xvx.ard
5039	1	!ard\prefabs_vehicles_grass_mower_LOD1_wheel_rear_left_LOD1_nocenter.Xvx.ard
5040	1	!ard\prefabs_vehicles_grass_mower_LOD1_wheel_rear_right_LOD1_nocenter.Xvx.ard
5041	1	!ard\prefabs_vehicles_grass_mower_LOD2_grass_mower_LOD2_nocenter.Xvx.ard
5042	1	!ard\prefabs_vehicles_grass_mower_mudguard_left_nocenter.Xvx.ard
5043	1	!ard\prefabs_vehicles_grass_mower_mudguard_right_nocenter.Xvx.ard
5044	1	!ard\prefabs_vehicles_grass_mower_steering_wheel_nocenter.Xvx.ard
5045	1	!ard\prefabs_vehicles_grass_mower_wheel_front_left_nocenter.Xvx.ard
5046	1	!ard\prefabs_vehicles_grass_mower_wheel_front_right_nocenter.Xvx.ard
5047	1	!ard\prefabs_vehicles_grass_mower_wheel_rear_left_nocenter.Xvx.ard
5048	1	!ard\prefabs_vehicles_grass_mower_wheel_rear_right_nocenter.Xvx.ard
5049	1	!ard\prefabs_vehicles_harvester_L6_anim_dump_nocenter.Xvx.ard
5050	1	!ard\prefabs_vehicles_harvester_L6_anim_dump_pipe_nocenter.Xvx.ard
5051	1	!ard\prefabs_vehicles_harvester_L6_door_nocenter.Xvx.ard
5052	1	!ard\prefabs_vehicles_harvester_L6_harvester_L6_lift_nocenter.Xvx.ard
5053	1	!ard\prefabs_vehicles_harvester_L6_harvester_L6_nocenter.Xvx.ard
5054	1	!ard\prefabs_vehicles_harvester_L6_header_corn_helix_nocenter.Xvx.ard
5055	1	!ard\prefabs_vehicles_harvester_L6_header_corn_nocenter.Xvx.ard
5056	1	!ard\prefabs_vehicles_harvester_L6_header_helix_nocenter.Xvx.ard
5057	1	!ard\prefabs_vehicles_harvester_L6_header_knives_nocenter.Xvx.ard
5058	1	!ard\prefabs_vehicles_harvester_L6_header_nocenter.Xvx.ard
5059	1	!ard\prefabs_vehicles_harvester_L6_header_reel_nocenter.Xvx.ard
5060	1	!ard\prefabs_vehicles_harvester_L6_LOD1_harvester_L6_lift_LOD1_nocenter.Xvx.ard
5061	1	!ard\prefabs_vehicles_harvester_L6_LOD1_harvester_L6_LOD1_nocenter.Xvx.ard
5062	1	!ard\prefabs_vehicles_harvester_L6_LOD1_header_corn_helix_LOD1_nocenter.Xvx.ard
5063	1	!ard\prefabs_vehicles_harvester_L6_LOD1_header_corn_LOD1_nocenter.Xvx.ard
5064	1	!ard\prefabs_vehicles_harvester_L6_LOD1_header_helix_LOD1_nocenter.Xvx.ard
5065	1	!ard\prefabs_vehicles_harvester_L6_LOD1_header_LOD1_nocenter.Xvx.ard
5066	1	!ard\prefabs_vehicles_harvester_L6_LOD1_header_reel_LOD1_nocenter.Xvx.ard
5067	1	!ard\prefabs_vehicles_harvester_L6_LOD1_unloading_pipe_LOD1_nocenter.Xvx.ard
5068	1	!ard\prefabs_vehicles_harvester_L6_LOD1_wheel_front_left_LOD1_nocenter.Xvx.ard
5069	1	!ard\prefabs_vehicles_harvester_L6_LOD1_wheel_front_right_LOD1_nocenter.Xvx.ard
5070	1	!ard\prefabs_vehicles_harvester_L6_LOD1_wheel_rear_left_LOD1_nocenter.Xvx.ard
5071	1	!ard\prefabs_vehicles_harvester_L6_LOD1_wheel_rear_right_LOD1_nocenter.Xvx.ard
5072	1	!ard\prefabs_vehicles_harvester_L6_LOD2_harvester_L6_LOD2_nocenter.Xvx.ard
5073	1	!ard\prefabs_vehicles_harvester_L6_LOD2_header_reel_LOD2_nocenter.Xvx.ard
5074	1	!ard\prefabs_vehicles_harvester_L6_pipe_rear_left_nocenter.Xvx.ard
5075	1	!ard\prefabs_vehicles_harvester_L6_pipe_rear_right_nocenter.Xvx.ard
5076	1	!ard\prefabs_vehicles_harvester_L6_rear_axis_nocenter.Xvx.ard
5077	1	!ard\prefabs_vehicles_harvester_L6_signal_lamp_mirror_nocenter.Xvx.ard
5078	1	!ard\prefabs_vehicles_harvester_L6_steering_wheel_nocenter.Xvx.ard
5079	1	!ard\prefabs_vehicles_harvester_L6_unloading_pipe_nocenter.Xvx.ard
5080	1	!ard\prefabs_vehicles_harvester_L6_wheel_front_left_nocenter.Xvx.ard
5081	1	!ard\prefabs_vehicles_harvester_L6_wheel_front_right_nocenter.Xvx.ard
5082	1	!ard\prefabs_vehicles_harvester_L6_wheel_rear_left_nocenter.Xvx.ard
5083	1	!ard\prefabs_vehicles_harvester_L6_wheel_rear_right_nocenter.Xvx.ard
5084	1	!ard\prefabs_vehicles_linkage_parts_front_upperlink1_nocenter.Xvx.ard
5085	1	!ard\prefabs_vehicles_linkage_parts_front_upperlink2_nocenter.Xvx.ard
5086	1	!ard\prefabs_vehicles_linkage_parts_pto_shaft1_nocenter.Xvx.ard
5087	1	!ard\prefabs_vehicles_linkage_parts_pto_shaft2_nocenter.Xvx.ard
5088	1	!ard\prefabs_vehicles_linkage_parts_upperlink1_nocenter.Xvx.ard
5089	1	!ard\prefabs_vehicles_linkage_parts_upperlink2_nocenter.Xvx.ard
5090	1	!ard\prefabs_vehicles_manure_spreader_ZH_anim_dump_nocenter.Xvx.ard
5091	1	!ard\prefabs_vehicles_manure_spreader_ZH_LOD1_LOD1_manure_spreader_ZH_nocenter.Xvx.ard
5092	1	!ard\prefabs_vehicles_manure_spreader_ZH_LOD2_LOD2_manure_spreader_ZH_nocenter.Xvx.ard
5093	1	!ard\prefabs_vehicles_manure_spreader_ZH_manure_spreader_ZH_nocenter.Xvx.ard
5094	1	!ard\prefabs_vehicles_manure_spreader_ZH_support_leg_nocenter.Xvx.ard
5095	1	!ard\prefabs_vehicles_manure_spreader_ZH_wheel_left_nocenter.Xvx.ard
5096	1	!ard\prefabs_vehicles_manure_spreader_ZH_wheel_manure_spreader_nocenter.Xvx.ard
5097	1	!ard\prefabs_vehicles_manure_spreader_ZH_wheel_right_nocenter.Xvx.ard
5098	1	!ard\prefabs_vehicles_motorsense_motorsense_nocenter.Xvx.ard
5099	1	!ard\prefabs_vehicles_motorsense_PHYSICS_motorsense_nocenter.Xvx.ard
5100	1	!ard\prefabs_vehicles_mower_B275_LOD1_LOD1_mower_B275_nocenter.Xvx.ard
5101	1	!ard\prefabs_vehicles_mower_B275_LOD2_LOD2_mower_B275_nocenter.Xvx.ard
5102	1	!ard\prefabs_vehicles_mower_B275_mower_B275_nocenter.Xvx.ard
5103	1	!ard\prefabs_vehicles_old_fertilizer_atomizer_nocenter.Xvx.ard
5104	1	!ard\prefabs_vehicles_old_fertilizer_LOD1_old_fertilizer_LOD1_nocenter.Xvx.ard
5105	1	!ard\prefabs_vehicles_old_fertilizer_LOD1_wheel_left_LOD1_nocenter.Xvx.ard
5106	1	!ard\prefabs_vehicles_old_fertilizer_LOD1_wheel_right_LOD1_nocenter.Xvx.ard
5107	1	!ard\prefabs_vehicles_old_fertilizer_LOD2_old_fertilizer_LOD2_nocenter.Xvx.ard
5108	1	!ard\prefabs_vehicles_old_fertilizer_old_fertilizer_nocenter.Xvx.ard
5109	1	!ard\prefabs_vehicles_old_fertilizer_wheel_left_nocenter.Xvx.ard
5110	1	!ard\prefabs_vehicles_old_fertilizer_wheel_right_nocenter.Xvx.ard
5111	1	!ard\prefabs_vehicles_old_fertilizer_working_wheel_1_nocenter.Xvx.ard
5112	1	!ard\prefabs_vehicles_old_harrow_001_harrow1_nocenter.Xvx.ard
5113	1	!ard\prefabs_vehicles_old_harrow_001_harrow2_nocenter.Xvx.ard
5114	1	!ard\prefabs_vehicles_old_harrow_001_harrow3_nocenter.Xvx.ard
5115	1	!ard\prefabs_vehicles_old_harrow_001_old_harrow_001_nocenter.Xvx.ard
5116	1	!ard\prefabs_vehicles_old_harrow_002_harrow1_nocenter.Xvx.ard
5117	1	!ard\prefabs_vehicles_old_harrow_002_harrow2_nocenter.Xvx.ard
5118	1	!ard\prefabs_vehicles_old_harrow_002_LOD1_LOD1_harrow1_nocenter.Xvx.ard
5119	1	!ard\prefabs_vehicles_old_harrow_002_LOD1_LOD1_harrow2_nocenter.Xvx.ard
5120	1	!ard\prefabs_vehicles_old_harrow_002_LOD1_LOD1_old_harrow_002_nocenter.Xvx.ard
5121	1	!ard\prefabs_vehicles_old_harrow_002_old_harrow_002_nocenter.Xvx.ard
5122	1	!ard\prefabs_vehicles_old_harvester_001_anim_dump_nocenter.Xvx.ard
5123	1	!ard\prefabs_vehicles_old_harvester_001_anim_dump_pipe_nocenter.Xvx.ard
5124	1	!ard\prefabs_vehicles_old_harvester_001_cornheader_helix_nocenter.Xvx.ard
5125	1	!ard\prefabs_vehicles_old_harvester_001_cornheader_knives_nocenter.Xvx.ard
5126	1	!ard\prefabs_vehicles_old_harvester_001_cornheader_nocenter.Xvx.ard
5127	1	!ard\prefabs_vehicles_old_harvester_001_header_helix_nocenter.Xvx.ard
5128	1	!ard\prefabs_vehicles_old_harvester_001_header_knives_nocenter.Xvx.ard
5129	1	!ard\prefabs_vehicles_old_harvester_001_header_lift_nocenter.Xvx.ard
5130	1	!ard\prefabs_vehicles_old_harvester_001_header_nocenter.Xvx.ard
5131	1	!ard\prefabs_vehicles_old_harvester_001_header_reel_nocenter.Xvx.ard
5132	1	!ard\prefabs_vehicles_old_harvester_001_LOD1_LOD1_cornheader_helix_nocenter.Xvx.ard
5133	1	!ard\prefabs_vehicles_old_harvester_001_LOD1_LOD1_cornheader_nocenter.Xvx.ard
5134	1	!ard\prefabs_vehicles_old_harvester_001_LOD1_LOD1_header_helix_nocenter.Xvx.ard
5135	1	!ard\prefabs_vehicles_old_harvester_001_LOD1_LOD1_header_knives_nocenter.Xvx.ard
5136	1	!ard\prefabs_vehicles_old_harvester_001_LOD1_LOD1_header_nocenter.Xvx.ard
5137	1	!ard\prefabs_vehicles_old_harvester_001_LOD1_LOD1_header_reel_nocenter.Xvx.ard
5138	1	!ard\prefabs_vehicles_old_harvester_001_LOD1_LOD1_old_harvester_001_nocenter.Xvx.ard
5139	1	!ard\prefabs_vehicles_old_harvester_001_LOD1_LOD1_steering_wheel_nocenter.Xvx.ard
5140	1	!ard\prefabs_vehicles_old_harvester_001_LOD1_LOD1_unloading_pipe_nocenter.Xvx.ard
5141	1	!ard\prefabs_vehicles_old_harvester_001_LOD1_LOD1_wheel_front_left_nocenter.Xvx.ard
5142	1	!ard\prefabs_vehicles_old_harvester_001_LOD1_LOD1_wheel_front_right_nocenter.Xvx.ard
5143	1	!ard\prefabs_vehicles_old_harvester_001_LOD1_LOD1_wheel_rear_left_nocenter.Xvx.ard
5144	1	!ard\prefabs_vehicles_old_harvester_001_LOD1_LOD1_wheel_rear_right_nocenter.Xvx.ard
5145	1	!ard\prefabs_vehicles_old_harvester_001_LOD2_LOD2_old_harvester_001_nocenter.Xvx.ard
5146	1	!ard\prefabs_vehicles_old_harvester_001_old_harvester_001_nocenter.Xvx.ard
5147	1	!ard\prefabs_vehicles_old_harvester_001_pipe_rear_left_nocenter.Xvx.ard
5148	1	!ard\prefabs_vehicles_old_harvester_001_pipe_rear_right_nocenter.Xvx.ard
5149	1	!ard\prefabs_vehicles_old_harvester_001_reel1_nocenter.Xvx.ard
5150	1	!ard\prefabs_vehicles_old_harvester_001_reel2_nocenter.Xvx.ard
5151	1	!ard\prefabs_vehicles_old_harvester_001_reel3_nocenter.Xvx.ard
5152	1	!ard\prefabs_vehicles_old_harvester_001_reel4_nocenter.Xvx.ard
5153	1	!ard\prefabs_vehicles_old_harvester_001_steering_wheel_nocenter.Xvx.ard
5154	1	!ard\prefabs_vehicles_old_harvester_001_unloading_pipe_nocenter.Xvx.ard
5155	1	!ard\prefabs_vehicles_old_harvester_001_wheel_front_left_nocenter.Xvx.ard
5156	1	!ard\prefabs_vehicles_old_harvester_001_wheel_front_right_nocenter.Xvx.ard
5157	1	!ard\prefabs_vehicles_old_harvester_001_wheel_rear_left_nocenter.Xvx.ard
5158	1	!ard\prefabs_vehicles_old_harvester_001_wheel_rear_right_nocenter.Xvx.ard
5159	1	!ard\prefabs_vehicles_old_manure_spreader_LOD1_LOD1_old_manure_spreader_attachment_nocenter.Xvx.ard
5160	1	!ard\prefabs_vehicles_old_manure_spreader_LOD1_LOD1_old_manure_spreader_nocenter.Xvx.ard
5161	1	!ard\prefabs_vehicles_old_manure_spreader_LOD1_LOD1_old_manure_spreader_thill_nocenter.Xvx.ard
5162	1	!ard\prefabs_vehicles_old_manure_spreader_LOD1_LOD1_wheel_left_nocenter.Xvx.ard
5163	1	!ard\prefabs_vehicles_old_manure_spreader_LOD1_LOD1_wheel_right_nocenter.Xvx.ard
5164	1	!ard\prefabs_vehicles_old_manure_spreader_LOD2_LOD2_old_manure_spreader_nocenter.Xvx.ard
5165	1	!ard\prefabs_vehicles_old_manure_spreader_manure_nocenter.Xvx.ard
5166	1	!ard\prefabs_vehicles_old_manure_spreader_old_manure_spreader_attachment_nocenter.Xvx.ard
5167	1	!ard\prefabs_vehicles_old_manure_spreader_old_manure_spreader_nocenter.Xvx.ard
5168	1	!ard\prefabs_vehicles_old_manure_spreader_old_manure_spreader_thill_nocenter.Xvx.ard
5169	1	!ard\prefabs_vehicles_old_manure_spreader_wheel_left_nocenter.Xvx.ard
5170	1	!ard\prefabs_vehicles_old_manure_spreader_wheel_right_nocenter.Xvx.ard
5171	1	!ard\prefabs_vehicles_old_mower_lod1_LOD1_old_mower_nocenter.Xvx.ard
5172	1	!ard\prefabs_vehicles_old_mower_lod1_LOD1_rotor1_nocenter.Xvx.ard
5173	1	!ard\prefabs_vehicles_old_mower_lod1_LOD1_rotor2_nocenter.Xvx.ard
5174	1	!ard\prefabs_vehicles_old_mower_lod1_LOD1_wheel_1_nocenter.Xvx.ard
5175	1	!ard\prefabs_vehicles_old_mower_lod1_LOD1_wheel_2_nocenter.Xvx.ard
5176	1	!ard\prefabs_vehicles_old_mower_LOD2_LOD2_old_mower_nocenter.Xvx.ard
5177	1	!ard\prefabs_vehicles_old_mower_old_mower_nocenter.Xvx.ard
5178	1	!ard\prefabs_vehicles_old_mower_rotor1_nocenter.Xvx.ard
5179	1	!ard\prefabs_vehicles_old_mower_rotor2_nocenter.Xvx.ard
5180	1	!ard\prefabs_vehicles_old_mower_support_leg_nocenter.Xvx.ard
5181	1	!ard\prefabs_vehicles_old_mower_wheel_1_nocenter.Xvx.ard
5182	1	!ard\prefabs_vehicles_old_mower_wheel_2_nocenter.Xvx.ard
5183	1	!ard\prefabs_vehicles_old_pickup_door_nocenter.Xvx.ard
5184	1	!ard\prefabs_vehicles_old_pickup_LOD1_door_LOD1_nocenter.Xvx.ard
5185	1	!ard\prefabs_vehicles_old_pickup_LOD1_old_pickup_LOD1_nocenter.Xvx.ard
5186	1	!ard\prefabs_vehicles_old_pickup_LOD1_steering_wheel_LOD1_nocenter.Xvx.ard
5187	1	!ard\prefabs_vehicles_old_pickup_LOD1_wheel_left_LOD1_nocenter.Xvx.ard
5188	1	!ard\prefabs_vehicles_old_pickup_LOD2_old_pickup_LOD2_nocenter.Xvx.ard
5189	1	!ard\prefabs_vehicles_old_pickup_old_pickup_nocenter.Xvx.ard
5190	1	!ard\prefabs_vehicles_old_pickup_steering_wheel_nocenter.Xvx.ard
5191	1	!ard\prefabs_vehicles_old_pickup_wheel_left_nocenter.Xvx.ard
5192	1	!ard\prefabs_vehicles_old_pickup_wheel_right_nocenter.Xvx.ard
5193	1	!ard\prefabs_vehicles_old_plough_001_chunk_nocenter.Xvx.ard
5194	1	!ard\prefabs_vehicles_old_plough_001_LOD1_LOD1_old_plough_001_nocenter.Xvx.ard
5195	1	!ard\prefabs_vehicles_old_plough_001_LOD1_LOD1_wheel_nocenter.Xvx.ard
5196	1	!ard\prefabs_vehicles_old_plough_001_old_plough_001_nocenter.Xvx.ard
5197	1	!ard\prefabs_vehicles_old_plough_001_wheel_nocenter.Xvx.ard
5198	1	!ard\prefabs_vehicles_old_seeder_001_drill1_nocenter.Xvx.ard
5199	1	!ard\prefabs_vehicles_old_seeder_001_drill2_nocenter.Xvx.ard
5200	1	!ard\prefabs_vehicles_old_seeder_001_drill3_nocenter.Xvx.ard
5201	1	!ard\prefabs_vehicles_old_seeder_001_drill4_nocenter.Xvx.ard
5202	1	!ard\prefabs_vehicles_old_seeder_001_lid_nocenter.Xvx.ard
5203	1	!ard\prefabs_vehicles_old_seeder_001_LOD1_LOD1_drill1_nocenter.Xvx.ard
5204	1	!ard\prefabs_vehicles_old_seeder_001_LOD1_LOD1_drill2_nocenter.Xvx.ard
5205	1	!ard\prefabs_vehicles_old_seeder_001_LOD1_LOD1_drill3_nocenter.Xvx.ard
5206	1	!ard\prefabs_vehicles_old_seeder_001_LOD1_LOD1_drill4_nocenter.Xvx.ard
5207	1	!ard\prefabs_vehicles_old_seeder_001_LOD1_LOD1_lid_nocenter.Xvx.ard
5208	1	!ard\prefabs_vehicles_old_seeder_001_LOD1_LOD1_old_seeder_001_nocenter.Xvx.ard
5209	1	!ard\prefabs_vehicles_old_seeder_001_LOD2_LOD2_drill1_nocenter.Xvx.ard
5210	1	!ard\prefabs_vehicles_old_seeder_001_LOD2_LOD2_drill2_nocenter.Xvx.ard
5211	1	!ard\prefabs_vehicles_old_seeder_001_LOD2_LOD2_drill3_nocenter.Xvx.ard
5212	1	!ard\prefabs_vehicles_old_seeder_001_LOD2_LOD2_drill4_nocenter.Xvx.ard
5213	1	!ard\prefabs_vehicles_old_seeder_001_LOD2_LOD2_old_seeder_001_nocenter.Xvx.ard
5214	1	!ard\prefabs_vehicles_old_seeder_001_old_seeder_001_nocenter.Xvx.ard
5215	1	!ard\prefabs_vehicles_old_seeder_001_wheel_fake_nocenter.Xvx.ard
5216	1	!ard\prefabs_vehicles_old_seeder_001_wheel_left_nocenter.Xvx.ard
5217	1	!ard\prefabs_vehicles_old_seeder_001_wheel_right_nocenter.Xvx.ard
5218	1	!ard\prefabs_vehicles_old_square_baler_anim_dump_nocenter.Xvx.ard
5219	1	!ard\prefabs_vehicles_old_square_baler_circular_nocenter.Xvx.ard
5220	1	!ard\prefabs_vehicles_old_square_baler_gear_nocenter.Xvx.ard
5221	1	!ard\prefabs_vehicles_old_square_baler_header_nocenter.Xvx.ard
5222	1	!ard\prefabs_vehicles_old_square_baler_helix_nocenter.Xvx.ard
5223	1	!ard\prefabs_vehicles_old_square_baler_knives_nocenter.Xvx.ard
5224	1	!ard\prefabs_vehicles_old_square_baler_lod1_LOD1_gear_nocenter.Xvx.ard
5225	1	!ard\prefabs_vehicles_old_square_baler_lod1_LOD1_knives_nocenter.Xvx.ard
5226	1	!ard\prefabs_vehicles_old_square_baler_LOD1_LOD1_old_square_baler_nocenter.Xvx.ard
5227	1	!ard\prefabs_vehicles_old_square_baler_lod1_LOD1_old_square_blaer_nocenter.Xvx.ard
5228	1	!ard\prefabs_vehicles_old_square_baler_lod1_LOD1_rotor_nocenter.Xvx.ard
5229	1	!ard\prefabs_vehicles_old_square_baler_lod1_LOD1_wheel_left_nocenter.Xvx.ard
5230	1	!ard\prefabs_vehicles_old_square_baler_lod1_LOD1_wheel_right_nocenter.Xvx.ard
5231	1	!ard\prefabs_vehicles_old_square_baler_LOD2_LOD2_old_square_baler_nocenter.Xvx.ard
5232	1	!ard\prefabs_vehicles_old_square_baler_lod2_LOD2_old_square_blaer_nocenter.Xvx.ard
5233	1	!ard\prefabs_vehicles_old_square_baler_lod2_LOD2_rotor_nocenter.Xvx.ard
5234	1	!ard\prefabs_vehicles_old_square_baler_old_square_baler_nocenter.Xvx.ard
5235	1	!ard\prefabs_vehicles_old_square_baler_piston_nocenter.Xvx.ard
5236	1	!ard\prefabs_vehicles_old_square_baler_rotor_nocenter.Xvx.ard
5237	1	!ard\prefabs_vehicles_old_square_baler_support_wheel_nocenter.Xvx.ard
5238	1	!ard\prefabs_vehicles_old_square_baler_wheel_left_nocenter.Xvx.ard
5239	1	!ard\prefabs_vehicles_old_square_baler_wheel_right_nocenter.Xvx.ard
5240	1	!ard\prefabs_vehicles_old_tractor_3p_rear_bottom_nocenter.Xvx.ard
5241	1	!ard\prefabs_vehicles_old_tractor_3p_rear_middle_nocenter.Xvx.ard
5242	1	!ard\prefabs_vehicles_old_tractor_3p_rear_top_nocenter.Xvx.ard
5243	1	!ard\prefabs_vehicles_old_tractor_axle_nocenter.Xvx.ard
5244	1	!ard\prefabs_vehicles_old_tractor_LOD1_old_tractor_LOD1_nocenter.Xvx.ard
5245	1	!ard\prefabs_vehicles_old_tractor_LOD1_wheel_rear_left_LOD1_nocenter.Xvx.ard
5246	1	!ard\prefabs_vehicles_old_tractor_LOD1_wheel_rear_right_LOD1_nocenter.Xvx.ard
5247	1	!ard\prefabs_vehicles_old_tractor_LOD2_old_tractor_LOD2_nocenter.Xvx.ard
5248	1	!ard\prefabs_vehicles_old_tractor_old_tractor_nocenter.Xvx.ard
5249	1	!ard\prefabs_vehicles_old_tractor_steering_wheel_nocenter.Xvx.ard
5250	1	!ard\prefabs_vehicles_old_tractor_wheel_front_left_nocenter.Xvx.ard
5251	1	!ard\prefabs_vehicles_old_tractor_wheel_front_right_nocenter.Xvx.ard
5252	1	!ard\prefabs_vehicles_old_tractor_wheel_rear_left_nocenter.Xvx.ard
5253	1	!ard\prefabs_vehicles_old_tractor_wheel_rear_right_nocenter.Xvx.ard
5254	1	!ard\prefabs_vehicles_old_trailer_anim_dump_nocenter.Xvx.ard
5255	1	!ard\prefabs_vehicles_old_trailer_loading_nocenter.Xvx.ard
5256	1	!ard\prefabs_vehicles_old_trailer_LOD1_LOD1_old_trailer_attachment_nocenter.Xvx.ard
5257	1	!ard\prefabs_vehicles_old_trailer_LOD1_LOD1_old_trailer_gate_nocenter.Xvx.ard
5258	1	!ard\prefabs_vehicles_old_trailer_LOD1_LOD1_old_trailer_nocenter.Xvx.ard
5259	1	!ard\prefabs_vehicles_old_trailer_LOD1_LOD1_old_trailer_thill_nocenter.Xvx.ard
5260	1	!ard\prefabs_vehicles_old_trailer_LOD1_LOD1_old_trailer_trolley_nocenter.Xvx.ard
5261	1	!ard\prefabs_vehicles_old_trailer_LOD1_LOD1_wheel_left_nocenter.Xvx.ard
5262	1	!ard\prefabs_vehicles_old_trailer_LOD1_LOD1_wheel_right_nocenter.Xvx.ard
5263	1	!ard\prefabs_vehicles_old_trailer_LOD2_LOD2_old_trailer_attachment_nocenter.Xvx.ard
5264	1	!ard\prefabs_vehicles_old_trailer_LOD2_LOD2_old_trailer_gate_nocenter.Xvx.ard
5265	1	!ard\prefabs_vehicles_old_trailer_LOD2_LOD2_old_trailer_nocenter.Xvx.ard
5266	1	!ard\prefabs_vehicles_old_trailer_LOD2_LOD2_old_trailer_trolley_nocenter.Xvx.ard
5267	1	!ard\prefabs_vehicles_old_trailer_old_trailer_attachment_nocenter.Xvx.ard
5268	1	!ard\prefabs_vehicles_old_trailer_old_trailer_gate_nocenter.Xvx.ard
5269	1	!ard\prefabs_vehicles_old_trailer_old_trailer_nocenter.Xvx.ard
5270	1	!ard\prefabs_vehicles_old_trailer_old_trailer_thill_nocenter.Xvx.ard
5271	1	!ard\prefabs_vehicles_old_trailer_old_trailer_trolley_nocenter.Xvx.ard
5272	1	!ard\prefabs_vehicles_old_trailer_piston1_nocenter.Xvx.ard
5273	1	!ard\prefabs_vehicles_old_trailer_piston2_nocenter.Xvx.ard
5274	1	!ard\prefabs_vehicles_old_trailer_piston3_nocenter.Xvx.ard
5275	1	!ard\prefabs_vehicles_old_trailer_piston4_nocenter.Xvx.ard
5276	1	!ard\prefabs_vehicles_old_trailer_wheel_left_nocenter.Xvx.ard
5277	1	!ard\prefabs_vehicles_old_trailer_wheel_right_nocenter.Xvx.ard
5278	1	!ard\prefabs_vehicles_old_waggon_LOD1_LOD1_old_waggon_attachment_nocenter.Xvx.ard
5279	1	!ard\prefabs_vehicles_old_waggon_LOD1_LOD1_old_waggon_nocenter.Xvx.ard
5280	1	!ard\prefabs_vehicles_old_waggon_LOD1_LOD1_old_waggon_thill_nocenter.Xvx.ard
5281	1	!ard\prefabs_vehicles_old_waggon_LOD1_LOD1_wheel_left_nocenter.Xvx.ard
5282	1	!ard\prefabs_vehicles_old_waggon_LOD1_LOD1_wheel_right_nocenter.Xvx.ard
5283	1	!ard\prefabs_vehicles_old_waggon_LOD2_LOD2_old_waggon_nocenter.Xvx.ard
5284	1	!ard\prefabs_vehicles_old_waggon_old_waggon_attachment_nocenter.Xvx.ard
5285	1	!ard\prefabs_vehicles_old_waggon_old_waggon_nocenter.Xvx.ard
5286	1	!ard\prefabs_vehicles_old_waggon_old_waggon_thill_nocenter.Xvx.ard
5287	1	!ard\prefabs_vehicles_old_waggon_wheel_left_nocenter.Xvx.ard
5288	1	!ard\prefabs_vehicles_old_waggon_wheel_right_nocenter.Xvx.ard
5289	1	!ard\prefabs_vehicles_plane_plane_nocenter.Xvx.ard
5290	1	!ard\prefabs_vehicles_plane_rotor_echo_nocenter.Xvx.ard
5291	1	!ard\prefabs_vehicles_plane_rotor_nocenter.Xvx.ard
5292	1	!ard\prefabs_vehicles_plough_LJ_chunk1_nocenter.Xvx.ard
5293	1	!ard\prefabs_vehicles_plough_LJ_chunk_nocenter.Xvx.ard
5294	1	!ard\prefabs_vehicles_plough_LJ_furrows_nocenter.Xvx.ard
5295	1	!ard\prefabs_vehicles_plough_LJ_LOD1_LOD1_furrows_nocenter.Xvx.ard
5296	1	!ard\prefabs_vehicles_plough_LJ_LOD1_LOD1_piston1_nocenter.Xvx.ard
5297	1	!ard\prefabs_vehicles_plough_LJ_LOD1_LOD1_piston3_nocenter.Xvx.ard
5298	1	!ard\prefabs_vehicles_plough_LJ_LOD1_LOD1_plough_LJ_nocenter.Xvx.ard
5299	1	!ard\prefabs_vehicles_plough_LJ_LOD1_LOD1_support_wheel_nocenter.Xvx.ard
5300	1	!ard\prefabs_vehicles_plough_LJ_LOD1_LOD1_wheel_nocenter.Xvx.ard
5301	1	!ard\prefabs_vehicles_plough_LJ_piston1_nocenter.Xvx.ard
5302	1	!ard\prefabs_vehicles_plough_LJ_piston2_nocenter.Xvx.ard
5303	1	!ard\prefabs_vehicles_plough_LJ_piston3_nocenter.Xvx.ard
5304	1	!ard\prefabs_vehicles_plough_LJ_piston4_nocenter.Xvx.ard
5305	1	!ard\prefabs_vehicles_plough_LJ_plough_LJ_nocenter.Xvx.ard
5306	1	!ard\prefabs_vehicles_plough_LJ_plow_anim_ground_nocenter.Xvx.ard
5307	1	!ard\prefabs_vehicles_plough_LJ_support_leg_nocenter.Xvx.ard
5308	1	!ard\prefabs_vehicles_plough_LJ_support_wheel_nocenter.Xvx.ard
5309	1	!ard\prefabs_vehicles_plough_LJ_wheel_nocenter.Xvx.ard
5310	1	!ard\prefabs_vehicles_potato_harvester_beet0.Xvx.ard
5311	1	!ard\prefabs_vehicles_potato_harvester_beet0_nocenter.Xvx.ard
5312	1	!ard\prefabs_vehicles_potato_harvester_beet1_nocenter.Xvx.ard
5313	1	!ard\prefabs_vehicles_potato_harvester_digger_nocenter.Xvx.ard
5314	1	!ard\prefabs_vehicles_potato_harvester_p1_digger_nocenter.Xvx.ard
5315	1	!ard\prefabs_vehicles_potato_harvester_p2_nocenter.Xvx.ard
5316	1	!ard\prefabs_vehicles_potato_harvester_p3_nocenter.Xvx.ard
5317	1	!ard\prefabs_vehicles_potato_harvester_p4_nocenter.Xvx.ard
5318	1	!ard\prefabs_vehicles_potato_harvester_p5_nocenter.Xvx.ard
5319	1	!ard\prefabs_vehicles_potato_harvester_p6_nocenter.Xvx.ard
5320	1	!ard\prefabs_vehicles_potato_harvester_p7_nocenter.Xvx.ard
5321	1	!ard\prefabs_vehicles_potato_harvester_potatoes0_nocenter.Xvx.ard
5322	1	!ard\prefabs_vehicles_potato_harvester_potatoes1_nocenter.Xvx.ard
5323	1	!ard\prefabs_vehicles_potato_harvester_potatoes_nocenter.xvx.ard
5324	1	!ard\prefabs_vehicles_potato_harvester_potato_harvester_nocenter.Xvx.ard
5325	1	!ard\prefabs_vehicles_potato_harvester_support_leg_nocenter.Xvx.ard
5326	1	!ard\prefabs_vehicles_potato_harvester_trolley_nocenter.Xvx.ard
5327	1	!ard\prefabs_vehicles_potato_harvester_wheel_left_nocenter.xvx.ard
5328	1	!ard\prefabs_vehicles_potato_harvester_wheel_right_nocenter.xvx.ard
5329	1	!ard\prefabs_vehicles_potato_planter_back_nocenter.Xvx.ard
5330	1	!ard\prefabs_vehicles_potato_planter_potatoes_nocenter.Xvx.ard
5331	1	!ard\prefabs_vehicles_potato_planter_potato_planter_nocenter.Xvx.ard
5332	1	!ard\prefabs_vehicles_potato_planter_support_leg_nocenter.Xvx.ard
5333	1	!ard\prefabs_vehicles_potato_planter_trolley_nocenter.Xvx.ard
5334	1	!ard\prefabs_vehicles_potato_planter_wheel_left_nocenter.Xvx.ard
5335	1	!ard\prefabs_vehicles_potato_planter_wheel_right_nocenter.Xvx.ard
5336	1	!ard\prefabs_vehicles_seeder_aD9_6000_A9D_6000_nocenter.Xvx.ard
5337	1	!ard\prefabs_vehicles_seeder_aD9_6000_drill1_nocenter.Xvx.ard
5338	1	!ard\prefabs_vehicles_seeder_aD9_6000_drill2_nocenter.Xvx.ard
5339	1	!ard\prefabs_vehicles_seeder_aD9_6000_drill3_nocenter.Xvx.ard
5340	1	!ard\prefabs_vehicles_seeder_aD9_6000_drill4_nocenter.Xvx.ard
5341	1	!ard\prefabs_vehicles_seeder_aD9_6000_LOD1_A9D_6000_LOD1_nocenter.Xvx.ard
5342	1	!ard\prefabs_vehicles_seeder_aD9_6000_LOD1_drill1_LOD1_nocenter.Xvx.ard
5343	1	!ard\prefabs_vehicles_seeder_aD9_6000_LOD1_drill2_LOD1_nocenter.Xvx.ard
5344	1	!ard\prefabs_vehicles_seeder_aD9_6000_LOD1_drill3_LOD1_nocenter.Xvx.ard
5345	1	!ard\prefabs_vehicles_seeder_aD9_6000_LOD1_drill4_LOD1_nocenter.Xvx.ard
5346	1	!ard\prefabs_vehicles_seeder_aD9_6000_LOD1_wheels_LOD1_nocenter.Xvx.ard
5347	1	!ard\prefabs_vehicles_seeder_aD9_6000_LOD2_A9D_6000_LOD2_nocenter.Xvx.ard
5348	1	!ard\prefabs_vehicles_seeder_aD9_6000_wheels_nocenter.Xvx.ard
5349	1	!ard\prefabs_vehicles_seeder_aD9_drill1_nocenter.Xvx.ard
5350	1	!ard\prefabs_vehicles_seeder_aD9_drill2_nocenter.Xvx.ard
5351	1	!ard\prefabs_vehicles_seeder_aD9_drill3_nocenter.Xvx.ard
5352	1	!ard\prefabs_vehicles_seeder_aD9_drill4_nocenter.Xvx.ard
5353	1	!ard\prefabs_vehicles_seeder_aD9_lid_nocenter.Xvx.ard
5354	1	!ard\prefabs_vehicles_seeder_aD9_LOD1_LOD1_drill1_nocenter.Xvx.ard
5355	1	!ard\prefabs_vehicles_seeder_aD9_LOD1_LOD1_drill2_nocenter.Xvx.ard
5356	1	!ard\prefabs_vehicles_seeder_aD9_LOD1_LOD1_drill3_nocenter.Xvx.ard
5357	1	!ard\prefabs_vehicles_seeder_aD9_LOD1_LOD1_drill4_nocenter.Xvx.ard
5358	1	!ard\prefabs_vehicles_seeder_aD9_LOD1_LOD1_lid_nocenter.Xvx.ard
5359	1	!ard\prefabs_vehicles_seeder_aD9_LOD1_LOD1_pathmarker_left_nocenter.Xvx.ard
5360	1	!ard\prefabs_vehicles_seeder_aD9_LOD1_LOD1_pathmarker_right_nocenter.Xvx.ard
5361	1	!ard\prefabs_vehicles_seeder_aD9_LOD1_LOD1_seeder_aD9_nocenter.Xvx.ard
5362	1	!ard\prefabs_vehicles_seeder_aD9_LOD1_LOD1_wheel_left_nocenter.Xvx.ard
5363	1	!ard\prefabs_vehicles_seeder_aD9_LOD1_LOD1_wheel_right_nocenter.Xvx.ard
5364	1	!ard\prefabs_vehicles_seeder_aD9_LOD2_LOD2_drill1_nocenter.Xvx.ard
5365	1	!ard\prefabs_vehicles_seeder_aD9_LOD2_LOD2_drill2_nocenter.Xvx.ard
5366	1	!ard\prefabs_vehicles_seeder_aD9_LOD2_LOD2_drill3_nocenter.Xvx.ard
5367	1	!ard\prefabs_vehicles_seeder_aD9_LOD2_LOD2_drill4_nocenter.Xvx.ard
5368	1	!ard\prefabs_vehicles_seeder_aD9_LOD2_LOD2_seeder_aD9_nocenter.Xvx.ard
5369	1	!ard\prefabs_vehicles_seeder_aD9_pathmarker_left_nocenter.Xvx.ard
5370	1	!ard\prefabs_vehicles_seeder_aD9_pathmarker_right_nocenter.Xvx.ard
5371	1	!ard\prefabs_vehicles_seeder_aD9_seeder_aD9_nocenter.Xvx.ard
5372	1	!ard\prefabs_vehicles_seeder_aD9_wheel_left_nocenter.Xvx.ard
5373	1	!ard\prefabs_vehicles_seeder_aD9_wheel_right_nocenter.Xvx.ard
5374	1	!ard\prefabs_vehicles_small_truck_crane1_nocenter.Xvx.ard
5375	1	!ard\prefabs_vehicles_small_truck_crane2_nocenter.Xvx.ard
5376	1	!ard\prefabs_vehicles_small_truck_crane3_nocenter.Xvx.ard
5377	1	!ard\prefabs_vehicles_small_truck_crane4_nocenter.Xvx.ard
5378	1	!ard\prefabs_vehicles_small_truck_crane5_nocenter.Xvx.ard
5379	1	!ard\prefabs_vehicles_small_truck_door_nocenter.Xvx.ard
5380	1	!ard\prefabs_vehicles_small_truck_line_nocenter.Xvx.ard
5381	1	!ard\prefabs_vehicles_small_truck_LOD1_LOD1_crane1_nocenter.Xvx.ard
5382	1	!ard\prefabs_vehicles_small_truck_LOD1_LOD1_crane2_nocenter.Xvx.ard
5383	1	!ard\prefabs_vehicles_small_truck_LOD1_LOD1_crane5_nocenter.Xvx.ard
5384	1	!ard\prefabs_vehicles_small_truck_LOD1_LOD1_door_nocenter.Xvx.ard
5385	1	!ard\prefabs_vehicles_small_truck_LOD1_LOD1_small_truck_nocenter.Xvx.ard
5386	1	!ard\prefabs_vehicles_small_truck_LOD1_LOD1_steering_wheel_nocenter.Xvx.ard
5387	1	!ard\prefabs_vehicles_small_truck_LOD1_LOD1_wheel_left_nocenter.Xvx.ard
5388	1	!ard\prefabs_vehicles_small_truck_LOD1_LOD1_wheel_right_nocenter.Xvx.ard
5389	1	!ard\prefabs_vehicles_small_truck_LOD2_LOD2_small_truck_nocenter.Xvx.ard
5390	1	!ard\prefabs_vehicles_small_truck_piston1_nocenter.Xvx.ard
5391	1	!ard\prefabs_vehicles_small_truck_piston2_nocenter.Xvx.ard
5392	1	!ard\prefabs_vehicles_small_truck_small_truck_nocenter.Xvx.ard
5393	1	!ard\prefabs_vehicles_small_truck_steering_wheel_nocenter.Xvx.ard
5394	1	!ard\prefabs_vehicles_small_truck_wheel_left_nocenter.Xvx.ard
5395	1	!ard\prefabs_vehicles_small_truck_wheel_right_nocenter.Xvx.ard
5396	1	!ard\prefabs_vehicles_square_baler_Q3_anim_dump_nocenter.Xvx.ard
5397	1	!ard\prefabs_vehicles_square_baler_Q3_front_nocenter.Xvx.ard
5398	1	!ard\prefabs_vehicles_square_baler_Q3_LOD1_front_LOD1_nocenter.Xvx.ard
5399	1	!ard\prefabs_vehicles_square_baler_Q3_LOD1_square_baler_Q3_LOD1_nocenter.Xvx.ard
5400	1	!ard\prefabs_vehicles_square_baler_Q3_LOD2_square_baler_Q3_LOD2_nocenter.Xvx.ard
5401	1	!ard\prefabs_vehicles_square_baler_Q3_piston_nocenter.Xvx.ard
5402	1	!ard\prefabs_vehicles_square_baler_Q3_reel1_nocenter.Xvx.ard
5403	1	!ard\prefabs_vehicles_square_baler_Q3_reel2_nocenter.Xvx.ard
5404	1	!ard\prefabs_vehicles_square_baler_Q3_reel3_nocenter.Xvx.ard
5405	1	!ard\prefabs_vehicles_square_baler_Q3_reel4_nocenter.Xvx.ard
5406	1	!ard\prefabs_vehicles_square_baler_Q3_reel5_nocenter.Xvx.ard
5407	1	!ard\prefabs_vehicles_square_baler_Q3_reel6_nocenter.Xvx.ard
5408	1	!ard\prefabs_vehicles_square_baler_Q3_square_baler_Q3_nocenter.Xvx.ard
5409	1	!ard\prefabs_vehicles_square_baler_Q3_support_leg_nocenter.Xvx.ard
5410	1	!ard\prefabs_vehicles_square_baler_Q3_wheel_left_nocenter.Xvx.ard
5411	1	!ard\prefabs_vehicles_square_baler_Q3_wheel_right_nocenter.Xvx.ard
5412	1	!ard\prefabs_vehicles_tractor01_3p_rear_bottom_nocenter.Xvx.ard
5413	1	!ard\prefabs_vehicles_tractor01_3p_rear_middle_nocenter.Xvx.ard
5414	1	!ard\prefabs_vehicles_tractor01_3p_rear_top_nocenter.Xvx.ard
5415	1	!ard\prefabs_vehicles_tractor01_drive_wheel1_nocenter.Xvx.ard
5416	1	!ard\prefabs_vehicles_tractor01_drive_wheel2_nocenter.Xvx.ard
5417	1	!ard\prefabs_vehicles_tractor01_LOD1_LOD1_3p_rear_bottom_nocenter.Xvx.ard
5418	1	!ard\prefabs_vehicles_tractor01_LOD1_LOD1_3p_rear_middle_nocenter.Xvx.ard
5419	1	!ard\prefabs_vehicles_tractor01_LOD1_LOD1_steering_wheel_nocenter.Xvx.ard
5420	1	!ard\prefabs_vehicles_tractor01_LOD1_LOD1_tractor01_nocenter.Xvx.ard
5421	1	!ard\prefabs_vehicles_tractor01_LOD1_LOD1_wheel_front_left_nocenter.Xvx.ard
5422	1	!ard\prefabs_vehicles_tractor01_LOD1_LOD1_wheel_front_right_nocenter.Xvx.ard
5423	1	!ard\prefabs_vehicles_tractor01_LOD1_LOD1_wheel_rear_left_nocenter.Xvx.ard
5424	1	!ard\prefabs_vehicles_tractor01_LOD1_LOD1_wheel_rear_right_nocenter.Xvx.ard
5425	1	!ard\prefabs_vehicles_tractor01_LOD2_LOD2_tractor01_nocenter.Xvx.ard
5426	1	!ard\prefabs_vehicles_tractor01_pedal_clutch_nocenter.Xvx.ard
5427	1	!ard\prefabs_vehicles_tractor01_pedal_direction_nocenter.Xvx.ard
5428	1	!ard\prefabs_vehicles_tractor01_pedal_gas_nocenter.Xvx.ard
5429	1	!ard\prefabs_vehicles_tractor01_steering_wheel_nocenter.Xvx.ard
5430	1	!ard\prefabs_vehicles_tractor01_steering_wheel_stick_nocenter.Xvx.ard
5431	1	!ard\prefabs_vehicles_tractor01_tractor01_nocenter.Xvx.ard
5432	1	!ard\prefabs_vehicles_tractor01_vent_nocenter.Xvx.ard
5433	1	!ard\prefabs_vehicles_tractor01_wheel_front_left_nocenter.Xvx.ard
5434	1	!ard\prefabs_vehicles_tractor01_wheel_front_right_nocenter.Xvx.ard
5435	1	!ard\prefabs_vehicles_tractor01_wheel_rear_left_nocenter.Xvx.ard
5436	1	!ard\prefabs_vehicles_tractor01_wheel_rear_right_nocenter.Xvx.ard
5437	1	!ard\prefabs_vehicles_tractor_CA_3p_rear_bottom_nocenter.Xvx.ard
5438	1	!ard\prefabs_vehicles_tractor_CA_3p_rear_middle_nocenter.Xvx.ard
5439	1	!ard\prefabs_vehicles_tractor_CA_3p_rear_top_nocenter.Xvx.ard
5440	1	!ard\prefabs_vehicles_tractor_CA_axle_nocenter.Xvx.ard
5441	1	!ard\prefabs_vehicles_tractor_CA_door_nocenter.Xvx.ard
5442	1	!ard\prefabs_vehicles_tractor_CA_LOD1_tractor_CA_LOD1_nocenter.Xvx.ard
5443	1	!ard\prefabs_vehicles_tractor_CA_LOD1_wheel_front_left_LOD1_nocenter.Xvx.ard
5444	1	!ard\prefabs_vehicles_tractor_CA_LOD1_wheel_front_right_LOD1_nocenter.Xvx.ard
5445	1	!ard\prefabs_vehicles_tractor_CA_LOD1_wheel_rear_left_LOD1_nocenter.Xvx.ard
5446	1	!ard\prefabs_vehicles_tractor_CA_LOD1_wheel_rear_right_LOD1_nocenter.Xvx.ard
5447	1	!ard\prefabs_vehicles_tractor_CA_LOD2_tractor_CA_LOD2_nocenter.Xvx.ard
5448	1	!ard\prefabs_vehicles_tractor_CA_mudguard_left_nocenter.Xvx.ard
5449	1	!ard\prefabs_vehicles_tractor_CA_mudguard_right_nocenter.Xvx.ard
5450	1	!ard\prefabs_vehicles_tractor_ca_signal_lamp_mirror_nocenter.xvx.ard
5451	1	!ard\prefabs_vehicles_tractor_CA_steering_wheel_nocenter.Xvx.ard
5452	1	!ard\prefabs_vehicles_tractor_CA_tractor_CA_nocenter.Xvx.ard
5453	1	!ard\prefabs_vehicles_tractor_CA_wheel_front_left_nocenter.Xvx.ard
5454	1	!ard\prefabs_vehicles_tractor_CA_wheel_front_right_nocenter.Xvx.ard
5455	1	!ard\prefabs_vehicles_tractor_CA_wheel_rear_left_nocenter.Xvx.ard
5456	1	!ard\prefabs_vehicles_tractor_CA_wheel_rear_right_nocenter.Xvx.ard
5457	1	!ard\prefabs_vehicles_tractor_CX_3p_rear_bottom_nocenter.Xvx.ard
5458	1	!ard\prefabs_vehicles_tractor_CX_3p_rear_middle_nocenter.Xvx.ard
5459	1	!ard\prefabs_vehicles_tractor_CX_3p_rear_top_nocenter.Xvx.ard
5460	1	!ard\prefabs_vehicles_tractor_CX_axle_nocenter.Xvx.ard
5461	1	!ard\prefabs_vehicles_tractor_CX_cabine_nocenter.Xvx.ard
5462	1	!ard\prefabs_vehicles_tractor_CX_LOD1_cabine_LOD1_nocenter.Xvx.ard
5463	1	!ard\prefabs_vehicles_tractor_CX_LOD1_tractor_CX_LOD1_nocenter.Xvx.ard
5464	1	!ard\prefabs_vehicles_tractor_CX_LOD1_wheel_left_LOD1_nocenter.Xvx.ard
5465	1	!ard\prefabs_vehicles_tractor_CX_LOD1_wheel_right_LOD1_nocenter.Xvx.ard
5466	1	!ard\prefabs_vehicles_tractor_CX_LOD2_cabine_LOD2_nocenter.Xvx.ard
5467	1	!ard\prefabs_vehicles_tractor_CX_LOD2_tractor_CX_LOD2_nocenter.Xvx.ard
5468	1	!ard\prefabs_vehicles_tractor_CX_mudguard_left_nocenter.Xvx.ard
5469	1	!ard\prefabs_vehicles_tractor_CX_mudguard_right_nocenter.Xvx.ard
5470	1	!ard\prefabs_vehicles_tractor_CX_steering_wheel_nocenter.Xvx.ard
5471	1	!ard\prefabs_vehicles_tractor_CX_tractor_CX_nocenter.Xvx.ard
5472	1	!ard\prefabs_vehicles_tractor_CX_wheel_left_nocenter.Xvx.ard
5473	1	!ard\prefabs_vehicles_tractor_CX_wheel_right_nocenter.Xvx.ard
5474	1	!ard\prefabs_vehicles_tractor_FV_3p_rear_bottom_nocenter.Xvx.ard
5475	1	!ard\prefabs_vehicles_tractor_fv_3p_rear_middle_nocenter.xvx.ard
5476	1	!ard\prefabs_vehicles_tractor_FV_3p_rear_top_nocenter.Xvx.ard
5477	1	!ard\prefabs_vehicles_tractor_FV_axle_nocenter.Xvx.ard
5478	1	!ard\prefabs_vehicles_tractor_fv_door_nocenter.xvx.ard
5479	1	!ard\prefabs_vehicles_tractor_FV_LOD1_tractor_FV_LOD1_nocenter.Xvx.ard
5480	1	!ard\prefabs_vehicles_tractor_FV_LOD1_wheel_front_left_LOD1_nocenter.Xvx.ard
5481	1	!ard\prefabs_vehicles_tractor_FV_LOD1_wheel_front_right_LOD1_nocenter.Xvx.ard
5482	1	!ard\prefabs_vehicles_tractor_FV_LOD1_wheel_rear_left_LOD1_nocenter.Xvx.ard
5483	1	!ard\prefabs_vehicles_tractor_FV_LOD1_wheel_rear_right_LOD1_nocenter.Xvx.ard
5484	1	!ard\prefabs_vehicles_tractor_FV_LOD2_tractor_FV_LOD2_nocenter.Xvx.ard
5485	1	!ard\prefabs_vehicles_tractor_fv_mudguard_left_nocenter.xvx.ard
5486	1	!ard\prefabs_vehicles_tractor_fv_mudguard_right_nocenter.xvx.ard
5487	1	!ard\prefabs_vehicles_tractor_fv_signal_lamp_mirror_nocenter.xvx.ard
5488	1	!ard\prefabs_vehicles_tractor_fv_steering_wheel_nocenter.xvx.ard
5489	1	!ard\prefabs_vehicles_tractor_FV_tractor_FV_nocenter.Xvx.ard
5490	1	!ard\prefabs_vehicles_tractor_FV_wheel_front_left_nocenter.Xvx.ard
5491	1	!ard\prefabs_vehicles_tractor_FV_wheel_front_right_nocenter.Xvx.ard
5492	1	!ard\prefabs_vehicles_tractor_fv_wheel_rear_left_nocenter.xvx.ard
5493	1	!ard\prefabs_vehicles_tractor_fv_wheel_rear_right_nocenter.xvx.ard
5494	1	!ard\prefabs_vehicles_tractor_L134_3p_front_bottom_nocenter.Xvx.ard
5495	1	!ard\prefabs_vehicles_tractor_L134_3p_front_middle_nocenter.Xvx.ard
5496	1	!ard\prefabs_vehicles_tractor_L134_3p_front_top_nocenter.Xvx.ard
5497	1	!ard\prefabs_vehicles_tractor_L134_3p_rear_bottom_nocenter.Xvx.ard
5498	1	!ard\prefabs_vehicles_tractor_L134_3p_rear_middle_nocenter.Xvx.ard
5499	1	!ard\prefabs_vehicles_tractor_L134_3p_rear_top_nocenter.Xvx.ard
5500	1	!ard\prefabs_vehicles_tractor_L134_axle_nocenter.Xvx.ard
5501	1	!ard\prefabs_vehicles_tractor_L134_door_nocenter.Xvx.ard
5502	1	!ard\prefabs_vehicles_tractor_L134_LOD1_LOD1_3p_front_bottom_nocenter.Xvx.ard
5503	1	!ard\prefabs_vehicles_tractor_L134_LOD1_LOD1_3p_rear_bottom_nocenter.Xvx.ard
5504	1	!ard\prefabs_vehicles_tractor_L134_LOD1_LOD1_3p_rear_middle_nocenter.Xvx.ard
5505	1	!ard\prefabs_vehicles_tractor_L134_LOD1_LOD1_3p_rear_top_nocenter.Xvx.ard
5506	1	!ard\prefabs_vehicles_tractor_L134_LOD1_LOD1_axle_nocenter.Xvx.ard
5507	1	!ard\prefabs_vehicles_tractor_L134_LOD1_LOD1_door_nocenter.Xvx.ard
5508	1	!ard\prefabs_vehicles_tractor_L134_LOD1_LOD1_mudguard_left_nocenter.Xvx.ard
5509	1	!ard\prefabs_vehicles_tractor_L134_LOD1_LOD1_mudguard_right_nocenter.Xvx.ard
5510	1	!ard\prefabs_vehicles_tractor_L134_LOD1_LOD1_steering_wheel_nocenter.Xvx.ard
5511	1	!ard\prefabs_vehicles_tractor_L134_LOD1_LOD1_tractor_L134_nocenter.Xvx.ard
5512	1	!ard\prefabs_vehicles_tractor_L134_LOD1_LOD1_wheel_front_left_nocenter.Xvx.ard
5513	1	!ard\prefabs_vehicles_tractor_L134_LOD1_LOD1_wheel_front_right_nocenter.Xvx.ard
5514	1	!ard\prefabs_vehicles_tractor_L134_LOD1_LOD1_wheel_rear_left_nocenter.Xvx.ard
5515	1	!ard\prefabs_vehicles_tractor_L134_LOD1_LOD1_wheel_rear_right_nocenter.Xvx.ard
5516	1	!ard\prefabs_vehicles_tractor_L134_LOD2_LOD2_tractor_L134_nocenter.Xvx.ard
5517	1	!ard\prefabs_vehicles_tractor_L134_mudguard_left_nocenter.Xvx.ard
5518	1	!ard\prefabs_vehicles_tractor_L134_mudguard_right_nocenter.Xvx.ard
5519	1	!ard\prefabs_vehicles_tractor_L134_signal_lamp_mirror_nocenter.Xvx.ard
5520	1	!ard\prefabs_vehicles_tractor_L134_steering_wheel_nocenter.Xvx.ard
5521	1	!ard\prefabs_vehicles_tractor_L134_tractor_L134_nocenter.Xvx.ard
5522	1	!ard\prefabs_vehicles_tractor_L134_wheel_front_left_nocenter.Xvx.ard
5523	1	!ard\prefabs_vehicles_tractor_L134_wheel_front_right_nocenter.Xvx.ard
5524	1	!ard\prefabs_vehicles_tractor_L134_wheel_rear_left_nocenter.Xvx.ard
5525	1	!ard\prefabs_vehicles_tractor_L134_wheel_rear_right_nocenter.Xvx.ard
5526	1	!ard\prefabs_vehicles_tractor_L90_3p_rear_bottom_nocenter.Xvx.ard
5527	1	!ard\prefabs_vehicles_tractor_L90_3p_rear_middle_nocenter.Xvx.ard
5528	1	!ard\prefabs_vehicles_tractor_L90_3p_rear_top_nocenter.Xvx.ard
5529	1	!ard\prefabs_vehicles_tractor_L90_axle_nocenter.Xvx.ard
5530	1	!ard\prefabs_vehicles_tractor_L90_door_nocenter.Xvx.ard
5531	1	!ard\prefabs_vehicles_tractor_L90_LOD1_3p_rear_middle_LOD1_nocenter.Xvx.ard
5532	1	!ard\prefabs_vehicles_tractor_L90_LOD1_tractor_L90_LOD1_nocenter.Xvx.ard
5533	1	!ard\prefabs_vehicles_tractor_L90_LOD2_tractor_L90_LOD2_nocenter.Xvx.ard
5534	1	!ard\prefabs_vehicles_tractor_L90_mudguard_left_nocenter.Xvx.ard
5535	1	!ard\prefabs_vehicles_tractor_L90_mudguard_right_nocenter.Xvx.ard
5536	1	!ard\prefabs_vehicles_tractor_L90_steering_wheel_nocenter.Xvx.ard
5537	1	!ard\prefabs_vehicles_tractor_L90_tractor_L90_nocenter.Xvx.ard
5538	1	!ard\prefabs_vehicles_tractor_L90_wheel_front_left_nocenter.Xvx.ard
5539	1	!ard\prefabs_vehicles_tractor_L90_wheel_front_right_nocenter.Xvx.ard
5540	1	!ard\prefabs_vehicles_tractor_L90_wheel_rear_left_nocenter.Xvx.ard
5541	1	!ard\prefabs_vehicles_tractor_L90_wheel_rear_right_nocenter.Xvx.ard
5542	1	!ard\prefabs_vehicles_tractor_L94_3p_front_bottom_nocenter.Xvx.ard
5543	1	!ard\prefabs_vehicles_tractor_L94_3p_front_middle_nocenter.Xvx.ard
5544	1	!ard\prefabs_vehicles_tractor_L94_3p_front_top_nocenter.Xvx.ard
5545	1	!ard\prefabs_vehicles_tractor_L94_3p_rear_bottom_nocenter.Xvx.ard
5546	1	!ard\prefabs_vehicles_tractor_L94_3p_rear_middle_nocenter.Xvx.ard
5547	1	!ard\prefabs_vehicles_tractor_L94_3p_rear_top_nocenter.Xvx.ard
5548	1	!ard\prefabs_vehicles_tractor_L94_axle_nocenter.Xvx.ard
5549	1	!ard\prefabs_vehicles_tractor_L94_door_nocenter.Xvx.ard
5550	1	!ard\prefabs_vehicles_tractor_L94_LOD1_3p_rear_middle_LOD1_nocenter.Xvx.ard
5551	1	!ard\prefabs_vehicles_tractor_L94_LOD1_steering_wheel_LOD1_nocenter.Xvx.ard
5552	1	!ard\prefabs_vehicles_tractor_L94_LOD1_tractor_L94_LOD1_nocenter.Xvx.ard
5553	1	!ard\prefabs_vehicles_tractor_L94_LOD1_wheel_front_left_LOD1_nocenter.Xvx.ard
5554	1	!ard\prefabs_vehicles_tractor_L94_LOD1_wheel_front_right_LOD1_nocenter.Xvx.ard
5555	1	!ard\prefabs_vehicles_tractor_L94_LOD1_wheel_rear_left_LOD1_nocenter.Xvx.ard
5556	1	!ard\prefabs_vehicles_tractor_L94_LOD1_wheel_rear_right_LOD1_nocenter.Xvx.ard
5557	1	!ard\prefabs_vehicles_tractor_L94_LOD2_tractor_L94_LOD2_nocenter.Xvx.ard
5558	1	!ard\prefabs_vehicles_tractor_L94_mudguard_left_nocenter.Xvx.ard
5559	1	!ard\prefabs_vehicles_tractor_L94_mudguard_right_nocenter.Xvx.ard
5560	1	!ard\prefabs_vehicles_tractor_L94_signal_lamp_mirror_nocenter.Xvx.ard
5561	1	!ard\prefabs_vehicles_tractor_L94_steering_wheel_nocenter.Xvx.ard
5562	1	!ard\prefabs_vehicles_tractor_L94_tractor_L94_nocenter.Xvx.ard
5563	1	!ard\prefabs_vehicles_tractor_L94_wheel_front_left_nocenter.Xvx.ard
5564	1	!ard\prefabs_vehicles_tractor_L94_wheel_front_right_nocenter.Xvx.ard
5565	1	!ard\prefabs_vehicles_tractor_L94_wheel_rear_left_nocenter.Xvx.ard
5566	1	!ard\prefabs_vehicles_tractor_L94_wheel_rear_right_nocenter.Xvx.ard
5567	1	!ard\prefabs_vehicles_trailer_BHT40_LOD1_trailer_BHT40_LOD1_nocenter.Xvx.ard
5568	1	!ard\prefabs_vehicles_trailer_BHT40_LOD1_wheel_left_LOD1_nocenter.Xvx.ard
5569	1	!ard\prefabs_vehicles_trailer_BHT40_LOD1_wheel_right_LOD1_nocenter.Xvx.ard
5570	1	!ard\prefabs_vehicles_trailer_BHT40_support_leg_nocenter.Xvx.ard
5571	1	!ard\prefabs_vehicles_trailer_BHT40_trailer_BHT40_nocenter.Xvx.ard
5572	1	!ard\prefabs_vehicles_trailer_BHT40_wheel_left_nocenter.Xvx.ard
5573	1	!ard\prefabs_vehicles_trailer_BHT40_wheel_right_nocenter.Xvx.ard
5574	1	!ard\prefabs_vehicles_trailer_F110_anim_dump_nocenter.Xvx.ard
5575	1	!ard\prefabs_vehicles_trailer_F110_attachment_nocenter.Xvx.ard
5576	1	!ard\prefabs_vehicles_trailer_F110_gate_nocenter.Xvx.ard
5577	1	!ard\prefabs_vehicles_trailer_F110_loading_nocenter.Xvx.ard
5578	1	!ard\prefabs_vehicles_trailer_F110_LOD1_attachment_LOD1_nocenter.Xvx.ard
5579	1	!ard\prefabs_vehicles_trailer_F110_LOD1_trailer_F110_LOD1_nocenter.Xvx.ard
5580	1	!ard\prefabs_vehicles_trailer_F110_LOD1_trolley_LOD1_nocenter.Xvx.ard
5581	1	!ard\prefabs_vehicles_trailer_F110_piston1_nocenter.Xvx.ard
5582	1	!ard\prefabs_vehicles_trailer_F110_piston2_nocenter.Xvx.ard
5583	1	!ard\prefabs_vehicles_trailer_F110_piston3_nocenter.Xvx.ard
5584	1	!ard\prefabs_vehicles_trailer_F110_piston4_nocenter.Xvx.ard
5585	1	!ard\prefabs_vehicles_trailer_F110_thill_nocenter.Xvx.ard
5586	1	!ard\prefabs_vehicles_trailer_F110_trailer_F110_nocenter.Xvx.ard
5587	1	!ard\prefabs_vehicles_trailer_F110_trolley_nocenter.Xvx.ard
5588	1	!ard\prefabs_vehicles_trailer_F110_wheel_left_nocenter.Xvx.ard
5589	1	!ard\prefabs_vehicles_trailer_F110_wheel_right_nocenter.Xvx.ard
5590	1	!ard\prefabs_vehicles_trailer_F180_anim_dump_nocenter.Xvx.ard
5591	1	!ard\prefabs_vehicles_trailer_F180_loading_nocenter.Xvx.ard
5592	1	!ard\prefabs_vehicles_trailer_F180_LOD1_LOD1_trailer_F180_attachment_nocenter.Xvx.ard
5593	1	!ard\prefabs_vehicles_trailer_F180_LOD1_LOD1_trailer_F180_gate_nocenter.Xvx.ard
5594	1	!ard\prefabs_vehicles_trailer_F180_LOD1_LOD1_trailer_F180_nocenter.xvx.ard
5595	1	!ard\prefabs_vehicles_trailer_F180_LOD1_LOD1_trailer_F180_thill_nocenter.Xvx.ard
5596	1	!ard\prefabs_vehicles_trailer_F180_LOD1_LOD1_trailer_F180_trolley_nocenter.Xvx.ard
5597	1	!ard\prefabs_vehicles_trailer_F180_LOD1_LOD1_wheel_left_nocenter.Xvx.ard
5598	1	!ard\prefabs_vehicles_trailer_F180_LOD1_LOD1_wheel_right_nocenter.Xvx.ard
5599	1	!ard\prefabs_vehicles_trailer_F180_LOD2_LOD2_trailer_F180_attachment_nocenter.Xvx.ard
5600	1	!ard\prefabs_vehicles_trailer_F180_LOD2_LOD2_trailer_F180_nocenter.xvx.ard
5601	1	!ard\prefabs_vehicles_trailer_F180_LOD2_LOD2_trailer_F180_trolley_nocenter.Xvx.ard
5602	1	!ard\prefabs_vehicles_trailer_F180_piston1_nocenter.Xvx.ard
5603	1	!ard\prefabs_vehicles_trailer_F180_piston2_nocenter.Xvx.ard
5604	1	!ard\prefabs_vehicles_trailer_F180_piston3_nocenter.Xvx.ard
5605	1	!ard\prefabs_vehicles_trailer_F180_piston4_nocenter.Xvx.ard
5606	1	!ard\prefabs_vehicles_trailer_F180_trailer_F180_attachment_nocenter.Xvx.ard
5607	1	!ard\prefabs_vehicles_trailer_F180_trailer_F180_gate_nocenter.Xvx.ard
5608	1	!ard\prefabs_vehicles_trailer_F180_trailer_F180_nocenter.Xvx.ard
5609	1	!ard\prefabs_vehicles_trailer_F180_trailer_F180_thill_nocenter.Xvx.ard
5610	1	!ard\prefabs_vehicles_trailer_F180_trailer_F180_trolley_nocenter.Xvx.ard
5611	1	!ard\prefabs_vehicles_trailer_F180_wheel_left_nocenter.Xvx.ard
5612	1	!ard\prefabs_vehicles_trailer_F180_wheel_right_nocenter.Xvx.ard
5613	1	!ard\prefabs_vehicles_trailer_FB371_anim_dump_nocenter.Xvx.ard
5614	1	!ard\prefabs_vehicles_trailer_FB371_gate_nocenter.Xvx.ard
5615	1	!ard\prefabs_vehicles_trailer_FB371_loading_nocenter.Xvx.ard
5616	1	!ard\prefabs_vehicles_trailer_FB371_LOD1_trailer_FB371_LOD1_nocenter.Xvx.ard
5617	1	!ard\prefabs_vehicles_trailer_FB371_LOD1_trolley_LOD1_nocenter.Xvx.ard
5618	1	!ard\prefabs_vehicles_trailer_FB371_LOD1_trolley_nocenter.Xvx.ard
5619	1	!ard\prefabs_vehicles_trailer_FB371_LOD1_wheel_left_LOD1_nocenter.Xvx.ard
5620	1	!ard\prefabs_vehicles_trailer_FB371_LOD1_wheel_right_LOD1_nocenter.Xvx.ard
5621	1	!ard\prefabs_vehicles_trailer_FB371_piston1_nocenter.Xvx.ard
5622	1	!ard\prefabs_vehicles_trailer_FB371_piston2_nocenter.Xvx.ard
5623	1	!ard\prefabs_vehicles_trailer_FB371_piston3_nocenter.Xvx.ard
5624	1	!ard\prefabs_vehicles_trailer_FB371_piston4_nocenter.Xvx.ard
5625	1	!ard\prefabs_vehicles_trailer_FB371_support_leg_nocenter.Xvx.ard
5626	1	!ard\prefabs_vehicles_trailer_FB371_trailer_FB371_nocenter.Xvx.ard
5627	1	!ard\prefabs_vehicles_trailer_FB371_trolley_nocenter.Xvx.ard
5628	1	!ard\prefabs_vehicles_trailer_FB371_wheel_left_nocenter.Xvx.ard
5629	1	!ard\prefabs_vehicles_trailer_FB371_wheel_right_nocenter.Xvx.ard
5630	1	!ard\prefabs_vehicles_trailer_K500_anim_dump_nocenter.Xvx.ard
5631	1	!ard\prefabs_vehicles_trailer_K500_hook_nocenter.Xvx.ard
5632	1	!ard\prefabs_vehicles_trailer_K500_loading_nocenter.Xvx.ard
5633	1	!ard\prefabs_vehicles_trailer_K500_LOD1_trailer_K500_gate_LOD1_nocenter.Xvx.ard
5634	1	!ard\prefabs_vehicles_trailer_K500_LOD1_trailer_K500_LOD1_nocenter.Xvx.ard
5635	1	!ard\prefabs_vehicles_trailer_K500_LOD1_trailer_K500_trolley_LOD1_nocenter.Xvx.ard
5636	1	!ard\prefabs_vehicles_trailer_K500_piston1_nocenter.Xvx.ard
5637	1	!ard\prefabs_vehicles_trailer_K500_piston2_nocenter.Xvx.ard
5638	1	!ard\prefabs_vehicles_trailer_K500_piston3_nocenter.Xvx.ard
5639	1	!ard\prefabs_vehicles_trailer_K500_piston4_nocenter.Xvx.ard
5640	1	!ard\prefabs_vehicles_trailer_K500_piston_gate1_nocenter.Xvx.ard
5641	1	!ard\prefabs_vehicles_trailer_K500_piston_gate2_nocenter.Xvx.ard
5642	1	!ard\prefabs_vehicles_trailer_K500_support_leg_nocenter.Xvx.ard
5643	1	!ard\prefabs_vehicles_trailer_K500_trailer_K500_gate_nocenter.Xvx.ard
5644	1	!ard\prefabs_vehicles_trailer_K500_trailer_K500_nocenter.Xvx.ard
5645	1	!ard\prefabs_vehicles_trailer_K500_trailer_K500_trolley_nocenter.Xvx.ard
5646	1	!ard\prefabs_vehicles_trailer_K500_wheel_left_nocenter.Xvx.ard
5647	1	!ard\prefabs_vehicles_trailer_K500_wheel_right_nocenter.Xvx.ard
5648	1	!ard\prefabs_vehicles_trailer_K900_anim_dump_nocenter.Xvx.ard
5649	1	!ard\prefabs_vehicles_trailer_K900_hook_nocenter.Xvx.ard
5650	1	!ard\prefabs_vehicles_trailer_K900_loading_nocenter.Xvx.ard
5651	1	!ard\prefabs_vehicles_trailer_K900_LOD1_trailer_K900_gate_LOD1_nocenter.Xvx.ard
5652	1	!ard\prefabs_vehicles_trailer_K900_LOD1_trailer_K900_LOD1_nocenter.Xvx.ard
5653	1	!ard\prefabs_vehicles_trailer_K900_LOD1_trailer_K900_trolley_LOD1_nocenter.Xvx.ard
5654	1	!ard\prefabs_vehicles_trailer_K900_LOD1_wheel_left_LOD1_nocenter.Xvx.ard
5655	1	!ard\prefabs_vehicles_trailer_K900_LOD1_wheel_right_LOD1_nocenter.Xvx.ard
5656	1	!ard\prefabs_vehicles_trailer_K900_LOD2_trailer_K900_LOD2_nocenter.Xvx.ard
5657	1	!ard\prefabs_vehicles_trailer_K900_piston1_nocenter.Xvx.ard
5658	1	!ard\prefabs_vehicles_trailer_K900_piston2_nocenter.Xvx.ard
5659	1	!ard\prefabs_vehicles_trailer_K900_piston3_nocenter.Xvx.ard
5660	1	!ard\prefabs_vehicles_trailer_K900_piston4_nocenter.Xvx.ard
5661	1	!ard\prefabs_vehicles_trailer_K900_piston_gate1_nocenter.Xvx.ard
5662	1	!ard\prefabs_vehicles_trailer_K900_piston_gate2_nocenter.Xvx.ard
5663	1	!ard\prefabs_vehicles_trailer_K900_support_leg_nocenter.Xvx.ard
5664	1	!ard\prefabs_vehicles_trailer_K900_trailer_K900_gate_nocenter.Xvx.ard
5665	1	!ard\prefabs_vehicles_trailer_K900_trailer_K900_nocenter.Xvx.ard
5666	1	!ard\prefabs_vehicles_trailer_K900_trailer_K900_trolley_nocenter.Xvx.ard
5667	1	!ard\prefabs_vehicles_trailer_K900_wheel_left_nocenter.Xvx.ard
5668	1	!ard\prefabs_vehicles_trailer_K900_wheel_right_nocenter.Xvx.ard
5669	1	!ard\prefabs_vehicles_trailer_ZPW100_LOD1_LOD1_trailer_ZPW100_attachment_nocenter.Xvx.ard
5670	1	!ard\prefabs_vehicles_trailer_ZPW100_LOD1_LOD1_trailer_ZPW100_nocenter.Xvx.ard
5671	1	!ard\prefabs_vehicles_trailer_ZPW100_LOD1_LOD1_trailer_ZPW100_thill_nocenter.Xvx.ard
5672	1	!ard\prefabs_vehicles_trailer_ZPW100_LOD1_LOD1_wheel_left_nocenter.Xvx.ard
5673	1	!ard\prefabs_vehicles_trailer_ZPW100_LOD1_LOD1_wheel_right_nocenter.Xvx.ard
5674	1	!ard\prefabs_vehicles_trailer_ZPW100_LOD2_LOD2_trailer_ZPW100_attachment_nocenter.Xvx.ard
5675	1	!ard\prefabs_vehicles_trailer_ZPW100_LOD2_LOD2_trailer_ZPW100_nocenter.Xvx.ard
5676	1	!ard\prefabs_vehicles_trailer_ZPW100_LOD2_LOD2_trailer_ZPW100_thill_nocenter.Xvx.ard
5677	1	!ard\prefabs_vehicles_trailer_ZPW100_trailer_ZPW100_attachment_nocenter.Xvx.ard
5678	1	!ard\prefabs_vehicles_trailer_ZPW100_trailer_ZPW100_nocenter.Xvx.ard
5679	1	!ard\prefabs_vehicles_trailer_ZPW100_trailer_ZPW100_thill_nocenter.Xvx.ard
5680	1	!ard\prefabs_vehicles_trailer_ZPW100_wheel_left_nocenter.Xvx.ard
5681	1	!ard\prefabs_vehicles_trailer_ZPW100_wheel_right_nocenter.Xvx.ard
5682	1	!ard\prefabs_vehicles_train_LOD1_LOD1_train001_nocenter.Xvx.ard
5683	1	!ard\prefabs_vehicles_train_LOD1_LOD1_train002_nocenter.Xvx.ard
5684	1	!ard\prefabs_vehicles_train_LOD1_LOD1_train003_nocenter.Xvx.ard
5685	1	!ard\prefabs_vehicles_train_train001_nocenter.Xvx.ard
5686	1	!ard\prefabs_vehicles_train_train002_nocenter.Xvx.ard
5687	1	!ard\prefabs_vehicles_train_train003_nocenter.Xvx.ard